listing_id,offering_type,city,property_type,actual_price,predicted_price,residual,predicted_type
CWSPKKVPDA1FBA4V7N9N96MZNR,Buy,Giza,Apartment,92817.679558011,43448.71,-49368.968620511005,
XQ4Y0XBM3ASHQ4F03DR93Z02G8,Buy,Cairo,Apartment,91758.064516129,83352.18,-8405.884828629001,Rent
FDNNC2D667D8MGQQG1BBNJ5SDM,Buy,Giza,Townhouse,46999.99999999999,42571.19,-4428.808593749993,
BF9Y2JC769AB7R2SY4MNTA7MWR,Buy,Cairo,Apartment,35333.33333333335,31036.125,-4297.20833333335,
CCNFZCT96069ZW4J5TD2H69JRG,Buy,Giza,Apartment,29428.571428571417,31909.834,2481.2625558035834,
XRBQTTARMT52MKGME49KWSHVMG,Buy,Cairo,Apartment,59047.61904761906,45004.05,-14043.56826636906,
5AZ2RR8MGVEQ5FM2DZ797QBH4R,Buy,Cairo,Apartment,24844.720496894428,27879.625,3034.904503105572,
A23DQH6FFWY7R9E44700EAWKV4,Buy,Cairo,Apartment,41764.70588235297,49349.94,7585.235523897027,
EK3AAKV6D1ZS58E365EDAY6ZNC,Buy,Giza,Villa,71428.57142857146,57421.47,-14007.102678571464,Buy
01K9SK717SZW0W610K5Q0FGWYB,Buy,Giza,Apartment,22413.793103448268,50353.594,27939.800646551732,
VB2W1H2SBWPT0WC86B1KMR6RFC,Buy,Cairo,Townhouse,55357.142857142826,55836.37,479.22823660717404,
8G8HZ3SWQ2CQS0H0W6G3MY7NS8,Buy,Giza,Apartment,66666.66666666672,92606.8,25940.130208333285,
01KB5T0VSZC84CYE6HMNV16FM5,Buy,Cairo,Apartment,43999.99999999997,51506.688,7506.687500000029,
F0YTCZVD3P2AE2HJGS07RQXV3C,Buy,Cairo,Apartment,16999.99999999999,21006.24,4006.240234375011,
FWTSS8YBV233GSN5RP4GZNTAW4,Buy,Red Sea,Chalet,103703.70370370381,118714.875,15011.17129629619,Buy
D6JZV8BZB4AM4PGY299YT9T6DC,Buy,North Coast,Chalet,100000.00000000004,70989.78,-29010.218750000044,
RDV6DHFG1YCFY1BRHP7CM75NM0,Buy,Cairo,Apartment,54609.92907801414,58974.51,4364.582640735862,
D3J185D0196Z64EDNDJ1YANY28,Buy,Cairo,Duplex,36666.66666666665,31641.125,-5025.54166666665,
ZQ341YXR254GTE1NV2FZM1MPG8,Buy,Giza,Villa,45714.285714285696,42474.55,-3239.7349330356956,
B5A2GQB1R0SA6MVTBBS6HXE6GC,Buy,Giza,Apartment,39766.08187134501,45478.4,5712.3165661549865,
7NB2RADJK61987R7M1NJNHZF0C,Buy,Cairo,Apartment,33478.26086956519,35213.14,1734.879755434813,
GZ7W0JQR4MTPBDA7VAA8A8YFRG,Buy,Giza,Apartment,159999.99999999997,149413.6,-10586.40624999997,Buy
ERTBWYJDW2NZVV4797KZMN4718,Buy,Giza,Apartment,64297.21656050956,52133.926,-12163.290779259558,
00QC62RY5B7TBN7JYTR4MF0AV8,Buy,Cairo,Apartment,31428.571428571446,42814.47,11385.897321428554,
5SNQW36SFHNKDW0MWSC5JMKKGG,Buy,Alexandria,Apartment,27083.333333333343,25545.152,-1538.180989583343,Buy
BXMMYG6TDQBF4VJ76HXHXXC3RR,Buy,Giza,Apartment,15873.015873015873,16457.436,584.4196738591272,
HWDF6SBE9PYNPWF8B02G3MZXVG,Buy,Cairo,Penthouse,71400.00000000003,68070.766,-3329.234375000029,
WQSXP24PY94CM5F6WGZGR1GH5C,Buy,Giza,Apartment,59701.49253731345,70567.49,10865.999650186553,Buy
A24JQ6JY6PBCD6CWH490SWQ3Q4,Buy,Cairo,Apartment,73684.21052631577,40381.723,-33302.48787006577,
MQXG3BEYZJWQC3K3XS8NNQWAN0,Buy,Giza,Apartment,38152.61044176704,35793.035,-2359.575285517043,
Q33FXKJPG9H0NVFNAT9TK3302G,Buy,Giza,Twin House,51785.71428571425,48215.418,-3570.2963169642535,
HJ6DWB9GBG8QTVRG018KX4YDQ0,Buy,Cairo,Apartment,32544.37869822486,48097.16,15552.78145802514,
ZWYXYZK4ZZNRT207NFSBMQJC0C,Buy,Cairo,Villa,37647.05882352943,48948.383,11301.323988970573,
ANQN1YSMVPY55JKS5NYSK80PS4,Buy,Red Sea,Apartment,66000.0,71542.61,5542.609375,Buy
7FNHE58K2BA5J6HSH6NA6F5H2R,Buy,Cairo,Apartment,60078.124999999985,61880.83,1802.7031250000146,
RW0PYMETQFYPG4W0FVKG1JA61M,Buy,Cairo,iVilla,69686.41114982574,48639.395,-21047.01661857574,
3WMFMJ5MVNGJJS0MJPBMADYQWG,Buy,Cairo,Apartment,33749.99999999998,72424.95,38674.95312500002,
Q971AHYQJ3SWJK13WAX02JBVP8,Buy,North Coast,Villa,105882.35294117639,104316.15,-1566.2045036763884,
K93K8H7H1EZAP956S6C8S979VR,Buy,Giza,Apartment,55319.14893617024,58147.457,2828.3080950797594,
M3FHEBCK7AB67KK756VMHWZ1SM,Buy,Giza,Apartment,42750.00000000001,54443.69,11693.691406249993,
00EMFD7YWQDY3N0XYN5WAWEC7C,Buy,Giza,Apartment,38571.42857142859,48626.547,10055.118303571413,
DV7XKPRPTQV746JZ3XC9BD5PEM,Buy,Giza,Apartment,80102.04081632657,73213.94,-6888.103316326567,
GGPJNNMF84GZB0A87JXZMNJEDR,Buy,Red Sea,Apartment,98148.1481481482,96968.984,-1179.1637731482042,
5QRN8H842T7GAC4FG619ZZ3TW4,Buy,Giza,Apartment,26590.9090909091,39881.266,13290.3565340909,
TQY8MFSEZCCZV9S9SQ9X3XT7CC,Buy,Cairo,Apartment,70967.74193548383,69131.8,-1835.9450604838348,
42CGZMJF4Y61VH6351N292S56C,Buy,Cairo,Apartment,82320.00000000004,54206.35,-28113.648437500044,Buy
AD92FYCHV3NQAN7BDD27FMBFYG,Buy,Red Sea,Apartment,60000.000000000015,45982.6,-14017.398437500015,
2SKYCBH51NQPRS59RBAYB71KY0,Buy,Cairo,Townhouse,43275.84937238491,58269.418,14993.56859636509,Buy
T5DW0915X8FGJXDTWQMJAZZJ4G,Buy,Giza,Apartment,75163.39869281046,42776.797,-32386.601817810457,
6Y2H38PJWYHSSTAJM5KAAT6BB0,Buy,Cairo,Apartment,60975.60975609759,57509.316,-3466.2933498475904,
8RE44ACR0YQJWBR0XZDEAFAGYR,Buy,Cairo,Apartment,28000.00000000002,33875.348,5875.347656249982,
2V6G6KKGW6JVAD8RTNW4ANDZP4,Buy,Cairo,Apartment,72674.41860465119,59022.395,-13652.02407340119,Buy
XVH22VQA3GXMNY47S273KRXX04,Buy,Cairo,Apartment,75900.70921985812,59515.62,-16385.088126108123,
K89X5CB956QQA4ERQ0AF0D8V6G,Buy,Giza,Apartment,33232.62839879152,36597.375,3364.746601208477,
TY524VNGCNVVB6863TGNJ35C3M,Buy,Cairo,Apartment,98070.98765432106,77243.3,-20827.690779321056,
9M3B9MQVGVPNSBXH78M8D0VH4M,Buy,Giza,Townhouse,29605.26315789472,64274.227,34668.96340460528,
ZNYW2F47PQMHA1YMKF53G60V3M,Buy,Giza,Apartment,44025.97402597402,64056.68,20030.70566152598,
AFBWWX0A1N8T326685NQ9Y84H4,Buy,Cairo,Apartment,35151.515151515174,44661.016,9509.500473484826,
EE08H2QV9YPDV98PPDC3T70GQ0,Buy,Giza,Apartment,80000.0,107101.75,27101.75,
AFF93EX0JMPNXG7CPJJKJDTZVG,Buy,North Coast,Chalet,54216.86746987951,108612.766,54395.89815512049,
ZBEXXW0TAC9CS6PMZA0XNFS9PR,Buy,Giza,Apartment,41935.48387096778,64569.805,22634.32081653222,
R1C8TBVNGRTTZBKHY67XXMS450,Buy,Giza,Apartment,83428.57142857136,83913.68,485.10825892863795,
TRGN3B73QBM89HPPNQPK7J50ZG,Buy,Giza,Villa,68729.11262798631,60989.688,-7739.425127986309,
BEA15CK40ZESMPGAAE9J32SQQR,Buy,Alexandria,Apartment,33076.92307692308,43503.566,10426.643329326922,
SCHA9DYKYS1RQ50ZAEX0PNZ8JR,Buy,Red Sea,Apartment,72599.99999999999,68826.82,-3773.1796874999854,
FRDMN3JYPS56B8APRR66JT9VXM,Buy,Cairo,Duplex,53554.50236966821,64417.33,10862.825755331789,Buy
DWZNZBWBP92A64JWQZNQY0TQ0C,Buy,Giza,Apartment,75000.00000000004,153112.58,78112.57812499996,
A9KXT2MZBTB10BX14779K0N01R,Buy,Cairo,Penthouse,73076.92307692303,85857.14,12780.217548076966,
QRZQERRK5BXA2054RATWQK04FC,Buy,Cairo,Apartment,38961.03896103897,33577.535,-5383.503804788968,
P2BBJHA2VKV52QY24GN2A03K64,Buy,Cairo,Apartment,79651.1627906977,76592.56,-3058.6002906976937,
BXT2S8FY6B8Z54S440TEFMFDK8,Buy,Giza,Apartment,50000.000000000015,73648.125,23648.124999999985,
JJWEWA715TVSGYFJR2JK2KMB7G,Buy,Cairo,Apartment,40476.19047619048,49710.832,9234.64155505952,
QA7DHSGKCKXVW6M183ZEWFD2Y4,Buy,Cairo,Apartment,61249.99999999997,66838.04,5588.039062500029,
ZBMXVS6D0EC1RXQB22FDW8CC9R,Buy,Cairo,Apartment,61536.00000000003,49195.25,-12340.75000000003,
15XHM5BCBP84VG2EG4YKYERB1G,Buy,Giza,Villa,120000.00000000004,155226.67,35226.671874999956,
BGS5FSZ6WXK6FTWZAYFVVZM80W,Buy,Cairo,Apartment,105468.75,81873.234,-23595.515625,
SJ9SPFHZWVGV1KQ9DEWEHJT4QW,Buy,Giza,Villa,51300.000000000015,34550.418,-16749.582031250015,Buy
1DBC4PEQ8QJ0C7HYZEXK1VBBDC,Buy,Giza,Apartment,35750.000000000015,77777.44,42027.437499999985,
BBADEP5TJA5KDQVHFA6ZTGNACC,Buy,Giza,Apartment,133000.00000000012,113533.94,-19466.062500000116,
VZAKPKETPGJ5AN492C5MSR3DNR,Buy,Giza,Apartment,14999.99999999999,22543.787,7543.787109375009,
9NNFMG01XD6NEVT2YMN89JCVQ4,Buy,Cairo,Apartment,39000.0,47366.777,8366.77734375,
AAPKH0CQES3XQBDQJTFDC50W70,Buy,Giza,Apartment,68181.8181818182,57873.05,-10308.767400568206,
09H3RH8MT9TMF8JPVA7A3JGMP0,Buy,Cairo,Apartment,85714.28571428568,72707.52,-13006.762276785681,
Q7734RXJKH5F5ZBNRQH5MBJG74,Buy,Giza,Apartment,177000.00000000006,190407.16,13407.156249999942,Buy
TDB7D821GBZ7YY4ZJRW7ZAZ8XW,Buy,North Coast,Chalet,59646.341463414676,61515.957,1869.6155678353243,
E37VCRGYYA5SPQ1JFS55TRCZD0,Buy,Matrouh,Apartment,48400.00000000001,74432.46,26032.460937499993,
E1RPKYBXAB1W7ASH26CVM3G3ZM,Buy,Giza,iVilla,47202.79720279722,42263.26,-4939.535484047221,
0TCCFSGTGKDMD82K2T9TWVQ8ZG,Buy,Giza,Apartment,96455.17241379303,27394.914,-69060.25835129303,
BQ8DTFACV6281GM2Q75CJ112ZC,Buy,North Coast,Townhouse,257200.0000000001,128640.016,-128559.98437500009,
8MRM62R2PDZSRKGYHAYQ2WYRTM,Buy,Red Sea,Apartment,55000.00000000004,54550.39,-449.6093750000364,
QQ6P7C5K7KA0FN0M5H3MMPM6P4,Buy,Giza,Apartment,36637.93103448275,36361.254,-276.6771282327536,
9XFS72Y852QFM2TZQ85AXSMYMM,Buy,Cairo,Apartment,39880.952380952396,46261.52,6380.567150297604,
T6GH1XBCHE87BG2P5Q947GATJR,Buy,Cairo,Duplex,20714.285714285732,29144.672,8430.386160714268,
1STPX2YVW8HSFKP66B3YVKT03M,Buy,Alexandria,Apartment,38770.588235294155,47021.336,8250.747702205845,
01JRSPFFHMCPJRQDJ3GNTY5RZF,Buy,Cairo,Apartment,47619.047619047604,35034.13,-12584.918712797604,
D82TMBEC1QSCXZBSZE0NZ10QVG,Buy,Cairo,Apartment,40853.65853658537,34317.848,-6535.810880335368,
9VTCRVWVZ1366YJWM715ZQ20RG,Buy,Alexandria,Apartment,43851.285714285696,42722.695,-1128.5904017856956,
PY8CCC443Z3QCY91J4BNMG1B3G,Buy,Giza,Apartment,95178.5714285715,85408.95,-9769.618303571493,Buy
00XA6XSTWGZXYHG4Q57498TJ0R,Buy,Giza,Villa,48947.36842105265,50609.19,1661.822985197352,
89T888JSYVK43N8VAX9N7N4FGR,Buy,Cairo,Villa,36538.46153846153,41360.47,4822.007211538468,
F4CCDK363P2GFGR1JY60NM921W,Buy,Cairo,Townhouse,18999.999999999985,22749.012,3749.0117187500146,
TMDF5Q3Z7MCG9K813HA8GDJ070,Buy,Giza,Apartment,23021.58273381295,26803.66,3782.0774224370507,
S7VEXKKNDT489K14YCV1G5NFJ8,Buy,Giza,Apartment,110753.42465753431,79754.82,-30998.604345034313,
TE0SRYXRPN2S68VBMVSCZHVF50,Buy,Cairo,iVilla,41106.71936758892,43316.562,2209.843132411079,
ECSPJ0E9DKKAKJEF48ZZPTDZQG,Buy,Giza,Penthouse,55539.90610328639,52848.934,-2690.97250953639,
01JVQ7QDJZED4VHQ824TKSM8WE,Buy,Red Sea,Villa,80965.90909090916,65419.355,-15546.553622159161,
YY28BYM2Z5YHQXBPW2E5ENE4KM,Buy,Cairo,Apartment,98160.91954022982,101706.24,3545.322647270179,
TMG746RQP1ARYFQAWF6M5ZQYQG,Buy,Cairo,Apartment,42500.00000000003,77534.086,35034.08593749997,
FY5PVJP67Z2JGS16BDCB8QDKG4,Buy,Cairo,Apartment,36923.07692307694,30766.588,-6156.4890324519365,
X047A300TPWWAKY8SDCNABXW48,Buy,Giza,Apartment,141777.77777777787,108047.02,-33730.75434027787,
92GC5T0MTC433NX1WD469A8M4M,Buy,Giza,Apartment,25316.455696202527,37841.11,12524.653678797473,Buy
7Z5DH3C3EJNMJPGGC8STG20H6M,Buy,Suez,Chalet,55555.55555555561,69743.68,14188.124131944387,
V3R7NT6H6KRXMCPFJXC44TS35W,Buy,Cairo,Apartment,93333.33333333336,50036.55,-43296.78255208336,
VNW2HV6RPVW3WFE7N4VWQCQZJ8,Buy,North Coast,Chalet,134999.99999999997,139229.14,4229.140625000029,
01DGTDKBXSHSKP284PH2PHK2VR,Buy,Giza,Apartment,96855.85585585584,49067.473,-47788.38319960584,
Q2NB16F31MY06MZN2HYCFA5N8M,Buy,Giza,Apartment,43630.573248407614,58756.188,15125.614251592386,
C18JGQYSS5EZEJER36ZZE4X248,Buy,Giza,Apartment,37360.17241379309,43716.97,6356.796336206913,
1VHG636ZNPTDGTJ418DWZAFRKC,Buy,North Coast,Apartment,92256.00000000004,73455.36,-18800.640625000044,
4FB8D48S5NG33KQHWY059K52P0,Buy,North Coast,Chalet,46547.008547008525,63158.836,16611.827390491475,
XRQB9DXHVGR9T150JD9D8K0AJR,Buy,Red Sea,Apartment,86761.19402985071,75436.375,-11324.81902985071,Buy
NW6EJBEB1M2415GTPR7JCESB4G,Buy,Cairo,Apartment,76973.76847290636,75440.98,-1532.7919104063621,
V0PHM356X0XN28Y1WQRBRVCFFR,Buy,Cairo,Apartment,95679.01234567909,80798.53,-14880.48109567909,Buy
SP2CCTZGGWV5Z471AY8HC2M6AC,Buy,Cairo,Apartment,35519.12568306012,30937.775,-4581.35029243512,
JZBG1TSTGP14XNKEV99A5PM3TR,Buy,Giza,Penthouse,45197.74011299439,42064.297,-3133.44323799439,
HNVGZR1CV8E9HCT8Q1J61WZ9PM,Buy,Giza,Townhouse,99840.0,116777.31,16937.3125,
35QS66V2ABNF5RH85ZA8NGXM20,Buy,Giza,Apartment,30357.142857142877,33684.02,3326.876674107123,
4RZSEW38W653JQ5YG9ETJH2VE4,Buy,Cairo,Apartment,55107.526881720434,54573.81,-533.7182879704342,Buy
CE2DG7G5SYP03DTGNMSQC5TVT8,Buy,Cairo,Apartment,120967.7419354838,46075.094,-74892.6481854838,
C2X4P4RHSNMW4RSQHXNVH2X00C,Buy,Red Sea,Chalet,87179.4871794872,94513.87,7334.3800080127985,Buy
AMMXEWZQWX5147TSJAFSK0VJJW,Buy,Cairo,Townhouse,56818.18181818177,40450.254,-16367.927911931773,
NY3RF9F3P6FC9TPRNH06YPE2Z4,Buy,Cairo,Apartment,79311.1111111111,49986.516,-29324.595486111095,Buy
8WW3WBEGD1N6E9PB3PH48M147W,Buy,Cairo,Apartment,25000.000000000004,28879.521,3879.5214843749964,Buy
8C0QEASH2QHK66PC0BH0KNR8KG,Buy,Giza,Apartment,94508.7719298245,75673.875,-18834.896929824507,
4EMCME52VGY36181FRA2QH99GC,Buy,Suez,Villa,55000.00000000004,60971.66,5971.660156249964,
EE9QJB333GWD44NFQ64000B8MG,Buy,Giza,Villa,59061.9047619048,49368.867,-9693.0375744048,
ASWEZEV7K5B4A38MX4C2XTBK3W,Buy,Cairo,Apartment,36250.00000000002,35075.92,-1174.0781250000218,Buy
3PDB05KX15VGHMTG33AQXZ938M,Buy,North Coast,Chalet,57000.000000000044,57171.965,171.96484374995634,
ZGXQS328A2RG65GCFET2K391WW,Buy,Giza,Apartment,39215.686274509826,54489.04,15273.352787990174,
9ZVPH1E3Y8V2WH28BN3JWNRE6W,Buy,Giza,Apartment,44999.999999999985,33529.79,-11470.210937499985,
7TCKB1NPEBQ6KME2N11BT1FBSC,Buy,Giza,Apartment,195000.00000000006,166118.55,-28881.45312500006,
3XHKH9EGK1ZANX0DTFJJD22C54,Buy,Giza,Twin House,82500.00000000001,77708.79,-4791.210937500015,
BVH4F10WEWS786CJYGXBD3W0AM,Buy,Cairo,Apartment,53333.33333333335,56440.66,3107.3268229166497,
BTQV9ZQCCR4QZPVFP5F7P98YAG,Buy,Giza,Apartment,24489.795918367363,23955.178,-534.6181839923629,
P2C36YK61497TZ9ANMQSNJ6ZXC,Buy,Cairo,Apartment,17894.736842105252,29942.195,12047.458470394748,
P2DE70WGMXP339NC4S3PAD38WW,Buy,North Coast,Chalet,101626.01626016255,89948.22,-11677.797510162549,
K0QE5E4C51PBKW0VFT5QWR9P18,Buy,Giza,Villa,50448.27586206894,35958.945,-14489.330549568942,
R5T3XAB9Z1B2M1NSWE8JGDV1JW,Buy,Cairo,Apartment,64500.000000000015,54782.965,-9717.035156250015,
7AX1DWAZB5JAYV0AWVXDZWSGGW,Buy,Cairo,Apartment,116000.0000000001,100699.79,-15300.210937500102,
W56SKHSPFKJ0JEFT2TQHQ562CR,Buy,Cairo,Villa,205000.0,201026.67,-3973.328125,Buy
B08E93E1Q6V6DVWPZHCVD3WWJM,Buy,Giza,Apartment,60000.000000000015,47543.28,-12456.718750000015,
SM2PBAWCZH3BD8JV5XNA3M6JNC,Buy,Cairo,Apartment,30954.553030303006,31564.691,610.1383759469936,
QES2YMX9TP8ZFCX2KM4MP5WF5R,Buy,Giza,Villa,299999.99999999977,248309.86,-51690.14062499977,
W7FYMYHJKE43K9AX5T8NACA88C,Buy,Red Sea,Chalet,98148.1481481482,102006.11,3857.961226851796,
ZQ9GQNH2S3WWR1T3CG5PFSWRNC,Buy,Cairo,Townhouse,59411.7647058823,52124.83,-7286.936580882299,
CPWZV85HH8P6YADKCQ1RBD79TW,Buy,Cairo,Apartment,51851.8518518519,50299.887,-1551.9651331018977,
F5SG6VXF1A53KCEYAJCT4E463M,Buy,Giza,Apartment,299999.99999999977,143004.56,-156995.43749999977,
F9T5H83D06MHXYJPSJCNFQGC3M,Buy,Cairo,Apartment,30400.000000000025,41247.73,10847.730468749975,
H6Q31PCYMZPHAPEP7GV280N978,Buy,Cairo,Apartment,30555.555555555577,35557.188,5001.631944444423,
Y4A1CET8JG5VQKJQGG4J947ZE4,Buy,North Coast,Chalet,75590.55118110236,82132.41,6541.855068897639,
ET7J2TMP2A35ZM0QJ0TFT5T2A0,Buy,Cairo,Apartment,76470.58823529408,79731.7,3261.1148897059174,
9RR30ZGZ9P7VB2A09GKJ0RTDBW,Buy,Cairo,Apartment,88888.88888888886,88077.73,-811.1623263888614,
BHMQP9W172Q76MDGDDSKT4G9NG,Buy,Cairo,Apartment,52226.66666666666,47153.77,-5072.897135416657,
VKG6WK79XWFGY98ZKPXG1ZNH88,Buy,Cairo,Villa,17999.999999999993,36046.57,18046.570312500007,
W62QSCGX0ZNSX38AC93T1APX9G,Buy,Cairo,Apartment,63999.99999999997,71106.52,7106.523437500029,
P3ZKKWG77K76W3D2X2Q0ZGGB98,Buy,Giza,Apartment,33870.96774193551,38119.33,4248.360383064493,
8VCPH1X2RWSYAJNXK6E7BJRFJR,Buy,Giza,Apartment,249999.9999999998,115498.836,-134501.1640624998,
0PJ4N0EQYYPNTF359TP8KAFWA8,Buy,Cairo,Townhouse,50188.67924528306,42716.34,-7472.339401533063,
Z520JHTZ7BFBYEWD9DE9DEG2AM,Buy,Cairo,Apartment,56461.53846153849,61174.117,4712.57872596151,Buy
0RAYRX2A74NW4BN7H1BJ4730YM,Buy,North Coast,Apartment,70967.74193548383,55890.5,-15077.241935483835,
VTCNS1JS22Z76RNZY419YEK828,Buy,Cairo,iVilla,80000.0,92630.38,12630.3828125,Buy
YT2SJGDF418WMEF7YBAA6KPGWM,Buy,Cairo,Apartment,46332.046332046295,44325.29,-2006.757269546295,
SW4P7V5KBNNC1PF2DEACYJW59W,Buy,Cairo,Apartment,36956.52173913042,38358.85,1402.3298233695823,
DTFGFKVKN90XN0H8FM04HB643R,Buy,Giza,Apartment,33163.26530612243,39395.203,6231.937818877574,
7PZP6ED5D3VHETPQZN0BXCAQDG,Buy,Cairo,Apartment,85858.58585858578,78791.82,-7066.765546085779,
KZ3PDKXK7FW76FX5TP799T8TV4,Buy,Red Sea,Apartment,57000.000000000044,52159.39,-4840.609375000044,
7J7VQSV4XG3PZBZFC8ZW8Q91ER,Buy,Cairo,Apartment,41439.999999999985,41203.26,-236.73828124998545,
2FX9KCHY91BN7P8BSENZADNN58,Buy,Suez,Chalet,59677.419354838676,72135.164,12457.744707661324,
Q09F9HRS929ZP39AH3TF34N9EM,Buy,Cairo,Apartment,49107.14285714285,49560.016,452.8727678571522,
VA5C5F8XNRC7MZ84DBKK18VG48,Buy,Alexandria,Apartment,33170.73170731708,39687.57,6516.838605182922,
Z68TDHKJ36E7N62PD9FZST4N2G,Buy,Cairo,Apartment,40909.09090909092,46275.86,5366.768465909081,
VSDBYQVK6W8TQMCZPSEB47VSSC,Buy,North Coast,Chalet,152597.01492537328,157179.92,4582.906949626718,
PDTZ26VPYV9BWMZ03JAG0E7G0R,Buy,Cairo,Twin House,53333.33333333335,52783.15,-550.1848958333503,Buy
Y5TBFVZ45E7SN2FM8FBE6ZQA78,Buy,Cairo,Apartment,44999.999999999985,55464.117,10464.117187500015,Buy
CBW6FF3PDKCDF76R2WSZ3RM684,Buy,Cairo,Apartment,55555.55555555561,54447.375,-1108.180555555613,
1T77FK5P1C1MA5CGBT26VX43RG,Buy,Cairo,Apartment,90000.00000000001,89787.86,-212.14062500001455,
SKG3KH2WCD315507149G8P0JVR,Buy,Cairo,Apartment,32894.73684210526,47973.926,15079.18893914474,
11RV2HDHS7ZCVKAVGG831RATTG,Buy,Giza,Townhouse,51470.58823529413,58167.535,6696.9469209558665,
B05P3K4ZPY89X1YY99GE8WAV3G,Buy,Cairo,Duplex,36553.03030303029,61273.438,24720.40719696971,
JNQSZR6YVWEFXE3V6ABKE7XD38,Buy,Cairo,Duplex,299999.99999999977,69486.484,-230513.51562499977,
Y8F12KQRABYS50S21KQACYMV3M,Buy,Cairo,Apartment,25000.000000000004,35026.95,10026.949218749996,
V546TA0W626K8G0VN6KCFPP53M,Buy,Cairo,Apartment,50000.000000000015,57380.63,7380.628906249985,Buy
3F0ZE5YY5KPX0TRSW1AEWW8KDM,Buy,Cairo,iVilla,36956.52173913042,38810.582,1854.0602921195823,
Q3VEWPJRZK9BKHSYTKBWT0NG0R,Buy,Giza,Apartment,32592.592592592602,33649.855,1057.2628761573978,
MTFM9SP8ZSCC85BX4ZHD457NQ4,Buy,Giza,Townhouse,78468.49999999994,70585.53,-7882.968749999942,
DVK8QVDPCS4F7Z5JGZXNZA6HBR,Buy,Cairo,Apartment,51204.81927710846,56060.098,4855.278379141542,
77XVF2BGF9HD7AXZCJ5869X57W,Buy,Cairo,Duplex,36730.76923076922,38877.004,2146.2346754807804,
PTZR0QJ21015E5KGHXR3YTH3MG,Buy,Cairo,Townhouse,35745.463636363624,37549.2,1803.7355823863763,
C85XMXHKVMDVTKW7FZ5M6XMDHW,Buy,Cairo,Apartment,143750.0000000001,64887.72,-78862.28125000009,
Y5HCD7DDXQ2TQ6KH9WQX6PYY40,Buy,Giza,Villa,174999.95000000004,207396.9,32396.95624999996,
Z8QCYT2A5VDADYQ0JGFCSV50P8,Buy,Cairo,Apartment,48153.153153153195,53298.094,5144.940596846805,
SVVGFTXQ3V9WGJ3H034WAGH5MG,Buy,Cairo,Apartment,72444.44444444441,78509.12,6064.672743055591,
E6Z8ADDWZYYJPSQ546WTHC9PHG,Buy,Cairo,Apartment,29999.99999999999,29860.238,-139.7617187499891,
BVSWHM4K6V3AF9KFKGR1CDA99C,Buy,Giza,Townhouse,90000.00000000001,52457.707,-37542.292968750015,
S2C48STXPXY16SFSBA3V40C8CW,Buy,Giza,Apartment,124999.9999999999,147959.73,22959.734375000102,
RYA4WZBNZZWGXSFZ44RFZHVP4G,Buy,Cairo,Apartment,66879.31034482755,59987.91,-6891.400188577551,Buy
CBTQ0DRWX9QBAZM8WBNK467Y54,Buy,Cairo,Apartment,37327.27272727274,48323.69,10996.418678977258,
E0G6YNY5VTHF031KAH8FFNQ2GR,Buy,Giza,Apartment,43000.00000000002,42781.0,-219.00000000002183,
N729189VZ3G9A0EQJB4H4D3CHG,Buy,Giza,Apartment,15873.015873015873,17774.135,1901.1188926091272,
K1M4TMVWE3P38RBR6TYQWRD688,Buy,Giza,Apartment,124999.9999999999,142947.3,17947.296875000102,
B5XYPRKW538R6CV7WE02657VB0,Buy,Giza,Apartment,39024.390243902446,37085.58,-1938.812118902446,Buy
3GNZTJN99BFJEZVPBNQJYQ4GG8,Buy,Cairo,Apartment,41079.812206572744,47685.64,6605.828418427256,Buy
G5S2F36BSHPR329BPNXTQ2GMA0,Buy,Cairo,Apartment,25714.285714285696,28194.502,2480.2162388393044,
EWNMNPAFPV28X8F0X3YJ5GQ6S0,Buy,Giza,Apartment,46666.666666666686,38443.707,-8222.959635416686,Buy
MTXZJ02BA61PBYEGGTXDKSKJQR,Buy,Giza,Villa,35460.992907801396,50649.94,15188.948498448604,
96AMWYMTNV6ZASQYEYPSCVFN5G,Buy,Giza,Apartment,63333.3333333333,50402.312,-12931.0208333333,
ARRQYR40AR4FWW3WJP0CJP59G8,Buy,Cairo,Apartment,49486.58750000002,60596.023,11109.435937499977,
VW0NHBG5GKTT4ZGGXJXNCJ2XSR,Buy,Giza,Villa,199999.99999999997,180951.42,-19048.57812499997,
E56XNEWKNPNZPCC2TJFQQEPAF8,Buy,Cairo,Apartment,86315.78947368423,54934.062,-31381.726973684228,
G90KMCXHW1TBQTTB3GV0MXVD1C,Buy,Giza,Apartment,41071.42857142854,41294.57,223.14174107145664,
YCF6M656FGHZWKBVME3XM8JZWC,Buy,Cairo,Apartment,50675.67567567572,38479.4,-12196.277238175717,
HHCN40KEBC9GCVXDJDMNPTBPQ8,Buy,Cairo,Penthouse,60546.875,63780.965,3234.08984375,Buy
DHA230WCW5BN6MKTTSVP9C7BG0,Buy,North Coast,Apartment,37500.00000000001,37047.47,-452.5312500000073,
W8SPF4RBA5VZ6E8MSQE36Q50JW,Buy,Cairo,Apartment,37058.82352941176,43070.883,6012.059283088238,
F6WNNQX8M4FX421WPMP69J8YZR,Buy,Red Sea,Twin House,112303.3707865169,111600.98,-702.3942240168981,
6FFKVF4HQQC5DMFP62HG6CK7VR,Buy,Cairo,Apartment,26285.714285714294,30876.377,4590.6626674107065,Buy
HG78J133GRQHA8PH1HGVWVBY5W,Buy,Suez,Villa,50000.000000000015,60485.227,10485.226562499985,
B0E7HARJWT4NH904M46R0Q0ER4,Buy,Cairo,Villa,40622.3175965665,54878.137,14255.8191221835,
9NT95A32RDRKEF98FD9GQVCRQ8,Buy,South Sainai,Chalet,35000.00000000001,42891.668,7891.667968749993,
SYZRS66R15ZBY0T3Q87WDNE1HR,Buy,Cairo,Apartment,37864.07766990293,30720.35,-7143.72806052793,
S6WSWPWD5B8KKX5X3GCF4QGD1M,Buy,Cairo,Apartment,31111.111111111128,30758.197,-352.9138454861277,
M939ZTYWDM8ENBPN2MPAAQFHAC,Buy,Cairo,Apartment,34374.99999999997,40789.336,6414.335937500029,
35GAMJ508PMXWR4TNWCB6889AC,Buy,Giza,Apartment,64220.183486238566,49239.184,-14980.999892488566,
DE48TBBY57PM2QM8847XHN328M,Buy,Cairo,Villa,40000.0,48457.11,8457.109375,Buy
1HB53SK5WD4T8NCCCB2CBAZPR0,Buy,Giza,Apartment,33851.351351351324,48349.832,14498.480679898676,
RJPHMPDM82RX6NETD3HJV5GQ9M,Buy,Cairo,Penthouse,34351.14503816797,28136.48,-6214.664569417968,
5CR5AG05V7WM1HFFTR00Z0BEEW,Buy,Giza,Apartment,23846.153846153855,37185.133,13338.978966346145,
PNCJ6SCZAWE0KC3CA73HHNBDX0,Buy,Giza,Apartment,270000.00000000006,213032.58,-56967.42187500006,
SGBMN2CJKNN7SF7MK99CR7YA6W,Buy,North Coast,Chalet,85217.39130434777,95471.06,10253.671195652234,
JVQ2B1B95G4N09MVMCCE785V28,Buy,Cairo,Townhouse,85749.99999999994,83669.16,-2080.843749999942,
DGY28YWJ7GK3YA0WC4V9XJ0CWC,Buy,Cairo,Apartment,28064.516129032236,46111.27,18046.753402217764,
MHZX6MNWXDJ4BXT70BYM8MWMVR,Buy,Red Sea,Apartment,62349.99999999999,53300.688,-9049.312499999993,Buy
B3DG4BP4C35Q1CC27P6DP1S3W0,Buy,Cairo,Townhouse,20000.000000000015,25360.012,5360.011718749985,
W0PT5HZ4T04D5PFF00PJYE98FM,Buy,Cairo,Apartment,39758.06451612903,64327.637,24569.57220262097,Buy
R63QEQ42N2EJRHYNMA1V564HA0,Buy,Red Sea,Apartment,69880.56375838927,72907.7,3027.1393666107324,
BQFRXHJ7KGQ4R0JVHH3D314ZY0,Buy,Cairo,Apartment,78097.3451327433,80238.586,2141.2408047567005,
46BTFHFDV6K6Y1W1S0BBZH071C,Buy,North Coast,Chalet,99000.00000000004,84465.27,-14534.726562500044,
1V8DKZ2KQQA2HN0HB31JQNNB0G,Buy,Giza,Apartment,23529.411764705885,25313.86,1784.4476102941153,
KT40C7ATM5EPZSDEMKR1RHY7H8,Buy,Cairo,Penthouse,35000.00000000001,30188.24,-4811.759765625007,
7NBMSY8EVE0M0GG1REEPEV90VG,Buy,North Coast,Townhouse,63811.764705882386,84568.445,20756.680606617614,Buy
4ZT6XWFQ2V1PW8C7DHR3AFHWE4,Buy,Giza,Twin House,59288.537549407105,59111.74,-176.79926815710496,Buy
3MJ86SF9YFBMS5NQZ34H9P3T04,Buy,Cairo,Apartment,23999.99999999999,25723.18,1723.179687500011,
1MNRBXE2GSYHQP1MR09BHZG320,Buy,Cairo,Apartment,101587.30158730151,89210.27,-12377.02814980151,
79KRX83Q4XFSG7M27A1Q18XBT0,Buy,Cairo,Apartment,84782.6086956522,76227.914,-8554.694633152205,Rent
6CEN52NJ52PRT8DGXBJQ6WK25W,Buy,Suez,Chalet,19166.666666666675,70726.37,51559.70052083333,Buy
XC6412ZB93A1ZC876APA914ZNG,Buy,Giza,Apartment,32187.49999999998,33949.9,1762.3984375000182,
SDWFG8PTBERK1TJ0JDR088REP0,Buy,Cairo,Apartment,110077.51937984505,112382.35,2304.832182654951,
8NK7576888RABWWJH7NM5ZE1JC,Buy,Cairo,Apartment,57391.30434782611,61037.695,3646.3909646738903,
EPMZ9XAAAFZ7E90TVC5S6PJB3W,Buy,Cairo,Apartment,54796.511627906984,58872.91,4076.3985283430156,
S0EN167S7RDYSERRYQYX4X1RNR,Buy,Alexandria,Apartment,87347.82608695647,66446.79,-20901.03702445647,Buy
K9RS33KX5TVTXFE7DH62JQPTX8,Buy,Giza,Villa,54770.31802120138,43282.617,-11487.700833701383,
WXR0FAS9ERT05HCD11MKFYHPY4,Buy,Cairo,Apartment,35999.99999999998,28728.57,-7271.429687499978,
CVCBDMN9A8G2JCDGNVP6HXN0EM,Buy,Cairo,Apartment,59842.51968503934,63881.227,4038.7068774606596,Buy
6FB3GMC4V4E84Q1S9W30W40TH0,Buy,Cairo,Apartment,45394.73684210523,43590.613,-1804.1235608552306,Buy
Y02ETVRY7VNA3D5VJ265DSDPPG,Buy,Cairo,Apartment,45199.993103448236,66755.734,21555.741271551764,
63PFGTJYTE816JX29ZPVW01158,Buy,Cairo,Duplex,31020.408163265318,29773.988,-1246.4198820153179,Buy
M1C777MVNNT848Y54VXS1001SM,Buy,Cairo,Apartment,39473.6842105263,32404.104,-7069.580694901299,Buy
BKP62KGN74GSHX43G9GWKDRE9M,Buy,Cairo,Apartment,72890.70114942534,63620.035,-9270.665993175338,
A5YME8GVMGHWWSMVV81KNBC7RM,Buy,Cairo,Apartment,47580.64516129031,46198.69,-1381.953755040311,
BPNYWX5ZECM52768KEKKYADGAM,Buy,Red Sea,Chalet,103739.15887850466,112879.9,9140.739558995338,
286PY69YXS3GEEZ9DN55PBSM0G,Buy,Red Sea,Apartment,64999.999999999956,45306.62,-19693.378906249956,
1P4F6XQPQDWZ814BJW4DD1KCN0,Buy,Cairo,Townhouse,81676.13636363632,72727.49,-8948.644176136324,
SA699F1VNQK0CFTA5CGG96RMAM,Buy,Cairo,Apartment,33149.17127071822,65701.836,32552.664666781777,
8JZYXX71G5TVDE210645GTQVG4,Buy,Giza,Apartment,60178.62068965514,54115.96,-6062.6597521551375,
WAVCFHCN5R86NWEES4T2KK5MXM,Buy,Giza,Apartment,66666.66666666672,55843.99,-10822.678385416715,Buy
B6A7303FZ2A8K53EEKXZ6WZXT8,Buy,Cairo,Apartment,35999.99999999998,26985.566,-9014.433593749978,
XDFBX5G0CZ26MND30AW5NFTKGW,Buy,Giza,Penthouse,22045.45454545455,24994.797,2949.3423295454486,
RFMCQA8KRM5B3TV6GDB7XXQRGM,Buy,Alexandria,Apartment,32978.72340425531,29964.22,-3014.50270113031,
F0PMF7FB6TZ0MF1WVWMSBEV5GM,Buy,Giza,Apartment,147499.99999999997,158140.1,10640.09375000003,
RR0PJNYAQT94ZPSQCGTCP1MK4G,Buy,Giza,Villa,299999.99999999977,265193.38,-34806.62499999977,
YA875AZ7TSCNZZGB6FKH65HT9W,Buy,Giza,Apartment,24489.795918367363,28273.479,3783.682597257637,
W6P3WW0KT9ZM9EM7ADT0VS1QN4,Buy,Giza,Apartment,333333.3333333334,247562.44,-85770.89583333337,
1Q7MX715DAF6AZA6Y7CFPSQJ6C,Buy,Cairo,Duplex,85836.90987124463,75500.5,-10336.409871244628,Rent
QEF93PVN8ZFPD4M06B53A8FB20,Buy,Red Sea,Apartment,30349.650349650325,38839.168,8489.517619099675,
VW81Z5EAK3AZXDABYQ6MC3Y3N0,Buy,Cairo,Duplex,54059.90147783254,60442.555,6382.653209667456,
7HVBANJ8EFFBXRHY92XDVW9Z3R,Buy,Cairo,Apartment,36585.36585365855,30821.36,-5764.00647865855,
WRTR645GTGXZR6QK5X0J28JB1R,Buy,Giza,Villa,66666.66666666672,127197.58,60530.911458333285,Buy
FTBDW8GNW10BGV9E65SYXGG84C,Buy,Giza,iVilla,31562.49999999999,34903.0,3340.500000000011,
V9YTTFTA1832J4BCWCHXX4SEEW,Buy,Cairo,Apartment,56423.611111111146,59643.754,3220.142795138854,
MHV8F1NXXAQMJS0WBVMH8RX050,Buy,Giza,Apartment,20000.000000000015,27968.547,7968.546874999985,
F33T1XYPHR7ARGNNX69Z6HKH2R,Buy,Giza,Apartment,54268.91999999999,52327.047,-1941.873124999991,
M79X0W1YE12EXYAHNMTHMQ1S48,Buy,North Coast,Chalet,33999.99999999999,48846.676,14846.675781250007,
MH6VPWEYQDKPZ566X5C4RP43P0,Buy,North Coast,Chalet,66363.63636363635,66660.18,296.54332386364695,Buy
3A1N0XE6F3J45M5RVEK6AS761C,Buy,Giza,Twin House,194000.00000000006,146360.53,-47639.46875000006,
0KAHHAQXXV211KCBX4A6GWWMXW,Buy,Giza,Apartment,58724.83221476513,50986.97,-7737.863464765127,
6SHZW1VB7WHKER0C3QKQH2EMNM,Buy,Cairo,Apartment,60204.081632653106,67657.07,7452.988679846894,
01KB002EPEEMMFP3AV3PJ68E5X,Buy,Red Sea,Apartment,60499.99999999998,53750.1,-6749.898437499978,
VGJ33680H1SS8XE1MMG2K5ZBBW,Buy,Cairo,Apartment,20000.000000000015,41906.895,21906.894531249985,
3S7W3P82FS3QBZ89ZC9E90BAJC,Buy,South Sainai,Chalet,74051.28205128203,58934.594,-15116.688301282033,Buy
WJZPRMNNKNKPWQ1ZPBBM7KG9J0,Buy,Cairo,Apartment,42666.666666666635,63492.203,20825.536458333365,
VW0YCD4SWX8NZM22133DEM6N5C,Buy,Giza,Townhouse,66666.66666666672,66464.34,-202.32291666671517,
MDCK1A1JC9TXS5H87BRGJ4GCMW,Buy,Cairo,Duplex,43627.450980392154,54569.54,10942.088082107846,
01JTR05D4MX37PQX5R7TBFG6WP,Buy,Red Sea,Apartment,41569.49999999999,42264.875,695.3750000000073,
WXNNP95DQPVNNGHY8WVPKKX61M,Buy,Cairo,Duplex,102631.57894736835,77608.66,-25022.922697368354,Buy
6K8G4SVYYMY3CR48AY7Q3M5N94,Buy,Cairo,Townhouse,96874.99999999993,78454.33,-18420.671874999927,Buy
F1E5A4HXCCJK33F26RVTXCJ5K8,Buy,North Coast,Chalet,63333.3333333333,59265.953,-4067.3802083332994,
CQPAEJE7224EMB9CD2ZFMZ2NC4,Buy,Alexandria,Apartment,42801.55642023346,36536.207,-6265.349388983457,Buy
AEMF9D2CXSP6K0FNPF5ZP1WF04,Buy,Cairo,Apartment,75757.57575757577,81496.97,5739.392992424226,
AJY1CRPQPMK7EVEK08GFZZSPGR,Buy,Cairo,Townhouse,66894.73684210527,87747.31,20852.575657894733,Buy
4QNH9CDAWC36F9G8FQ5HXMP55C,Buy,Cairo,Apartment,36011.90476190477,32435.61,-3576.2953869047706,Buy
D2DW6S1GKFPZXT7QQRYYZWKZCG,Buy,Cairo,Apartment,38000.000000000015,32145.639,-5854.361328125015,
14KE6DK2J6QXPJXX1G8MB2574M,Buy,North Coast,Chalet,161016.94915254248,123737.58,-37279.37102754248,Buy
YKY26QGKGVZARRP98B7H0RMENR,Buy,Cairo,Apartment,56547.619047619,55399.36,-1148.2596726190022,
DP2AGEW6GQQG1G9VJM0DYMFMZR,Buy,Red Sea,Apartment,49146.19298245614,53571.035,4424.8421737938625,
B35PMBDBJPDZNXM3M5D36X0GG0,Buy,Cairo,Duplex,38990.82568807342,43971.445,4980.619624426581,
C5RG98EYA9D3RY0ERJKNTBTXDC,Buy,Giza,Apartment,98666.66666666666,81749.65,-16917.018229166657,
4WZJ43WM0CJJM59SXPV3MDQ9J4,Buy,Cairo,Apartment,40740.74074074075,38775.69,-1965.0493344907518,
5PWPZY1KZR6WXTHX84V3VT5VV8,Buy,Cairo,Apartment,60000.000000000015,51730.28,-8269.718750000015,
75EFZJAVEMMS1JCR2Q2D3NHSDM,Buy,Cairo,Apartment,57013.57466063345,57087.68,74.10502686654945,Buy
E039X1K28V9BZ1VCD057Q54BS8,Buy,Cairo,Apartment,59006.21118012419,55677.38,-3328.8322738741917,
QHKKEP7742XAXTTEQJWT26RCWC,Buy,Giza,Villa,71111.11111111108,65179.594,-5931.51736111108,
KNGNEYCP22VFC08N9B1TRCHGB4,Buy,Cairo,Apartment,36499.99999999998,36792.195,292.1953125000218,
JBFXT4YS30FDFVQAAMSJ0DN8CW,Buy,Cairo,Apartment,63636.36363636359,77912.7,14276.339488636411,
5BHFXMF3K45ZJD9BB719F2V5RC,Buy,Giza,Apartment,29999.99999999999,48751.78,18751.78125000001,
NMXNJC25BRCQD278JQRY95PQNC,Buy,Suez,Twin House,81818.1818181818,73898.17,-7920.009943181794,
MDT4GY3K08THEF9DDDS2883XAW,Buy,North Coast,Apartment,106813.90769230762,101187.195,-5626.712379807621,Buy
1XA8YNDDP3SMHX24MHZ0348XC8,Buy,Cairo,Apartment,242549.9999999999,100311.78,-142238.2187499999,
N8E9Y3M8NMT017GBVM6P8C2SHG,Buy,Cairo,Apartment,85606.06060606055,97784.91,12178.84564393945,Rent
7GFJS2T0Z4C2FJSSYFHFCZCCWR,Buy,Cairo,Apartment,180000.00000000003,130669.93,-49330.07031250003,
Q28YKXAXSS6PQNEESPGJC89B80,Buy,Giza,Apartment,42207.792207792205,37813.043,-4394.749239042205,
NP4B2MSTAYDZ101RSXH1G6XRH4,Buy,Giza,Apartment,73529.41176470592,47529.227,-26000.185202205917,
N6AX2BWQARBW8JSP9ZFHR1W3NM,Buy,Giza,Townhouse,32451.92307692307,64082.28,31630.35817307693,
089CT1560EEDJDDPR5MWSC1KJ4,Buy,Cairo,Apartment,50000.000000000015,48497.332,-1502.6679687500146,
54P3994FXSAET77DZKF33661XM,Buy,Giza,Apartment,219999.99999999983,74244.234,-145755.76562499983,
A3BQ4KH35HQQ5775QN92XBA174,Buy,Cairo,Duplex,71806.1674008811,53720.992,-18085.175213381095,Rent
36EFTCXD8Q2ZCJ6NMTAR9T3H9R,Buy,Giza,Townhouse,80975.6097560975,73663.086,-7312.523818597503,
61ZMSH4JZ4ZPKC93KGSJVAVXW0,Buy,Giza,Apartment,158666.6666666668,105178.14,-53488.5260416668,
4Q6SBB5W5ZDJ94E5JZB6M1HZ24,Buy,Giza,Penthouse,53846.15384615386,55200.637,1354.4828725961415,
7JG74YKQR9PE2Y7M2XGPH3WSV8,Buy,Cairo,Apartment,51219.51219512198,55306.66,4087.147961128023,
VPWES6N9J9TWNTSRBAMJDHA5Y8,Buy,Cairo,Apartment,24499.99999999998,27603.096,3103.095703125018,
YFT5TXJ98MAV0TX9CQRY1863VG,Buy,Giza,Villa,174999.95000000004,128397.586,-46602.36406250004,
H1W32CPB5XA0R9SBVN8GJ9P56R,Buy,Giza,Apartment,23529.411764705885,23881.361,351.9495634191153,
ZK77HSY524JFAWYKKJFDYBQWWW,Buy,Giza,Apartment,36653.250000000015,59398.758,22745.507812499985,
TNXR5AX4S6TWD4EAHKSP7P7738,Buy,North Coast,Chalet,78947.36842105266,83813.55,4866.178453947345,
RTWMBA249G9FSJ1AX870MX7GMG,Buy,Cairo,Apartment,20999.99999999998,29791.316,8791.316406250018,
RAJX5WFC72DN6FXZ6VK5YQM998,Buy,Giza,Villa,50955.414012738875,54559.81,3604.3945810111254,
6AR78QY9N1YACQB4ABC8Z1084R,Buy,Cairo,Apartment,29746.835443037977,39157.98,9411.145025712023,
15ZA3ETMKRAM0ZAJTXCMN386G8,Buy,Giza,Apartment,71999.99999999996,66864.875,-5135.124999999956,
ZSDYE052KKB90WP31QASAE9ZT0,Buy,Cairo,Apartment,24750.00000000002,25819.945,1069.9453124999818,
15KXWQTBH612W2QVSDMTW6CARW,Buy,Red Sea,Chalet,57000.000000000044,54360.21,-2639.7890625000437,
Z1GCTBBPXN0PBQVW0D8HDQ0WWR,Buy,Cairo,Duplex,55755.395683453215,58389.965,2634.5691602967854,
BKENMSVHR5CBFDTPRZV4463FB0,Buy,Suez,Chalet,98499.99999999999,82959.86,-15540.140624999985,
HMATM7XQNQ41XQRKGT8M1CEX0G,Buy,Giza,Apartment,68636.36363636366,67241.47,-1394.8948863636615,Buy
2E3F6D1AFSPK6SEXWDFYB60ES4,Buy,Alexandria,Apartment,84639.49579831927,69734.44,-14905.058298319273,
4QHG5BVQHEQV1EGMSKCB0NE2V0,Buy,Cairo,Apartment,49310.3448275862,41972.89,-7337.454202586203,Buy
9S44G9H4BNE7R33ZDS63P4DHW0,Buy,Cairo,Townhouse,64955.55555555554,64612.188,-343.3680555555402,
91XMYHGBMB0NP438BGXDCF4600,Buy,Cairo,Apartment,75376.88442211061,61070.242,-14306.642234610612,
5ESMD1NR4WJWBXND8SQKQCTQH8,Buy,Cairo,Duplex,24565.21739130437,25568.137,1002.9193274456302,
ZEKQC5300J4H74PTEZC1YE5YFG,Buy,Giza,Apartment,174999.95000000004,150131.48,-24868.46562500004,
AK9AP840CAFA5Z8MW7670M618M,Buy,Cairo,Apartment,26999.999999999978,26029.586,-970.4140624999782,
M2NXDJTWZEMESJ5WDW21HJVQ1C,Buy,Cairo,Apartment,78676.47058823536,89028.9,10352.42784926464,
FVEG5MZR2YG5CPJ27N3VFJED6M,Buy,Alexandria,Whole Building,40909.09090909092,26778.824,-14130.266690340919,Buy
MDRPVXQZ5F67K8DCM7KZF6FM70,Buy,Cairo,Duplex,51666.66666666668,50421.93,-1244.7369791666788,
GH4NHKEFH3PERYTGB5CA3X6NZM,Buy,South Sainai,Chalet,40740.74074074075,46614.754,5874.013165509248,
WJCP7WZ7Y9Y9Y385X9YA0908T0,Buy,Giza,Townhouse,38357.64705882355,46075.664,7718.017003676447,Buy
Q1GAAAG0H40VCMQ74NFVMECWC8,Buy,Cairo,Apartment,47500.000000000015,47703.152,203.15234374998545,
85R774A6K3P1AG54HS4YEW34BM,Buy,Red Sea,Chalet,66597.9381443299,90820.71,24222.772793170094,
19J22Y8ZNSS2Z5KF9P9VX5204C,Buy,Giza,Apartment,77519.3798449612,97479.414,19960.034217538807,
RBRB9KE0PF9KE80JR843K8HQ10,Buy,Cairo,Apartment,18095.23809523808,29564.855,11469.61737351192,
6TBKKMGXH1PTN20F2YYEY7MA08,Buy,Cairo,Apartment,36292.946745562105,39420.61,3127.662629437895,
9BJKQAJQ7NYC3JSSNB5ZQJEAAR,Buy,Cairo,Apartment,66666.65555555557,64068.043,-2598.612586805568,
KW55ACWTQSNP9KXZ1Y2C38RDDR,Buy,Giza,Duplex,67518.24817518254,73948.93,6430.68151231746,
MEYAHKN9HT2VC2WAZD0ND543MR,Buy,Giza,Apartment,23529.411764705885,25082.1,1552.6878446691153,Buy
YZV4C8MQA1T1K6HWAW64J4H1VG,Buy,Cairo,Apartment,72509.00775193793,57926.89,-14582.117126937927,
D44X57HTJ1PCYS8SFDHZ1NN6QR,Buy,North Coast,Duplex,139999.9999999999,136121.56,-3878.4374999999127,
PP1TQ0BN94JY2VW8C3WR616BB0,Buy,Giza,Apartment,24489.795918367363,24740.014,250.2177535076371,Buy
HGE3PTP41YN6F67FPKHX1NT4Q8,Buy,Giza,Villa,275000.0000000002,208436.11,-66563.89062500017,Buy
YS6M24MZF962GQ8P0ED6BMY9SC,Buy,Cairo,Penthouse,56410.2564102564,58247.527,1837.2709334936008,Buy
FZ85QJPFP06PDHWHPSCEB8KA3G,Buy,Red Sea,Apartment,77798.99999999994,73611.4,-4187.601562499942,
MDC7TC1C6T7FSG98203VFYGES0,Buy,Giza,Penthouse,60000.000000000015,106380.92,46380.921874999985,
52H4SNTD74Z8CSX4WBS8T4JN78,Buy,Giza,Apartment,164500.00000000012,118616.19,-45883.81250000012,
NE7VXTWE43KT7DFA2NSEBJZNZM,Buy,North Coast,Chalet,76428.57142857142,78432.86,2004.2879464285797,
XN3NAYM1JZ3C47P4VB4KW9DMMR,Buy,Cairo,Apartment,47560.97560975609,43785.65,-3775.3271722560894,
5X8XPG2TS2V07BNTFVZMFRN4RM,Buy,Giza,Villa,249999.9999999998,211795.06,-38204.937499999796,
17VRKVZ32QFQ8MWPSCSM6ED2M8,Buy,Cairo,Apartment,96774.19354838715,68862.8,-27911.39667338715,
7SAXG34Q4AKY679ZNGBBJ2YSQC,Buy,Giza,Villa,57768.92430278887,62361.594,4592.669447211127,
J8P70K646PTJZFPKS1J0YF3PTM,Buy,North Coast,Chalet,122812.49999999996,134664.95,11852.453125000044,
7GXGVPK9GC81FC1S0WXCYPEKA8,Buy,Cairo,Apartment,40000.0,36092.7,-3907.30078125,Buy
FMR2JGY545J48CB30PSCNJR1B0,Buy,Red Sea,Apartment,53625.00000000002,56316.402,2691.402343749978,
XXAG3ZXMW3PDQN20CW7XSBR4CG,Buy,Alexandria,Apartment,34210.52631578949,47416.043,13205.516652960512,
7KKWR6CKTD8BA6DYJ0KM4ZBNW0,Buy,Cairo,Apartment,42261.90476190475,52803.188,10541.282738095251,
07N5VJSQCZXBF2FBFEXDQAVJ9W,Buy,Cairo,Apartment,70833.33333333337,80544.57,9711.236979166628,Buy
R8C3Z4FDBZ4N71FTW8FKRYTNC8,Buy,Giza,Apartment,92857.14285714286,97822.586,4965.443080357145,
Z01N8ARQWER7BREKQ7C70NA1JW,Buy,North Coast,Chalet,59541.98473282446,82125.36,22583.374642175542,Buy
GJJFMP2DK7B5J9SXX5Z8BAK9DM,Buy,Giza,Apartment,61363.6363636364,87746.89,26383.254261363603,
1K337AG1VCWTFR58M2ZPA1AD1R,Buy,Cairo,Apartment,31382.978723404238,30679.975,-703.0041140292378,
MQAN3W9XMG524NWWP2HQT57Y6G,Buy,Cairo,Apartment,25740.740740740726,28760.865,3020.1244936342737,
Z2BVX9VBMBR2EDFXMHKJ6QD4XG,Buy,Giza,Villa,78571.42857142857,71420.92,-7150.506696428565,Buy
YG5HHHXZ0CN8MRG93H9SKZRXSC,Buy,Cairo,Villa,196666.6666666665,153367.02,-43299.65104166651,
TT9S4Q951ZCMQKTR1MJWHX0BM4,Buy,Giza,Apartment,95769.23076923077,90987.68,-4781.551081730766,
E9EQCZRJ7KZ1BYP48918Q7A8Y4,Buy,Giza,Apartment,134999.99999999997,204086.3,69086.29687500003,
11Y3WP4XPEFX594ABSR1XFF82R,Buy,Cairo,Apartment,45299.145299145326,51104.438,5805.292200854674,
PGEHTVS65G9BMJYGSJDHAYG704,Buy,Cairo,Apartment,46263.34519572958,35172.227,-11091.118633229577,
2AEJ6KTK4PSKJC7F1MD1GZQWE0,Buy,Giza,Twin House,233799.99999999994,205387.66,-28412.34374999994,
96FHXQV9J7XEKH9Q4JKRE9KDMW,Buy,Giza,Apartment,299999.99999999977,165334.16,-134665.84374999977,
VKXQKJK58DPHJA3KZJ3C8RQPKR,Buy,Giza,Townhouse,35371.179039301314,41896.266,6525.086585698686,Buy
MJ3P6P6E0BJ8JPV38PS7ZXD5X0,Buy,Cairo,Apartment,90277.77777777777,81952.37,-8325.410590277766,
4GEFW1XZYQS0MD1436E1E25270,Buy,Cairo,iVilla,45901.63934426232,49410.55,3508.911436987677,Rent
4SYVK71N67N345YQJAGQ1GV5Q0,Buy,Giza,Apartment,50000.000000000015,60151.637,10151.636718749985,
47SDFPFWJEPVWQ7YXCF1QG90FC,Buy,Cairo,Apartment,70312.5,77914.56,7602.0625,
AV96W70QV9X7XHPH2QFG8Q628R,Buy,Giza,Townhouse,94522.55999999992,82366.63,-12155.927187499925,Buy
VD1NAN705XZGM2QVW10KARNFPR,Buy,Cairo,Townhouse,59565.21739130433,64022.6,4457.38417119567,Buy
JNREHTQH0W40QJ9QPWXTTYC9KG,Buy,Cairo,iVilla,38260.869565217385,37352.33,-908.5414402173847,
QZH2E2A7SJP1YF3FEDS3M4AJW4,Buy,Cairo,Apartment,46428.571428571406,45926.195,-502.3761160714057,
5P1RCRXG3YQ80THFTVMM7J5F50,Buy,Cairo,Apartment,43235.896373056974,37400.914,-5834.982310556974,
0F8GTHQ4ZAPKT7SBMKH12JJRR4,Buy,Giza,Penthouse,55000.00000000004,54731.215,-268.7851562500364,
BY08M3KMNDKV0F9PX8W70BYCB8,Buy,Cairo,Apartment,24074.074074074088,26417.83,2343.7560040509125,Rent
Y6TED4806XDM9E17F4DCYKZE2R,Buy,Giza,Apartment,249999.9999999998,142248.7,-107751.2968749998,
AXQBMM50AAYNXBW4HPAWW15BDG,Buy,Cairo,Villa,56069.36416184973,59684.438,3615.0733381502723,Buy
E1S3MQWZ4SADZQ06Q0YKHJXXZC,Buy,Giza,Apartment,124999.9999999999,175400.0,50400.0000000001,
CFC4QR5N0BR11MM3D8AFAE147R,Buy,Giza,Villa,130000.00000000009,211616.38,81616.37499999991,
4ZY90YEZW8CXH5DKG915JWX3KM,Buy,Red Sea,Apartment,98148.1481481482,99259.76,1111.6096643517958,
S6ZP6XES2AAFB8W5A2SBF6XS84,Buy,Cairo,Apartment,25925.925925925905,35574.62,9648.695167824095,
YBZJG9442T5JK0KR105D2JRQKW,Buy,Cairo,Apartment,39393.93939393941,38704.387,-689.5526751894067,Buy
V92JCK40A12AWSDCJX3FT23G4W,Buy,Cairo,Apartment,40624.99999999998,45701.18,5076.179687500022,
9TW6Y76757K3YXFX2PMFZ5VDW4,Buy,Cairo,Apartment,45625.0,39803.22,-5821.78125,
S1ZW4VNFS4WGY6ZSDCHNJDG47R,Buy,Cairo,Duplex,77999.99999999994,58885.6,-19114.39843749994,
BNN03N0DKY19Y0VPYDW8Y4FYA0,Buy,Cairo,Apartment,47058.823529411784,39725.97,-7332.854779411784,
MBT3G3WRQ834EE3GN7227NRVFC,Buy,Cairo,Apartment,54665.04000000001,52101.17,-2563.868125000008,Buy
W57G1F1P41QBGH5TB0A1C6N368,Buy,North Coast,Chalet,52272.727272727294,66894.22,14621.491477272706,
EZ2QS7GYDD9MZSH9XWFDBGJCPG,Buy,Cairo,Apartment,30533.333333333314,37583.305,7049.971354166686,
TKKC14JXFKS8M2WJNYJKHK6S9M,Buy,Cairo,Apartment,77570.62146892649,71477.68,-6092.941781426489,
FMX1AH7C9N4M8ABMA63PKZTN00,Buy,Giza,Apartment,38000.000000000015,34231.062,-3768.9375000000146,
RA343T2R3QP1EZEAR5C60ZM2GR,Buy,Giza,Apartment,66698.43333333338,60682.25,-6016.183333333378,
6P99YT9RNMAVVGEMBMJ86H41EC,Buy,Giza,Apartment,29999.99999999999,31531.234,1531.234375000011,
R8K95CKNVC6R52N464D4YTBP2C,Buy,Giza,Apartment,51923.076923076966,36654.137,-15268.940204326966,
6FW1PMYYMB45CPR5WWXFPERGAW,Buy,North Coast,Chalet,82896.5185185185,67340.36,-15556.159143518496,
DVTG1DPYDJMDWPN472XRT8RJXC,Buy,Cairo,Villa,43485.71428571432,59799.184,16313.469308035681,
QV7FCPCKDK5BZKP0M1X9C0Y8W0,Buy,Cairo,Apartment,48571.42857142856,44568.3,-4003.127790178558,
QZ3FT6G72WYPZTYB8C99C478SC,Buy,Cairo,Apartment,42553.19148936171,67528.21,24975.019448138293,
FHDDQCJPPERAEM3CWT826P82KC,Buy,Cairo,Apartment,17365.269461077845,51691.42,34326.15241392216,
MZ5PW8KW7AAS4JK30C6D9QPYQ4,Buy,Cairo,Villa,33116.88311688313,46246.344,13129.460633116869,Buy
032037AGQHZ9KYD0AW4RRJ2AJG,Buy,Cairo,Apartment,51517.0,65466.664,13949.6640625,
3DVZ29QKBJZ25XF0FH8B944WN8,Buy,Cairo,Townhouse,67669.17293233084,71329.84,3660.670817669161,
D4TC24M7SA1CEPF8R4JT8JMWPM,Buy,North Coast,Villa,44999.999999999985,70798.57,25798.570312500015,
261TJ3H8P2TK6XBHE586YHHPB8,Buy,Cairo,Apartment,60386.47342995168,60569.906,183.43282004832145,
TM716BFSCQ0WYNAJEA8BBKSWFR,Buy,Cairo,Villa,217391.30434782594,134713.12,-82678.17934782594,
5RF4E7BR6YVSHDFQ04BK8AQJ44,Buy,Cairo,Penthouse,55555.55555555561,54214.777,-1340.778211805613,
2YP40JQHXP31K27J0TZK9APA9C,Buy,Giza,Apartment,43181.81818181816,38811.023,-4370.794744318162,
RCWDD9NMEX29XYV9CMKBBNZNEC,Buy,Cairo,Duplex,33225.80645161289,40656.78,7430.974798387113,
XEEF1Z0KSD65QB5AESXEGX6AP8,Buy,Giza,Apartment,23021.58273381295,23506.346,484.7629693120507,Buy
K911V44KGRS9T01V6AW0WTPKDM,Buy,Giza,Apartment,51940.70000000001,38963.75,-12976.950000000012,
VS2MZA0SC32E7NX0QXZD9FHGRW,Buy,Cairo,Apartment,74257.42574257424,42833.133,-31424.29293007424,
NRW9WWP70FMSS4C8AHG0MAHY64,Buy,Red Sea,Chalet,100000.00000000004,103913.42,3913.4218749999563,
KNY08W6X9TCJRV2ECNGSTX1KSR,Buy,North Coast,Chalet,89333.33333333331,83591.63,-5741.700520833314,Buy
889GW6AZDTNJFDKSD5MZ8XEEQ8,Buy,Cairo,Apartment,55172.41379310345,53871.418,-1300.9958243534493,
AYTZ9WA1ZNZVCWRR7JM593FC5G,Buy,Cairo,Apartment,85858.58585858578,78352.336,-7506.249921085779,
GA3QT8QXAG52804EN04Q3W02X4,Buy,Cairo,Apartment,57823.12925170067,55729.492,-2093.637064200673,
367ZA3YE1BW9FZRK4E6BS2PHVW,Buy,Giza,Apartment,299999.99999999977,218595.94,-81404.06249999977,
Y2382NJK3QEYE38S2PDPWP5K98,Buy,Red Sea,Chalet,54201.68067226895,83820.02,29618.34276523105,
9EHCXNXWQYRSBDARY1VNXJQRBR,Buy,Giza,Apartment,48717.948717948726,49133.26,415.31300080127403,Buy
RKX8SEVBFDXT9MJ4Y03YGZJBAR,Buy,Cairo,Apartment,36888.88888888891,36932.254,43.365017361087666,
DBE8E7NHB0J3RRVGES6ST9YN50,Buy,Cairo,Apartment,31818.181818181805,33890.15,2071.9666193181947,
1EDZZRC52YRY6BBF045M3W4W3R,Buy,Cairo,Penthouse,20370.370370370376,27424.82,7054.449942129624,Rent
V098HVRED38SXPCG4Q9EQQHB40,Buy,Giza,Penthouse,39024.390243902446,45841.96,6817.570693597554,
9M136EP8RCTV9EP8T2Y6XAXHP4,Buy,Red Sea,Apartment,53000.00000000002,50541.52,-2458.480468750022,
NAWBWEWJFMNK1S0X5F1K3S85QM,Buy,North Coast,Apartment,174242.42424242425,156281.3,-17961.127367424255,Buy
C61NYGZ3C6EA4307QGNZ817QF8,Buy,Giza,Apartment,55555.55555555561,56644.223,1088.667100694387,Buy
E0K2FFZBFJT1ZQH2YSCXFCE05W,Buy,Cairo,Apartment,56140.35087719301,42764.926,-13375.425095943006,Buy
EB9T0V961Y8ATZ288NAEQPBKB4,Buy,Cairo,Townhouse,50180.50541516242,56904.66,6724.154741087579,Buy
J1SCZX6X3PZBMQDYSFSQH9KNHW,Buy,North Coast,Chalet,145000.00000000012,97906.96,-47093.03906250012,
NTW0B2EX0DWXFHVNYS3TXRBT3R,Buy,Cairo,Apartment,27499.99999999998,25996.193,-1503.8066406249818,
27M2Y93W3QQK4BJ67Y92EWTTE4,Buy,Red Sea,Apartment,47201.15517241377,53364.824,6163.669046336232,Buy
ZEGXS9V24P6W7VD661ZBJ05X4W,Buy,Cairo,Apartment,48484.848484848524,44125.03,-4359.817234848524,
W82CKKXBRVK8AS7QY3JQN49PA8,Buy,Giza,Apartment,33076.92307692308,36377.555,3300.631610576922,
YCNVB80TWBKRQ2FVDNJ092D2DG,Buy,Cairo,Apartment,60000.000000000015,60849.438,849.4374999999854,
HGZVR99EWF8YYQ5MK78WHKX7EC,Buy,Cairo,Villa,63926.940639269436,49425.87,-14501.069545519436,
07J0RPZ2PENKEQSE1PBZPFRKCM,Buy,Cairo,Townhouse,73076.92307692303,65836.13,-7240.790264423034,Rent
6NQK9NPKDE3EEGTFNWEYDM2TYR,Buy,Cairo,Apartment,46399.99999999999,42236.227,-4163.773437499993,
1J74YZZKQX2GCS6Z52CFC8DNT0,Buy,Giza,Apartment,87500.00000000007,124587.89,37087.89062499993,Buy
YZGCFQ0BBQ8HHTM2YYSTKQQ60G,Buy,North Coast,Chalet,118461.53846153851,69419.52,-49042.01502403851,
EVKWC1KB3RJMEX40WJXBK4JPK4,Buy,Cairo,Apartment,51401.869158878515,51116.723,-285.146502628515,
268PGZ5GG4JJ2WAFCG131AKPZM,Buy,Giza,iVilla,42023.34630350191,55117.156,13093.809946498091,
DBCPB7E6YCDF6QTPYXXKHJE610,Buy,Red Sea,Apartment,66000.0,67422.805,1422.8046875,
T27G4CH2J12QZ457GXWVEEBM08,Buy,Cairo,Apartment,23076.923076923063,32779.926,9703.002704326937,
TXP83GY1P9H5EQ980G7Y60VEW0,Buy,Giza,Villa,67999.99999999999,44319.88,-23680.121093749985,
HGSG40JBRY81WE6HJ0QZKTBXZ4,Buy,Cairo,Apartment,90152.2842639594,86042.06,-4110.221763959402,Rent
D69777836GG939NBD5QYBZANJC,Buy,Cairo,Penthouse,99136.3636363636,71611.08,-27525.285511363603,
Y5YXHP6A8775KMGXGQSVHQB6A4,Buy,Cairo,Penthouse,93596.05911330048,73457.25,-20138.80911330048,
1M9BBE8FZ5WQJHQV64CWZ95K18,Buy,Cairo,Townhouse,65340.909090909074,78088.336,12747.426846590926,Buy
H94MXC804FP5KP5EE0RPAEAAJ0,Buy,Cairo,Apartment,25000.000000000004,25048.322,48.32226562499636,
Y42GX7CQ7C3ZB798VYT4H1VXNG,Buy,Giza,Apartment,43000.00000000002,45716.047,2716.046874999978,
01JTVWAX7V9A7SQZSQGQ5W5QGB,Buy,Qalyubia,Apartment,29090.909090909063,38962.484,9871.575284090937,
9SA791X2WJNN1AY06EBCT1ABSW,Buy,Cairo,iVilla,42857.14285714283,41179.613,-1677.5295758928332,Buy
35HAKV7CA1BQ4J27Z0ES3C7D4M,Buy,Giza,Villa,176400.0,141208.77,-35191.234375,
D7P4S4BJXAH6M5HZ3HG6K0B9WW,Buy,Giza,Villa,102631.57894736835,62682.387,-39949.192228618354,
FRGSD6K81E0AHN139R63RRPWMW,Buy,Cairo,Apartment,45483.85294117646,37676.863,-7806.989659926461,
CPKANY1HF9ZDSH3ZZYW9G21B0C,Buy,Alexandria,Villa,20571.42857142856,44255.297,23683.86830357144,
02KXCXC5T3FJ01X8C3RC86JT0G,Buy,North Coast,Apartment,100981.50980392161,107851.52,6870.01363357839,
X94JRZZD3WYMGHZNW44HYDG00G,Buy,Cairo,Apartment,48378.3783783784,53887.4,5509.020059121598,
DHDB1F6P39S25BW6MHDTE095R4,Buy,Cairo,Apartment,101333.3333333333,63038.305,-38295.0286458333,
JFXT7E6NEC93HC46BR1EDYF3ZM,Buy,Cairo,Apartment,84507.04225352114,78020.82,-6486.22194102114,
N2GG5ZFQ3BKPG1BVK8B46EBSAR,Buy,Giza,Villa,150000.00000000006,189303.58,39303.57812499994,
AGEPDV1MSEJ5XKD7F77K0KCNV0,Buy,Giza,Apartment,71342.51470588233,54437.46,-16905.053768382335,
SKPRXMME5TTK6VFBKNKB4GHAZ4,Buy,Cairo,Apartment,35000.00000000001,54174.0,19173.999999999993,
S8T9TA44MZC2A6RYCS30TT0TDG,Buy,Alexandria,Apartment,35666.666666666635,26668.06,-8998.606119791635,
W3D62S8BHEAKNRS4RDJWJ9WBBG,Buy,Red Sea,Apartment,55000.00000000004,62643.363,7643.363281249964,
XFC7B8D970ZYTF9VHYXY9FQ0FC,Buy,Cairo,Apartment,40476.19047619048,43016.164,2539.9735863095193,
QHAPM5F1GMPAYJTN7QG9897VQ8,Buy,Cairo,Apartment,71428.57142857146,59816.64,-11611.930803571464,
VWKMQMQH5WKNZ509QE6XDFEBXC,Buy,Cairo,Apartment,34200.0,39310.496,5110.49609375,Buy
MXCGDDE1ZVC1QHHH763375RYP0,Buy,Cairo,Apartment,42613.636363636375,49577.65,6964.012073863625,
AKVJTQJ2CB4F6GYWDRSP7QKMQ0,Buy,Cairo,Apartment,59459.45945945946,61936.21,2476.75147804054,
FPCB80BJDZ3K80MZTP0GSSDHDR,Buy,Cairo,Apartment,57142.85714285714,46937.555,-10205.302455357138,
EYS94NW8THYJB2GRYQNVD8VVS8,Buy,Cairo,Apartment,31281.818181818202,42336.44,11054.623224431798,
5WHB62X98BTW879TMQK74T5TKW,Buy,Cairo,Apartment,34285.714285714304,41270.473,6984.758370535696,
MDY2Q262NGSAJZNKA2WTAAQX80,Buy,Giza,Apartment,24390.24390243904,37377.234,12986.99047256096,
KTQW60A3PC7S1EA25VE2021C64,Buy,Cairo,Townhouse,60000.000000000015,102655.77,42655.773437499985,
QNY3G3DANMJ6060JG5VG3S76W0,Buy,Red Sea,Villa,104166.6666666667,94215.54,-9951.1276041667,
A7NX0D4BPDA7C6HTSCYFYQ15C4,Buy,Cairo,Apartment,22857.142857142873,30529.598,7672.454799107127,
FJNGWZYTX1MR1697X1E19EKXNC,Buy,Cairo,Apartment,30631.578947368438,36214.758,5583.178865131562,
FY5Q7HC2G5FAFSEVQ637P9019G,Buy,Cairo,Penthouse,41860.465116279054,59003.484,17143.019258720946,
AYMYMJ3Y3TPDN5CCMX3HKZM9NG,Buy,Cairo,Apartment,22857.142857142873,29646.03,6788.886439732127,Buy
S7YV8HSWV95XW8ZE1RXVWTZNP4,Buy,Giza,Duplex,23100.000000000004,58833.79,35733.7890625,Buy
0ZAN8PG0GVH02ZPT05BGZTDAZ4,Buy,Red Sea,Apartment,72402.05128205128,70818.23,-1583.8247195512813,
WKE7C2SVDPFBM2KZE74VZAS518,Buy,Suez,Chalet,25000.000000000004,29934.314,4934.314453124996,
54Q4374V4YZYFFPC8APT33JWF4,Buy,Cairo,Apartment,84999.99999999996,61709.63,-23290.371093749956,Buy
95G62JJA88S6BW8HEY4TC0QSWM,Buy,Cairo,Duplex,39186.903999999995,36539.793,-2647.111031249995,
5JERZJVZ9ZXXAZ06X6BBR65A10,Buy,Cairo,Apartment,45499.99999999997,39614.59,-5885.410156249971,
GK2C1HWRK3V72X0Y84E8HN1D0G,Buy,Giza,Villa,192307.69230769222,249121.06,56813.370192307775,
40J5D39M0H8HEDTJNMT5GKCB30,Buy,Cairo,Apartment,54761.90476190481,50538.047,-4223.857886904807,
8A5ACD2VJVFVMM4ZRXBJY9GTA4,Buy,Cairo,Apartment,44950.49504950495,46972.168,2021.6729192450512,
9X8PRNZRH1EMVZEHCRGNPHGE90,Buy,Cairo,Apartment,31076.9230769231,27844.682,-3232.2414362981,
8Z6MVGYE847S0GGDDEQZ6C27VM,Buy,Cairo,Apartment,86294.4162436548,101115.91,14821.490006345193,
P7TEZG3VE2R7PY2YPTTFKHQKFR,Buy,Red Sea,Apartment,75000.00000000004,61499.766,-13500.234375000044,
ARHAWNV43XYP39MXYZ7QDRG2TM,Buy,Cairo,Apartment,44304.89655172416,44138.793,-166.1035829741595,
BN98ERYD5A81XXQNVN65HBND64,Buy,Suez,Chalet,87500.00000000007,82189.61,-5310.390625000073,
2JJXVG4P36TC2WTGVM0A77P59C,Buy,Giza,Twin House,48663.98214285712,41959.004,-6704.978236607123,
1NNVPS37DPZGC5NF3FRXYWJMDW,Buy,Cairo,Apartment,26086.956521739114,24418.121,-1668.8354279891137,Buy
4P88VNNNMQSDB813R1KG0JN01R,Buy,Cairo,Villa,50169.49152542376,54573.39,4403.899099576243,
T6NFRJQDJ3M30FY1X82PGG82AR,Buy,Cairo,Apartment,54687.49999999999,47682.094,-7005.406249999993,
Q1G0S8D3RC1C7PWH9KCN6JBG0R,Buy,Giza,Apartment,29999.99999999999,45194.113,15194.113281250011,Rent
HKYSQCF0QWFG0FVKRZ5AFCR96M,Buy,Giza,Apartment,32608.69565217391,38871.812,6263.1168478260915,
F520J5XG032XKT9NJC7SRSF094,Buy,Red Sea,Chalet,90985.36666666661,97881.01,6895.64114583339,
7B3Z9MEC22XHMYTH239S7JBRA0,Buy,North Coast,Chalet,107500.00000000003,92648.05,-14851.95312500003,
DKZX9X1GWPQ5CZJWWZZ1JG2X24,Buy,Cairo,Townhouse,40000.0,48096.06,8096.05859375,
8JWMWAY1VWF79NFY6RXVXZST4R,Buy,Cairo,Apartment,80000.0,65746.28,-14253.71875,
K26H50ZBV6VYY67JXSPEXBJ8X0,Buy,Cairo,Penthouse,73076.92307692303,62423.715,-10653.208233173034,
B66GYYRS86RJ2MAQHKK35Y0M24,Buy,Giza,Penthouse,100000.00000000004,87434.56,-12565.437500000044,
26D0JMRGGPE6X5HMC4X6AD1PK0,Buy,Cairo,Apartment,23910.35000000001,31361.01,7450.6597656249905,Buy
X2NEMNRD7NJ3RE54MHQJ41VP7M,Buy,Cairo,Townhouse,61555.55555555553,77539.484,15983.928819444467,Buy
QZA6MHYYB6R6VH6WB8GQ2790C0,Buy,Cairo,Villa,36538.46153846153,45142.035,8603.573617788468,
GPA8E4MSRY0FJ123752R862EGC,Buy,Cairo,Apartment,90909.09090909096,78470.266,-12438.825284090955,Buy
E31ADENQ9047NMGZ9ZEBJR6WBC,Buy,Cairo,Townhouse,68888.88888888893,68700.32,-188.56857638893416,
FCVV6CZGY5Q0P8PNG3RD9KEZGC,Buy,North Coast,Chalet,61666.6666666667,57780.293,-3886.3736979167006,Buy
E9ZBXG8MMH96BXZD12H1S6YTHG,Buy,Giza,Apartment,32187.49999999998,29613.76,-2573.740234374982,Buy
94VX1V19DM2E38CJCXQ1SQQQDW,Buy,Giza,Apartment,31286.549707602335,43924.297,12637.747167397665,
ZNZ3DJVVENJSJX6K200ZPQWPS8,Buy,Cairo,Apartment,103333.33333333331,101358.336,-1974.997395833314,
HE41QXPJVW9MKKT4PW4VJW3JZM,Buy,Giza,Apartment,61538.461538461495,68353.484,6815.022836538505,Buy
C0HJ6XT2MT2H8BVEHX766CHWQ4,Buy,Cairo,Apartment,51127.81954887219,62300.426,11172.60623237781,
E1ZBT1CEBER1JEHHAWN355FN9C,Buy,Giza,Apartment,21666.666666666675,36556.176,14889.509114583325,
RH2CQCMPA2KZMR9ADS59VN514C,Buy,Cairo,Duplex,19659.57446808511,22037.904,2378.3298287898906,Buy
1TBE8DZ2BAH5RJYB6Y1CWXDMN0,Buy,Cairo,Apartment,86486.48648648645,85684.875,-801.6114864864503,
K9FYAJQQBYV58X07RV7J084418,Buy,Giza,Twin House,131999.9999999999,124255.29,-7744.710937499913,
S1KAR4RXJMZM07JHQBWVMB5W70,Buy,North Coast,Chalet,77777.77777777784,87535.516,9757.73784722216,
535S85HJ5AX0RFH8BSFGS2VJJC,Buy,Giza,Apartment,31407.035175879406,35703.645,4296.609355370594,
GSXAVNP9YQ49HZAVVYXQSQEBZC,Buy,Suez,Chalet,56800.000000000015,52134.523,-4665.476562500015,Buy
4GSW0DQVXZBDWPZDWT3WRHK13R,Buy,North Coast,Chalet,150000.00000000006,145342.08,-4657.921875000058,Buy
4FE8CHXG3KSK9W98DT4CX3TW8R,Buy,Cairo,Apartment,41447.61904761904,37593.664,-3853.9549851190386,
38VTTYMKWRD07JRR2GM02HAZAC,Buy,Cairo,Apartment,86206.89655172417,72399.82,-13807.076239224174,
Q2AMHMDYW3KVFBNBPZ9KGAHVCR,Buy,Cairo,Apartment,42187.49999999996,48985.086,6797.585937500036,
VDXYJ99PYSQC4FH3NKK30W7SX8,Buy,North Coast,Chalet,77608.69565217392,64745.668,-12863.02768342392,
6BG8520DMD1N4ARX7285YR9W6C,Buy,North Coast,Apartment,68309.43069306934,57425.465,-10883.965849319342,
CYVVH6QX5BTM6M0WN63P5YX098,Buy,Cairo,Apartment,34146.34146341462,35142.22,995.8772865853825,
4TPA4WDVCDDC9DFZF8R4RWQTZW,Buy,Giza,Apartment,249999.9999999998,231534.73,-18465.265624999796,
T19T6J80W0YV6D9MQE1TR7P4MG,Buy,Cairo,Apartment,69377.99043062198,66851.42,-2526.5685556219833,Rent
YHT0AYSKB3HC54QE3WEW2ZTABR,Buy,Alexandria,Apartment,56666.666666666686,36576.125,-20090.541666666686,
M7VH6VA6N688MFNAHW7ECR8T9G,Buy,Cairo,Apartment,61976.04790419167,59136.32,-2839.7275916916697,
KQ22D34XH7Y3MQ8AWH94FFM8N0,Buy,Giza,Apartment,64252.8735632184,77696.85,13443.977999281597,Buy
EFGDZR32246M4S0WYW6C9XMCP0,Buy,Giza,Apartment,107321.42857142865,69288.43,-38032.99888392865,
8HA9VXFX1BFJSFN13WD9DMVRRR,Buy,Giza,Townhouse,57894.73684210525,55006.773,-2887.9634046052524,Rent
XZ63DY1AHCD9A1AM5764J64K94,Buy,Cairo,Apartment,110400.00000000007,61273.438,-49126.56250000007,Rent
5ZZE0WHHK5RJ5984G3DE9M37P8,Buy,Giza,Townhouse,50279.329608938504,36629.57,-13649.759296438504,
0FCHM78A3D410QMR4EAWS3Z7RG,Buy,Giza,Apartment,31199.999999999985,28238.607,-2961.3925781249854,
13SYK4SSCK8V00TZWGAK980FDG,Buy,Red Sea,Chalet,98630.1369863013,97947.68,-682.4572988012951,
MPAKSD8159Y6T5R85GJPAQW70R,Buy,Suez,Duplex,49431.81818181815,38969.695,-10462.122869318147,
A4RP7YQFE7K0BTB0GNRTTEPNQW,Buy,Giza,Apartment,60427.35042735038,53604.46,-6822.889489850379,Buy
Q9KA75H1754JADWW048AZBDA70,Buy,Cairo,Apartment,50000.000000000015,56870.805,6870.804687499985,
7EPW8BMZ5VFQV2WFCF1RPPCDMM,Buy,Cairo,Apartment,61535.758620689696,48497.562,-13038.196120689696,
B26SSZ9WZG1RA0GJ5EHCQDGMQM,Buy,Cairo,Apartment,55263.15789473689,42853.277,-12409.88055098689,Buy
R44B00HN3WWNXX0BEBTSN24Q20,Buy,North Coast,Townhouse,94137.93103448283,97185.625,3047.6939655171736,
FC6QVHK20ZJM1WTXTGA9XRGVER,Buy,Cairo,Duplex,57307.6923076923,60400.145,3092.4522235577024,
5G6EYYSG4HKM2SX590K5E8JGM4,Buy,Giza,Apartment,66666.66666666672,88246.14,21579.473958333285,
TFZGFDVRAQNHX57J4HM26WJWMW,Buy,Cairo,Villa,61666.6666666667,55074.016,-6592.651041666701,Buy
77DB0CNEHF86YEDGSN7VXS9768,Buy,Cairo,Twin House,60728.74493927123,46922.336,-13806.40900177123,
91HDQ92SYWHHM1R87AE8SFDKBG,Buy,Cairo,Apartment,45946.969696969725,59076.29,13129.319365530275,Buy
4HM7Z1F4EGRV3Y2P4F00S5KTFW,Buy,Cairo,Apartment,75000.00000000004,75092.84,92.84374999995634,
GGV98TB4RZPG54K8BA2ARFB7V8,Buy,Cairo,Apartment,61046.51162790694,78758.086,17711.57430959306,Rent
45EFQNYB3BAKF3XTBJ42EAJT5W,Buy,Cairo,Apartment,33333.33333333334,52066.848,18733.514322916657,
W0NNF6WBD00VB440HADNRD3F5W,Buy,Cairo,Apartment,28000.00000000002,34757.508,6757.507812499982,
D4W466EB7HSAKXBCTNBR2DD2MM,Buy,Cairo,Apartment,52000.000000000044,63845.72,11845.718749999956,
3V1VAHCQ8ZCFW69M9Q7V4FJZ48,Buy,Cairo,Apartment,31515.15151515151,51006.473,19491.32114109849,Buy
5RT4066R7RCPXS4TESCBEP8K44,Buy,Giza,Apartment,47727.27272727272,43409.484,-4317.788352272721,
KKZG2QX43P55Y95TAAR0TJR11G,Buy,Giza,Apartment,23529.411764705885,22391.459,-1137.9527803308847,
SQKQWET0J8ECMN74JB5X43K9WM,Buy,Red Sea,Apartment,95000.00000000001,107775.64,12775.640624999985,
BRPXB84YDCQCT4JJJVP26222D4,Buy,Giza,Apartment,19841.269841269834,21505.807,1664.5367993551663,
FKXENNN5G1ZED2742TC1E0X82G,Buy,Cairo,Apartment,255750.0,107655.45,-148094.546875,
WJMFSXVB87CXYH9E6T8WRAEPCW,Buy,Giza,Apartment,51829.268292682944,54923.32,3094.052019817056,
4FF2ANZWHWXSTZ2JC79KBTRNCR,Buy,Cairo,Apartment,86666.6666666667,66865.58,-19801.0885416667,
4HY2YB3KBTFW04XGHT84EBNW9R,Buy,Giza,Apartment,41666.66666666665,45704.406,4037.7395833333503,
SVTTXRS2W4FMS8ZQ210BBQZZ7G,Buy,Giza,Apartment,77241.37931034481,61065.117,-16176.262122844812,
22CAPVKD3BCF5WDG3J0QNZ9APG,Buy,Cairo,Apartment,44117.647058823524,44952.832,835.1849724264757,
2FSQF5Z0HXSCZP4DWY7Y5Y21ZW,Buy,Giza,Apartment,15873.015873015873,16821.934,948.9177207341272,
F0VFYYKQ26YQHXCZ3JSWZ1RMPR,Buy,Red Sea,Penthouse,114444.4444444445,121108.875,6664.430555555504,
CP8JGYZ0MD78HEY6SSVZQBD1FR,Buy,Cairo,iVilla,55401.2345679012,53259.934,-2141.3009741511996,
R38KGA7MCF5Q0BBSBCFNB5FYM4,Buy,Cairo,Apartment,66666.66666666672,76296.35,9629.684895833285,
7DS6MKBQJ5JBGH5JCZZBRV11NM,Buy,Alexandria,Apartment,52571.4285714286,34003.4,-18568.0301339286,Buy
WB3C0QFGXJ1F7HGC966ES27WVW,Buy,Cairo,Townhouse,58000.00000000003,87565.24,29565.24218749997,
Y85P4KEX2A4DW43JAEKWH1AMAM,Buy,Sharqia,Whole Building,23611.11111111112,32957.348,9346.23654513888,
8V8SVHQQQXQZ7KECP1M96ZRVYM,Buy,Cairo,Apartment,22222.222222222204,23009.96,787.7387152777956,
0GA6JHG1P2VGFJEKCPWSA3F6X8,Buy,Cairo,Apartment,63720.930232558145,71686.234,7965.304142441855,
9ZGXQE1TEY3XDE3AYE62WRWR6G,Buy,Red Sea,Apartment,59839.99999999998,54417.633,-5422.367187499978,
CJYF44PX18S2Q9FRBY7RHA70CR,Buy,Cairo,Apartment,63999.99999999997,76957.7,12957.70312500003,Rent
YTEN62MMJ7E6E6V7Q5F3JAX4J8,Buy,Cairo,Apartment,43333.33333333333,41595.2,-1738.1341145833285,
AJ5HYSDY3E2WWQSEE95GGQX91C,Buy,Red Sea,Chalet,64200.00000000003,59495.76,-4704.238281250029,
JX1CWWHXQZ33TRPXXSMSS18FYW,Buy,Giza,Apartment,96944.44444444438,76321.46,-20622.98350694438,
P0THTZBG1WHDTA9NEETMYJPR2W,Buy,Giza,Apartment,150000.00000000006,132155.66,-17844.34375000006,
4474KC8VEVGH4JFAG95ATR95FW,Buy,North Coast,Duplex,64999.999999999956,74766.484,9766.484375000044,
VF11DEJ1SYX7MK8HNWSYTAEBRM,Buy,Giza,Apartment,219999.99999999983,80433.42,-139566.57812499983,
KSY5RJX6D4VDAQHDGJ0MNV9MSG,Buy,North Coast,Chalet,170000.00000000012,163547.47,-6452.531250000116,
97GZXSMVFR6TBQHRV9DSGCJTNG,Buy,Cairo,Apartment,115384.6153846154,98551.29,-16833.326322115405,
63GA702TWEP2ZMXCPKYGXE0J6G,Buy,Giza,Villa,66350.71090047392,69665.24,3314.5312870260823,
3KDC6XQHRYA828CSM2PTRT40AG,Buy,Giza,Apartment,111764.70588235295,78071.95,-33692.75275735295,
K09ARCFEM4AA1Z4TCG796XNWY0,Buy,Red Sea,Chalet,94329.26829268294,100881.65,6552.380144817056,
QTXXXTXX1N6R1YB0CEBATYEQS8,Buy,North Coast,Chalet,84090.9090909091,52706.59,-31384.319247159103,
30BQMPDKMSW24BDB0YA8VK65B8,Buy,Cairo,iVilla,39787.23404255324,40976.293,1189.0589261967616,
HA37MWNN773SY8G7TPP6CFXEBR,Buy,Cairo,Apartment,64999.999999999956,52145.562,-12854.437499999956,
6JCVYFPSTBJMR8DYJAT6W06CQW,Buy,Cairo,Apartment,33571.428571428565,44888.527,11317.098772321435,Buy
91ZGEHW1NZMQ7PTWN6G5A81878,Buy,Giza,Apartment,59523.809523809476,48489.055,-11034.754836309476,
5VFW2WFHY72N1GAPPXEP3Z327C,Buy,Cairo,Apartment,25384.615384615394,31636.81,6252.195162259606,Buy
PKMM66CB6ZM3SK1T2E4MWP9P5G,Buy,Cairo,Apartment,32624.000000000022,41735.59,9111.589843749978,
5CF74BJWJ46FW81NGHS47D0204,Buy,Alexandria,Apartment,37500.00000000001,41397.29,3897.2890624999927,
6VFDG87HR48YRCVTRG07X4HPS0,Buy,Cairo,Townhouse,98984.77157360411,77463.5,-21521.271573604114,
2QDRQ5F1Q5MNQ2S4TTA046647W,Buy,Giza,Apartment,299999.99999999977,205422.12,-94577.87499999977,Buy
WYK06P7CDDBR8ZMBH0QSMKFW9C,Buy,Cairo,Apartment,47398.84393063586,55500.84,8101.995913114137,Buy
ZQW7WFAJKW8ZDZ87XGZJR9CFRW,Buy,Cairo,Penthouse,71875.00000000003,80105.4,8230.39843749997,
WT71Y6E6D08HZMCPPH678VPV9G,Buy,Giza,Apartment,52142.8571428571,36086.47,-16056.388392857101,
GWKS3XEJB9FDMQF6278QD2GMGW,Buy,Red Sea,Apartment,74899.99999999999,59402.664,-15497.335937499985,
SEFSQSGF6H4KZHV9VZ0RPW5NE0,Buy,Suez,Chalet,92000.00000000007,91678.49,-321.50781250007276,Buy
AB5RWMBZC4EVWNY82H7A03JKA0,Buy,Red Sea,Apartment,49777.77777777776,53258.055,3480.276909722241,
8VT6DYA3R8JFXG9SCJD98MXMNM,Buy,Giza,Penthouse,22045.45454545455,21751.418,-294.0365767045514,
C3508EBZ9ZYYRQHQCYW43CD0YW,Buy,Cairo,Apartment,46486.486486486494,63358.95,16872.462732263506,Rent
FRGE5K84VQ61N2ECSPAE4K290W,Buy,Cairo,Apartment,51401.869158878515,50965.043,-436.826190128515,
ESHBT1EV0EKK2DX4BYPJZPST58,Buy,Cairo,Twin House,60606.06060606064,41981.617,-18624.443418560637,
GKF49NBXXYYBGXTN3KQQAC4FX4,Buy,Cairo,Apartment,57480.769230769256,60293.73,2812.961237980744,
6KRERBQBT5S4B7HNP305R3WP4G,Buy,Giza,Townhouse,32480.314960629898,41456.35,8976.036601870102,
418A5S6FSPYMY7DYA8192YDZAW,Buy,Giza,Apartment,42857.14285714283,58622.695,15765.552455357167,Buy
7YRG52DYAKSJMHZM11JS6HG6KR,Buy,Cairo,Apartment,59523.809523809476,55205.746,-4318.063430059476,
F89FGKKM4DSV1F7N5ZWGR4BGQW,Buy,Giza,Apartment,122499.99999999996,80393.31,-42106.687499999956,
0W7WKS28Z1E9KCQW5H6ZADNXNC,Buy,Cairo,Apartment,83645.99999999994,68259.23,-15386.773437499942,
4R4NP5GAQHD306XZ0AWBJXNXKW,Buy,Cairo,Townhouse,51724.13793103451,55453.645,3729.5066002154927,
9HZMK2HTV7HHA5F0M2W43AWH38,Buy,North Coast,Chalet,70454.5454545454,63936.08,-6518.467329545398,
4FT7PFSSMDE54CYCQX0FT0XN5M,Buy,Cairo,Apartment,46399.99999999999,42447.703,-3952.2968749999927,
9SQ5EQ9JB0FNNVPRK36VP268MC,Buy,Cairo,Apartment,48484.848484848524,43336.023,-5148.825047348524,
7C4DS55MW5SQXQTA97P8S69DA8,Buy,Giza,Apartment,181081.081081081,102305.5,-78775.581081081,
0VMEB4EN0M4EGQCBRHJ4D8W9G0,Buy,Cairo,Apartment,22500.000000000015,23812.676,1312.6757812499854,
K1AVAWE43AVGXECT38MR6CK4T8,Buy,Cairo,Apartment,19230.769230769227,27238.705,8007.935847355773,
V1D1X4X35702RAF1844HSBS8D8,Buy,Giza,Apartment,35555.55555555558,35317.805,-237.75086805557657,
2SYMWGXA19337K96428JWTZA1G,Buy,Red Sea,Apartment,40000.0,55999.984,15999.984375,
HCM0CNHPQGRRE9J272JV7211ZG,Buy,Giza,Townhouse,47074.291005290994,61251.938,14177.646494709006,
T7EW94H90PTCTQNG1S94CZ3KA8,Buy,Cairo,Apartment,26829.26829268291,36087.125,9257.856707317089,
YNBNT8ZY585R4N9SWADPBKF7ER,Buy,Cairo,Penthouse,57377.04918032784,56696.7,-680.3499615778419,Rent
QG2KHH1CRGTXP02NRKQ5P9WNRM,Buy,Cairo,Apartment,25714.285714285696,28852.24,3137.9545200893044,
16BRY95D4MWGYPCXNAFX6QZX4R,Buy,Cairo,Apartment,77215.18987341766,75204.93,-2010.2601859176648,Rent
X96X1YB92MSVTAJ3B2RNKZQKSC,Buy,Giza,Apartment,92666.66666666672,63491.78,-29174.885416666715,
4MMVYZJKYXRR05K5R5XTS3AAZ8,Buy,Giza,Apartment,42212.71428571429,59970.062,17757.34821428571,Buy
XHC5VXAENBHXCXSBBCAWR95BXG,Buy,Suez,Apartment,25000.000000000004,43020.305,18020.304687499996,
3M314Z7F6RZM6NRYW88HYXDF5R,Buy,Cairo,Apartment,27659.574468085124,28312.9,653.325922539876,
XRCKMJ7259YJ874QRMSGN17XKC,Buy,Cairo,Apartment,38518.51851851852,33605.277,-4913.241174768518,Buy
68GRXX72V4MMMNG134FXCWKHCC,Buy,Giza,Apartment,72727.27272727266,50009.07,-22718.202414772662,
7R73CE46DE7JMJ8YFKKFMVNXKW,Buy,Giza,Apartment,108333.33333333336,106293.71,-2039.6223958333576,
ARWP96Q6BHDM1X6MTXTTP241K4,Buy,Cairo,Apartment,33823.52941176471,46271.58,12448.048713235286,
SBASEVH7VQJ1QG5BMMHPZ03HM8,Buy,Cairo,Twin House,59183.67346938771,58244.14,-939.5328443877079,
A4T9BNRG403W43HZYV24A0S8C4,Buy,Giza,Villa,100000.00000000004,127831.03,27831.031249999956,
00YRMWBPBRRQZW34T977766MFM,Buy,North Coast,Chalet,38133.33333333333,38772.402,639.0690104166715,
KGY4C02H8KMQA3TYSCXZFWJS1W,Buy,Cairo,Apartment,41910.82802547774,56695.617,14784.789162022258,
4R5GPKNXJKDBQTK5D3YKEVPN2G,Buy,Suez,Chalet,60967.74193548384,73836.31,12868.570564516158,
X2A3YB7ZKVE7KWATYZA793XF2M,Buy,North Coast,Chalet,80000.0,140958.36,60958.359375,
YJCJX6T65NX729K5R07Q95Z8T4,Buy,Giza,Apartment,43333.33333333333,49281.84,5948.5065104166715,
5H4DH1W43C95VKHSVVKPMC3D4G,Buy,Cairo,Apartment,33432.94117647061,37412.9,3979.957261029391,
Y5FY9VSY4M2R3FWJC2JXJX21XR,Buy,Cairo,Apartment,47590.36144578314,72060.766,24470.404179216857,
JTH6GQVCWQ1TKS51RQTYWM08MC,Buy,Suez,Chalet,100000.00000000004,68427.19,-31572.812500000044,
SGCFRZ219V7B2YY7ANGH7W5XEM,Buy,Cairo,Apartment,76433.12101910825,56834.26,-19598.85930035825,
8S25PA549NMYBF7VQ8CB1AVMFR,Buy,Cairo,Apartment,76388.88888888886,83514.42,7125.532986111139,
EN67XPQ4MQ3YGQ746HVCEV41DG,Buy,Cairo,Apartment,82000.0,112096.875,30096.875,
4SZ9MYSJPNNK6RVM39RDR7M74R,Buy,Giza,Apartment,89268.29268292681,55963.305,-33304.98799542681,Buy
JXAJGDH7HNG8Q9P3TJMPCG2694,Buy,Cairo,Apartment,28181.818181818162,35118.9,6937.080255681838,
V4FTR0M533A1CSS18JDY2S52V8,Buy,Cairo,Apartment,44999.999999999985,49933.246,4933.246093750015,Buy
01K0J5AJFCCP37Q4KN2TMQNE3R,Buy,North Coast,Chalet,133070.86614173237,98816.59,-34254.272391732375,
QZDH7BSQRN4Q649FGMRQPHXA30,Buy,Giza,Apartment,56910.56910569101,75782.49,18871.923081808993,
T3A8KZ7A9R6DQ98KDZ8RJRK73W,Buy,Cairo,Apartment,23846.153846153855,29658.982,5812.828575721145,Buy
A5H091E7A3QZ0G2RC3JWHT3PSW,Buy,Cairo,Villa,47393.36492890998,45671.51,-1721.8532101599776,
EBS50V86NEWJ0TPB3HF32CT0WW,Buy,Cairo,Townhouse,31944.44444444445,46378.14,14433.696180555551,
2G9AGBG44DAH48FB4EAZ7D1GCR,Buy,Qalyubia,Apartment,19840.611111111095,26870.564,7029.953342013905,
A6M84DC6JGCJ9H9B3D4QR39G64,Buy,North Coast,Chalet,42556.52760736199,63297.406,20740.87864263801,
JEMYT7VSXP58Q862917P4CS6VR,Buy,Red Sea,Apartment,46000.000000000044,49077.44,3077.4414062499563,Buy
G23C2EGH88PEBX1193XTM062FM,Buy,North Coast,Chalet,98958.33333333327,107737.0,8778.66666666673,
3B1BXMMCB7TQ46KHNQ9ZWN95FR,Buy,Giza,Apartment,115151.51515151525,87963.31,-27188.202651515254,
TE514WQCT06B8WHHSAG3CEPKZ4,Buy,Giza,Apartment,42333.33333333335,34753.23,-7580.10286458335,
G4V6ZJCXZQS4A9A5FFKNM2N52R,Buy,Cairo,Duplex,52941.17647058823,44823.805,-8117.371783088231,
R23EHJYJ5QQ3ZJC7703SE1K5EM,Buy,Red Sea,Apartment,46999.99999999999,33360.58,-13639.421874999993,
M4JKZ113BSKCAE9A2FR2WPDBR4,Buy,Cairo,Apartment,32956.28415300544,28194.717,-4761.567356130443,
TAJ4R52GM9NR57FNF2QQ8ADQ3W,Buy,Cairo,Apartment,120000.00000000004,86492.75,-33507.250000000044,
S3VE05J93BF4D5SQWFHRPBSQS8,Buy,North Coast,Chalet,67810.60606060602,66887.33,-923.27793560602,
8829HSXWH25370KFDK04W1Z7ZM,Buy,Red Sea,Apartment,72402.05128205128,70630.18,-1771.8715945512813,
2N7V7QF5B7366G15Y71YEBJAZR,Buy,North Coast,Duplex,61417.32283464572,93752.15,32334.825602854282,
JF0WHK3P9R1D5QPSAT9DN8W8X4,Buy,Cairo,Apartment,44928.571428571406,51899.68,6971.108258928594,
2P36NQVFTD7WE74P46E0MGHYAM,Buy,Giza,Apartment,103333.33333333331,78995.945,-24337.388020833314,
2Z3KFJG4D86E4ZEYCT727V3M2M,Buy,Giza,Apartment,64705.88235294123,43461.1,-21244.780790441233,Buy
QM34WJ4K1ERRA2711QZ26C6CV0,Buy,Giza,Apartment,75000.00000000004,145867.94,70867.93749999996,
24GBNJXAYAE7ZKGKYX08KNNWB8,Buy,Red Sea,Apartment,49249.99999999999,50958.19,1708.1914062500073,
CMAQ4RTTGWRXSR4YV9T0AC5V4W,Buy,Cairo,Apartment,43614.45783132534,50656.367,7041.909356174663,
K089WS7N1YG5SVWAV007P6CSZR,Buy,North Coast,Duplex,67499.99999999996,71288.02,3788.0234375000437,
0KWYGKZ4ZQX19CDP2DYX6YRV2R,Buy,Giza,Apartment,79710.14492753618,43746.203,-35963.94180253618,
4JF1KF8TJKZJQGDVA3DQX5RB44,Buy,Cairo,Apartment,42647.05882352941,48281.266,5634.206801470587,
NH1DGN4AG24VXHMR5X0A9M8H2W,Buy,Cairo,Apartment,112500.00000000004,102488.016,-10011.984375000044,
M6FPD14WHC1FWTAEGZ296PJ17M,Buy,Giza,Twin House,249999.9999999998,141206.47,-108793.5312499998,
YF6R5MW6DXTZ19T7VH2NZV7M8C,Buy,Red Sea,Villa,55000.00000000004,54797.44,-202.55859375003638,
J0GYH8TAHDYFYAYEAMMX9DZC50,Buy,Cairo,Apartment,32812.49999999998,56207.8,23395.300781250022,
P91D6J21QGBNTQEXFWGYAGV0AR,Buy,Red Sea,Apartment,83362.69600000003,83248.51,-114.18818750002538,
YNHJC3P7SGC5QV5AMTDA8DSPPG,Buy,Giza,Duplex,45899.99999999998,43500.742,-2399.257812499978,
CW70GACVP2NCYE7SRGA7PXMKBW,Buy,Cairo,Apartment,44545.45454545455,45197.52,652.0649857954486,
06JY0XW356HZQN45D1BRFYRZTG,Buy,North Coast,Chalet,125833.33333333343,131112.95,5279.61979166657,
WSSGDVJYT7S3KMBNCCRAZSA9HC,Buy,Red Sea,Apartment,83362.69600000003,81751.984,-1610.7116250000254,
K8XW9KAJ51HDDTVTFB4QF56DR0,Buy,Cairo,Apartment,31999.999999999993,39563.957,7563.957031250007,Buy
DZZTT0W6JXY802JF0SFFYNA2VW,Buy,Cairo,Apartment,30599.99999999999,29084.28,-1515.720703124989,Buy
ACKCZAS410ZGAP2HN9NRJ50YM8,Buy,Giza,Apartment,30478.723404255303,24091.568,-6387.155044880303,
P3KZVXC81RQFZ09Z13B1K86SHG,Buy,Cairo,Apartment,24499.99999999998,26593.035,2093.035156250018,Buy
6TWSWFJ813YWE0VQGGT6YS77T4,Buy,Cairo,Apartment,60101.010101010084,65429.96,5328.950836489916,Buy
9XVGDYJNTY9BKNPVH6SE60FSF4,Buy,Cairo,Apartment,110322.58064516129,89981.336,-20341.244707661288,Buy
Y6DBQR013EEH36TT9B91NVRZR4,Buy,North Coast,Duplex,67499.99999999996,74133.086,6633.085937500044,
QNN1AK0A4FZ71ZAXB7198EQPKM,Buy,Giza,Apartment,47500.000000000015,77063.98,29563.976562499985,
QD6D6QQMVW9VCEDB7668SGB2S4,Buy,Cairo,Apartment,50000.000000000015,57592.305,7592.304687499985,
59V2EBY9XFV9T5VWY8RYBPZR2C,Buy,Cairo,Penthouse,76999.99999999997,61450.402,-15549.59765624997,
618CTB1ZC6EBB3HAW7Z9RY2MJ4,Buy,Qalyubia,Apartment,24071.42857142857,24948.117,876.6886160714312,Buy
VA8DXC1F6NRSYG0C7MR0AAWGCM,Buy,Cairo,Apartment,58333.33333333329,63158.594,4825.260416666708,
YAFSFHKZGK277QKENN1ME4M674,Buy,Cairo,Apartment,64285.714285714304,35368.74,-28916.976004464304,
476HHVTQYFG9Q5YHYY7VHP678R,Buy,Cairo,Apartment,36410.2564102564,32986.594,-3423.6626602563992,Buy
YWPZ1GXF8MJV1JHDGR2ZEVAXZW,Buy,Cairo,Apartment,174999.95000000004,236726.12,61726.17499999996,
N1HKX2YEPAQP5CS1M00GX6CSB0,Buy,Giza,Apartment,70247.93388429754,70582.37,334.4333032024588,Rent
DNWB128Q01XP7TDCFF6R407Y2R,Buy,Cairo,Apartment,25666.666666666682,29909.088,4242.421223958318,Buy
EAKB5G5S1RA0CX7SEVCR82H55R,Buy,Cairo,Penthouse,34986.238532110074,39835.348,4849.109124139926,
SJMN2Z68N95JKDENFAFX95AVNW,Buy,Cairo,Apartment,32499.99999999997,43193.094,10693.09375000003,Buy
E8WRMBPEBX3KH842QC7YXEMPX4,Buy,Red Sea,Apartment,37500.00000000001,43720.93,6220.929687499993,
K9C8E1DDS5FWR0BYVTQQWWHX1G,Buy,Giza,Villa,75728.51711026617,65810.2,-9918.31398526617,
EK6J3SZPFXCW6WZBDCDV281NJR,Buy,Red Sea,Apartment,70000.00000000001,54388.992,-15611.007812500015,Buy
7156GP77R2PAX2CMAQQXH44S0M,Buy,Cairo,Apartment,29999.99999999999,54271.734,24271.73437500001,
3RGMSMR5M30ES4GFV8VA1ZAYGR,Buy,Cairo,Apartment,39925.45454545457,38127.688,-1797.7670454545732,
EP6M53QYMYS3RGAPDFSFSVD07W,Buy,Cairo,Apartment,92465.75342465748,82869.63,-9596.12061215748,
62WN0FA5B8D8PSZK0R1B7E8ACG,Buy,Suez,Townhouse,63800.00000000005,66122.875,2322.874999999949,Buy
EK0P8T64P2KBQPBQYNANTW3R1R,Buy,Cairo,Townhouse,97297.29729729737,77298.12,-19999.180109797366,
X2XBQXPWEABT2R4WWGJJRTYFYW,Buy,Red Sea,Apartment,58849.99999999996,56617.434,-2232.5664062499636,Buy
9CSK88J738QSPGK8XSGQ9DN738,Buy,Giza,Townhouse,80000.0,105703.05,25703.046875,
E6S2JGT5B9QC602Z4J4PFQW4H0,Buy,Alexandria,Apartment,37000.00000000001,37138.42,138.42187499999272,
42TD6X506AXX20PEHHMJ86EWB0,Buy,Cairo,Villa,43820.224719101156,55514.18,11693.954968398844,
0SRJZYWMCG30C2GM7XG9XP9B8R,Buy,Red Sea,Apartment,35750.000000000015,58178.297,22428.296874999985,
CJZQ6N04HW3HKK8PCMX4P594FR,Buy,Alexandria,Apartment,43000.00000000002,43729.56,729.5585937499782,
ZD92A8D4PYK76GQZAJNMPQHGKR,Buy,Red Sea,Chalet,137614.67889908247,105992.36,-31622.31952408247,
4CJF0CV2CW7AGCTSXSGRXEY4A4,Buy,Giza,Apartment,50955.414012738875,59944.676,8989.261768511125,
4WJZ66G2ZVD8JDC3EX8GEVGRW4,Buy,Cairo,Twin House,67114.0939597316,55482.105,-11631.988490981603,
DF5BBCKQ3FVWH21JX3B2CPZ154,Buy,Cairo,Apartment,50000.000000000015,90526.78,40526.781249999985,Buy
0N4XSHFQ95F7ZZHYHM6NQZ3T28,Buy,Cairo,Apartment,91503.26797385616,88933.01,-2570.2601613561565,
VRXWCVDRY3XVA6WY36HE2FD3X8,Buy,Giza,Apartment,30952.380952380947,36769.85,5817.470610119053,Rent
NWGK2N0J8X6T9KXMAETC2MYH8G,Buy,Giza,Apartment,28455.28455284553,59751.242,31295.95763465447,
FK0BMCDEPAYYXT5BCFRDR6TTS0,Buy,Cairo,Apartment,76335.87786259546,69452.9,-6882.979425095458,
QK8PV9Q86HAXWDESZRM2MZRPPW,Buy,Cairo,Apartment,36821.70542635662,69545.36,32723.653948643383,
HM0QBN0RVVD81AFYBJCXRZ5434,Buy,Giza,Apartment,36363.63636363634,50638.062,14274.426136363661,
R2XJZEMFHYDH5RAY03CJH69AM4,Buy,Giza,Apartment,72576.00000000004,70759.16,-1816.8437500000437,Buy
PF9JK746W5D3BM6SKBFMFVHSNM,Buy,Cairo,Apartment,35359.99999999997,40836.12,5476.121093750029,
04XM48WJ370S0MF61X4RNG94H4,Buy,Cairo,Hotel Apartment,81944.44444444448,69863.914,-12080.530381944482,
AQDVBKVEC65YZ2S774AE235JGR,Buy,Giza,Apartment,66666.66666666672,85980.87,19314.200520833285,
BA9E72MCP63R9RQJ4C63QAR20W,Buy,Cairo,Apartment,19130.43478260871,18456.393,-674.0422044837105,Buy
WNFZ9CQYRRRQ0CHSJKH8BK68RM,Buy,Giza,Villa,93999.99999999997,156956.42,62956.42187500003,
69JRFCT3FHAS141674C4VR47N0,Buy,Giza,Apartment,24489.795918367363,27170.963,2681.166972257637,
WA5SCYR72JWH7KQGGECW7KSKYC,Buy,Cairo,Villa,41999.99999999999,36641.832,-5358.167968749993,
X65P0YHGV31BZZ82ZD47051WPC,Buy,Cairo,Apartment,85937.50000000003,72625.47,-13312.03125000003,
NG77F2PSG4KJ1M2XNHT0HEEEWC,Buy,Cairo,Apartment,121621.62162162169,84432.66,-37188.965371621685,
MRQ9REX24KSR9E80P507V38WDW,Buy,North Coast,Twin House,88105.72687224677,73690.2,-14415.52374724677,Buy
P3HPVBG7KSXKCH75J4200R6VT0,Buy,Cairo,Apartment,114649.68152866248,79648.03,-35001.65027866248,
9BWB3PP6P8QNC2E014C0G4WBZ8,Buy,Suez,Chalet,104545.45454545454,106224.695,1679.2407670454559,
EPB3YNHJZ3H80NM178CTR8DGX0,Buy,Cairo,Apartment,44764.99999999997,34943.402,-9821.59765624997,Buy
T2ZZW213Y3WWG452R69XV19Q5C,Buy,Giza,Apartment,30719.696969696975,27306.488,-3413.2086884469754,
VTJJNM3G76KGDZHMVYJRHPEZH4,Buy,Cairo,Villa,87585.02347417834,63693.918,-23891.105505428335,
CXZXY0K9J2WWQ4QHXMGNV1Q1Z8,Buy,Suez,Chalet,44444.44444444448,52893.91,8449.465711805518,
HD0YPGWX1Y73VBB2H23BSJSP7M,Buy,Giza,Villa,123809.52380952373,162049.1,38239.56994047627,
WHTM0B6PQQD3GH6MQQMQXEZ67R,Buy,Giza,Apartment,51282.05128205129,49079.125,-2202.9262820512886,
XK0Z5AYY0Q522658F6VFX14Q4C,Buy,Giza,Villa,68728.52233676973,65536.25,-3192.2723367697326,
ZFB75C6E208JKF0JDSA8DQKCXG,Buy,Cairo,Apartment,62499.999999999956,77508.2,15008.203125000044,
GE2F450Z63YR30KQ91X5HQJDW4,Buy,Giza,iVilla,24571.428571428565,28024.805,3453.376116071435,Buy
D4S8GQ4SX929FQ2YSNF0GQ2HG4,Buy,Suez,iVilla,40909.09090909092,53508.64,12599.549715909081,Buy
MY41V8J8A1ER1K5RBBC667P0H8,Buy,Cairo,Apartment,38617.886178861816,55894.5,17276.613821138184,
HCCJN56E2NNJPQF3QR39M2BYTC,Buy,Red Sea,Villa,100000.00000000004,96493.89,-3506.1093750000437,
KPDP1AGWKX7Q81T32YMV77B5SR,Buy,Giza,Apartment,249999.9999999998,135304.62,-114695.3749999998,
MS10KWEAVB6G1BN8A9YQTMT2CW,Buy,Cairo,Whole Building,22435.897435897437,26755.771,4319.874048477563,
HRHRGG6S29J17VV6HDK5J2HARM,Buy,Cairo,Apartment,89366.05263157887,56633.04,-32733.013569078874,Rent
17SAVY391Y5ACFFY9RAD8TA4G4,Buy,Cairo,Apartment,23173.65000000002,47480.027,24306.37734374998,
YFYBRKFT2CBGYSEQ4FX1H3C7JR,Buy,Giza,Apartment,31199.999999999985,29111.865,-2088.1347656249854,
YSMT21HW9MTYF3KY68B7DDWBK4,Buy,Cairo,Apartment,74999.99166666661,63003.984,-11996.00729166661,
VQ79RRQ6EQJ2M5979GTNWQZYEC,Buy,Giza,Townhouse,58181.81818181817,47933.27,-10248.54865056817,
VC7F7H5DYG0A2G2T2TSD3ZEY00,Buy,Cairo,Penthouse,41304.34782608695,74124.11,32819.76154891305,
87TXBQFBR6F8XMAQ9J50PTT7WR,Buy,Giza,Penthouse,54166.66666666662,51475.258,-2691.4088541666206,Buy
Z9MA29YSMTV1KK5F51JWSF7T30,Buy,Cairo,Apartment,24750.00000000002,26375.914,1625.9140624999818,
587F1Z5MEQAXC9C05H60EHDMMG,Buy,Alexandria,Apartment,63793.103448275884,40509.824,-23283.279229525884,
48NDQ0QKYQN6BRVBP104JM2V48,Buy,Giza,Penthouse,40836.653386454214,47338.55,6501.897394795786,
5W8F3SYQ4F1BJQ3PFM74NKAH88,Buy,Alexandria,Apartment,24615.384615384628,23267.023,-1348.361177884628,
ZEMAFK94EED0KKHCVKQEE3S9HG,Buy,Giza,Villa,60181.8181818182,47505.98,-12675.837713068198,
Y4T0FHSERD1JX39AZ6ZTRF4J18,Buy,Cairo,Villa,249999.9999999998,210048.06,-39951.937499999796,
3H2EEGSNWYRA6FAVFG6ED78D2W,Buy,Red Sea,Apartment,58215.38461538463,63363.965,5148.580228365368,Buy
S170EPRCEGVY0W2EM6X8FGPH00,Buy,Cairo,Apartment,21333.33333333333,21534.232,200.89908854167152,
1277CSVX6M9SSE84ZMXXBWSP74,Buy,Giza,Villa,166666.66666666654,154863.67,-11802.99479166654,
Q08HFETKK1Y982PGBEWH86YZTG,Buy,Alexandria,Apartment,29411.76470588238,50446.027,21034.26263786762,
AM1KQF9B55YF3VABD8R1F5BSBG,Buy,Giza,Apartment,84971.09826589588,71239.56,-13731.535765895882,
YEPQ5NSBBCMQKYWD5FN3DQYE4C,Buy,Cairo,Apartment,68750.00000000003,74679.05,5929.046874999971,
PSY62P26Y7RCNYG0G7VP4KNTR0,Buy,Giza,Apartment,60431.19266055044,51903.043,-8528.149691800441,Buy
GX5ZVET276BE98BXQB6EAQKYPR,Buy,North Coast,Duplex,139999.9999999999,125469.055,-14530.945312499913,Buy
EZD0FHDHAN9HABSJPMXK1TCTCC,Buy,Giza,Villa,68181.8181818182,70726.97,2545.1505681817944,
NZBMPRPEBWZMMX8WJ942J95RCR,Buy,Cairo,Apartment,18790.909090909096,30947.543,12156.633877840904,
ZD0VETPYV7C03HAFVF20H5F4MM,Buy,Giza,Apartment,16750.00000000001,27922.652,11172.652343749989,
DZWVYN971SG96MWXW0R1093G2R,Buy,Cairo,Apartment,17999.999999999993,22637.229,4637.228515625007,Buy
VAQZHG3SFQ3T20R4ZQ246PT64G,Buy,Cairo,Apartment,87222.22222222216,79941.92,-7280.300347222161,
PK510NVEXK5N530KEDD2RT497W,Buy,Cairo,Apartment,43333.33333333333,71437.81,28104.47916666667,
V1GX02A1178K0NWZE9K75S6P4G,Buy,Giza,Apartment,33333.33333333334,37711.7,4378.365885416657,
GRYFA0K1BRBWZF9ZZR03PW06FG,Buy,Cairo,Apartment,70000.00000000001,33323.79,-36676.210937500015,
2Y8VZEBX8Z8HWY43M6930658TC,Buy,Cairo,Apartment,51724.13793103451,53253.94,1529.8034752154927,
CC49VW1EYJCXSQSW0PK5X1DR48,Buy,Cairo,Apartment,42941.17647058823,33613.613,-9327.56318933823,
23GZPAGFPXZ9600WB6MGETPMY4,Buy,Cairo,Apartment,40000.0,43217.527,3217.52734375,
PGQNV3YVAFD9058KNSMXYBV7TW,Buy,Suez,Hotel Apartment,120000.00000000004,131895.27,11895.265624999956,
G69WXM4S4Z85STA3YB4MBKSB0M,Buy,Red Sea,Apartment,52800.000000000015,52432.75,-367.25000000001455,
CNTE4MBXKTGHSG62HWRG56BNB4,Buy,Giza,Villa,249999.9999999998,147810.1,-102189.9062499998,
2BP69ZV2MTBG058RHEW05ET4C8,Buy,Giza,Penthouse,22045.45454545455,22387.742,342.2876420454486,
2JBMVDDKZYP6ZJWYXNV9AQY77R,Buy,Cairo,Apartment,29025.000000000015,33572.25,4547.249999999985,
ARN89BP2BYJG8NYKQ4F736B8YW,Buy,Giza,Apartment,51428.571428571435,44593.56,-6835.012834821435,Buy
BF1VFQ6JZJZG5HZFBG8HCRJY80,Buy,Suez,Hotel Apartment,83333.33333333333,101170.59,17837.26041666667,
24X84MQP4FWGA08S5RGHG2Y2CM,Buy,Red Sea,Apartment,74800.00000000006,59263.41,-15536.589843750058,
MAN2FE016Y89NC4V6AHRCJZ4GM,Buy,Giza,Apartment,49707.60233918131,32748.615,-16958.987104806307,
1ZVBZ4X1GFTZPRD00MCX1AS02C,Buy,Giza,Villa,51300.000000000015,33080.98,-18219.019531250015,
44YY1AQXPNP1TG28SH40TSS7F4,Buy,Giza,Villa,120000.00000000004,147130.25,27130.249999999956,
MPJ7XXN29CTZR7Y2E23812YJBC,Buy,Cairo,Apartment,31818.181818181805,36735.746,4917.564275568195,
6RHTGQCZ2F2Z3SD646DAK0GB50,Buy,Cairo,Apartment,42974.683544303836,44703.926,1729.2422369461638,
D252P0DWQRKZQMMECK9KR2F7JC,Buy,Giza,Duplex,28508.771929824536,33657.88,5149.106976425464,Buy
JCT20VNW0QFP3BXVE4XY5K2R5G,Buy,Giza,Apartment,15500.00000000001,34880.207,19380.207031249993,
FRBZS4HC26T495W7KEAKHSGQ9M,Buy,Cairo,Apartment,39062.49999999998,55452.43,16389.929687500022,Rent
X6F4RWCMBSPG7THEJA2720Y78C,Buy,Cairo,Apartment,73684.21052631577,68818.086,-4866.124588815772,
NGG05HAPZZF569Z037YC0B6768,Buy,Giza,Townhouse,64516.12903225805,56566.105,-7950.0235635080535,
9AQNWS3CBECQHAHVW54DQT324W,Buy,Cairo,Villa,124999.9999999999,140976.11,15976.109375000102,
HW82QBTVRDYN65S88SST5VV0RM,Buy,Cairo,Duplex,48571.42857142856,35176.52,-13394.909040178558,Buy
SS8AREXHT880C43QEBXVXNMAMG,Buy,Cairo,Apartment,212500.00000000017,263741.12,51241.124999999825,Buy
STQ9RSJZA82GR6BB9YD1TAC9T0,Buy,Giza,Apartment,72423.35766423352,64339.848,-8083.510007983525,Buy
CV2B2R21HW1J7S3G972V63A18R,Buy,Cairo,Apartment,45652.17391304346,52770.72,7118.544836956542,
MA51AMKJXXN6XYG684DSYS3460,Buy,Cairo,Penthouse,59111.11111111109,70505.07,11393.959201388912,
SZV2P2Q4JH4314J6GX7D3RNTMC,Buy,Cairo,Apartment,38272.50000000003,55639.902,17367.40234374997,
7E2X3FWHZWTYWG9DB5T0YNK3J0,Buy,Red Sea,Apartment,131099.99999999994,66287.984,-64812.01562499994,
1G65EJFNF86Z3587W1KX8TE3SG,Buy,Cairo,Apartment,28666.666666666653,29113.725,447.0579427083467,
T29YK9QWMBX0AH3RKNHKG8C9RW,Buy,Giza,Apartment,56000.000000000044,60694.055,4694.054687499956,
YHZPA6HGA6AQ5F3AWD17JJTA7W,Buy,Red Sea,Apartment,113555.55555555559,119745.516,6189.960069444409,
JX6HTKM7HBZCN84WRH37HWB3W8,Buy,Cairo,Apartment,65720.0,32376.64,-33343.359375,
R68F0216HPGW46PSAS6H54MCWW,Buy,Cairo,Apartment,25000.000000000004,26526.896,1526.8964843749964,
3WN0XH15Y3P1M1028W5NE6AA2M,Buy,Giza,Apartment,20940.170940170934,22591.29,1651.118122329066,Buy
E5TJMDQ5QRXWEY4K1CECRBQ004,Buy,Cairo,Townhouse,59386.97318007664,59281.836,-105.13724257663853,
1F64JD7GMXHEBE4RFMNP0PQZE4,Buy,Cairo,Townhouse,52215.18987341768,50717.906,-1497.2836234176793,
X6BPX780NXDFEXG3N29Y6Q6878,Buy,Giza,Apartment,73467.41666666669,54491.95,-18975.467447916686,
AKK1M6Q2PMGAR153K87FN79HT8,Buy,Cairo,Apartment,35333.33333333335,29991.496,-5341.83723958335,
34B6AV90MBCHSCAN2T7N7DQW1W,Buy,Giza,Penthouse,22045.45454545455,21197.246,-848.2084517045514,
VV2K6HVW8AWGTMP3N8JJSHHGN4,Buy,Cairo,Apartment,40624.99999999998,50370.934,9745.933593750022,
XC997SQTJ8N228X0F2DZCVE66W,Buy,Giza,Apartment,78512.39669421488,71986.24,-6526.154506714884,Buy
R6WHBWH8FSWMT6A8C154QSDXV8,Buy,Giza,Apartment,41851.85185185184,39735.9,-2115.9534143518395,
K2V41KP5KHT1CSSBBEA6A89H1M,Buy,Cairo,Apartment,41877.55102040819,53665.688,11788.136479591813,Buy
12S9WH3BCB03RW1HAKXZ7N89GR,Buy,North Coast,Chalet,100000.00000000004,124889.1,24889.101562499956,
K5099NE7JYB2T2S3HMD2TPPABC,Buy,Cairo,Apartment,61890.15151515152,88822.91,26932.75473484848,
CK8DQY4FKV39H5R25SR595W4RR,Buy,Cairo,Townhouse,94444.44444444441,78873.31,-15571.131944444409,
F6PFPGKVJ74V940ZZYP6W9K530,Buy,Alexandria,Apartment,63865.546218487405,66029.42,2163.875656512595,
A99P8HVVDJ1W32P3ARXVCYXDS8,Buy,Giza,Apartment,84768.21192052976,52427.05,-32341.161139279764,
G0R35RN1WXK3T8CG5NP07D1Q7M,Buy,Cairo,Villa,139999.9999999999,236198.2,96198.20312500009,
A2GEYVB7S2A3PET4KNSSP0YRE8,Buy,Cairo,Apartment,47234.285714285674,51741.48,4507.194754464326,
XNQBAA3F8JKYFD5WY7MQB10FKW,Buy,Cairo,Apartment,47741.93548387094,39135.246,-8606.68939012094,
Q4C98JQPTMR9FQX5T4WFGWQPVG,Buy,Cairo,Twin House,43343.653250774,53516.96,10173.307686726002,
9576EHWEVYAFEJT83A9A5RTCMW,Buy,Giza,Villa,165000.00000000015,198395.88,33395.874999999854,
5FVNPR2RKWMWH2FPB3DGND2PMC,Buy,Giza,Duplex,27272.727272727265,24200.193,-3072.533913352265,
RXW5S7J22H1E2QRMPRG6TD0ZXG,Buy,Giza,Penthouse,242499.99999999997,266538.72,24038.71875000003,
50VRZ56NXB63Q08B3RFV2WXSKW,Buy,Giza,Apartment,33125.00000000003,48859.812,15734.81249999997,
X5YG17SFDMQ6BD98V37SVGGQ7C,Buy,Cairo,Duplex,33535.7142857143,36094.18,2558.465401785703,
PWMC8Q0KBRHTRRVCXBA200TW9G,Buy,Red Sea,Villa,80000.0,90593.55,10593.546875,
A24B74YF4N2NMR1G1NJ13SMXXW,Buy,Cairo,Apartment,66011.23595505615,66915.47,904.2327949438477,
TRACKWZYB3CHKRH5TPHBF17EVC,Buy,Giza,Apartment,40000.0,36840.543,-3159.45703125,
TPWM7T76EJF2X1MMQ2MEZJW9K0,Buy,Cairo,Apartment,61937.50000000004,62404.492,466.9921874999636,
3K5PVFPFKT5AMN3XCZ3FYEQG5C,Buy,Red Sea,Apartment,66362.63736263738,64241.195,-2121.4420501373825,
NJMF2CNXYKRGPGG16NRR6C570M,Buy,Cairo,Apartment,32926.82926829268,36952.477,4025.6472942073233,Buy
DKRD0P0ECNKN2XNX16VZ73QY7M,Buy,Cairo,Townhouse,95539.99999999997,70924.54,-24615.46093749997,
99KGNVJ4SNBT9RYYPCF8KZ7VRW,Buy,Red Sea,Chalet,153424.65753424662,124250.555,-29174.102846746624,Buy
31F1N1X7N9E2KYVTC1GV096SXG,Buy,Giza,Apartment,15032.679738562083,31969.873,16937.19330831292,
EKSGTSY2KRWYN5ES71F15702H0,Buy,Giza,Townhouse,68518.51851851848,61011.04,-7507.479456018482,Buy
54N7XNASY16128XSTCMVNW2Y30,Buy,Cairo,Villa,73772.50000000004,121217.03,47444.531249999956,
7V85CVMET4WH9M46EXSB43VT6W,Buy,Red Sea,Apartment,55249.99999999999,62235.875,6985.875000000007,
QB87VXVM41R9QJWJ0FKW7MSPDM,Buy,Giza,Apartment,63636.36363636359,69143.266,5506.901988636411,Buy
VR1GE8J3720KPXPBFTAARQNKE8,Buy,Giza,Apartment,45454.54545454547,48543.7,3089.1537642045296,
Z9G3QGSSD0XTDMP6XSDF11ABSG,Buy,Cairo,iVilla,41200.0,40525.164,-674.8359375,
0MHP9GC3QS2RVZWHQR5SJP6BXG,Buy,Cairo,Apartment,25000.000000000004,22221.521,-2778.4785156250036,
A06Y6JYP5J5DAF9KRZR95D3JSC,Buy,Cairo,Apartment,82269.50354609934,84080.47,1810.9652039006614,Buy
8P26CR6BZF084PBGA69BDKEY78,Buy,Cairo,Apartment,134552.23880597024,91780.67,-42771.566930970235,
E5YFC59687RJSNNED5BW6HVKNR,Buy,Cairo,Apartment,33593.74999999999,35006.977,1413.2265625000073,
3CR67PRG8Q25JXN1H9RNT3EYDC,Buy,Cairo,Apartment,30769.230769230755,31398.658,629.427433894245,
5FZH10RAZN63NKWSREYERN297M,Buy,Suez,Chalet,52941.17647058823,45814.688,-7126.488970588231,
E2XAQ7JJ8BT3HDTXGNB6JCMV3W,Buy,Cairo,Apartment,28050.00000000002,38187.44,10137.441406249982,
6HQEERP12Y0QZBSZFH60CRS1R8,Buy,Giza,Apartment,22543.35260115606,35310.53,12767.17864884394,
4B4316DB0F728C6T7TGV7WEPQG,Buy,Giza,Apartment,249999.9999999998,240649.03,-9350.968749999796,
JN21AQ4X184YXFRXR7PMSPBG10,Buy,Suez,Chalet,57692.307692307644,49811.676,-7880.631911057644,
3PMKZJYRPFY4HKAD20R4GD7FGC,Buy,Giza,Villa,78655.65416666662,73006.65,-5649.005729166616,Buy
318RCD418CHC78WH0GHKC76A1G,Buy,Giza,Apartment,89491.07142857145,77498.74,-11992.32924107145,
DXD7HMDWQVGJAG20NWH98XETQ4,Buy,North Coast,Chalet,112799.99999999996,85314.27,-27485.726562499956,
DXXREAHYBNVH7WT75HAYBNPDGM,Buy,Cairo,Apartment,56842.105263157944,62403.836,5561.730674342056,
8C5Y2NP911FHTHP39KXYTCTAYM,Buy,Cairo,Townhouse,52272.727272727294,39571.957,-12700.770241477294,Buy
0J2C2RBAENTZ2786QQ25BFPXKG,Buy,Cairo,Apartment,31250.000000000015,46314.094,15064.093749999985,
C636W1EG512SJ2TKPD9J4DE7S0,Buy,Red Sea,Apartment,41999.99999999999,39895.227,-2104.7734374999927,
CZFWHPWZ09ETTVGFDEQ03YX3W4,Buy,Giza,Apartment,74074.07407407406,43055.4,-31018.67563657406,Buy
VWJK07RRVHD5FMEWD3PHBHWWAG,Buy,Cairo,Apartment,60869.565217391246,68579.414,7709.848845108754,
E5SJDDEJ0ADGJSRQBWS0M4VEKR,Buy,Cairo,Townhouse,105376.34408602156,79221.375,-26154.969086021563,
524GK6D8NG15ST257RX1ANWVHC,Buy,Cairo,Apartment,63265.30612244901,64504.562,1239.2563775509916,
V9VFP346AZ5WG1GQA8X4Z9BY3C,Buy,Cairo,Penthouse,60240.96385542166,60817.184,576.2197383283419,
9YEHK1P30TGYC2WCM8RXGMF1GW,Buy,North Coast,Chalet,54545.45454545459,80589.91,26044.451704545412,Buy
FMW7KQ6FSN4VQNRB7EZNAC0B3R,Buy,North Coast,Chalet,104166.6666666667,81856.766,-22309.9010416667,
VFAY0K3XNCZC6KKA95XB04K29M,Buy,Giza,Apartment,36111.1111111111,35495.625,-615.4861111111022,
5F7ZMH47AGHEH293057YJHVH5M,Buy,Cairo,Townhouse,77777.77777777784,65976.8,-11800.98090277784,
ARHSC94J0T08DJ0Y665F7RKW5R,Buy,Giza,Villa,215199.99999999983,127773.87,-87426.13281249983,
71VJSQDPVN5Z65HCKCXY5NRQ64,Buy,Cairo,Apartment,43006.99300699303,52531.0,9524.006993006973,
2Z387PMCW4QKF9D4GY3SRVWZ1G,Buy,Giza,Villa,68181.8181818182,63099.656,-5082.161931818206,
DSG3M6PRTRGP1SZMGJ4PDAJ81R,Buy,Cairo,Apartment,48425.19685039371,35202.125,-13223.07185039371,
HEKHNKQA6ZB7T4AWZV1Y31NBZ0,Buy,Cairo,Apartment,35999.99999999998,34456.54,-1543.4609374999782,
RP4RPHNTN5R8ME355DYBPD8J3G,Buy,Cairo,Penthouse,33727.8106508876,34353.05,625.2401303623992,
RJ8BQZATH52HY6EC427WA1BVXG,Buy,Cairo,Apartment,44516.129032258075,42208.32,-2307.8087197580753,
8G7PSWHD9K1E98ZZBT0EEHS7WR,Buy,North Coast,Apartment,115384.6153846154,48706.75,-66677.8653846154,
FBFDPSQB6MEB23H0YH78KA5GF0,Buy,Suez,Chalet,47727.27272727272,64448.363,16721.09055397728,Buy
XWEQBBZZZY0BB55WVQSBNYF1RW,Buy,Cairo,Apartment,95000.00000000001,78765.23,-16234.773437500015,
344TF43FMMQ4YDDF433CRZ8120,Buy,Cairo,Apartment,50000.000000000015,65043.23,15043.230468749985,
7Q2YX99H5HXK72MA8TV0NY8KGG,Buy,Alexandria,Apartment,29999.99999999999,35389.824,5389.824218750011,Buy
8PN5J9Q5R0WGGWKWJP5SJ9QRYW,Buy,Cairo,Apartment,61714.28571428572,47327.766,-14386.520089285717,
W1H9FMB5D4GY3D5JGKKQXDG7V4,Buy,Red Sea,Apartment,64200.00000000003,61099.953,-3100.046875000029,
N34TEMRY0YCNPV03V1ZVH2Z7VR,Buy,Cairo,Villa,58823.52941176474,52106.785,-6716.744255514743,
8HEHPQV11XPHF2EV2G8Y9DP5B0,Buy,Cairo,iVilla,31268.436578171084,36851.93,5583.493109328916,
PY6KGZAZ9SFE49MP8M22574778,Buy,Cairo,Penthouse,67999.99999999999,73039.93,5039.929687500015,
WFCERN4B7R04FCWFYD930BMSRM,Buy,Cairo,Apartment,71794.8717948718,71184.21,-610.6608573717967,
RXG8F3AF3EER759SDEH4JHWVD4,Buy,Giza,Villa,54770.31802120138,49220.168,-5550.150052451383,
X0MGNHQSDE4499X4G35YGNEDF8,Buy,Cairo,Duplex,42995.16908212561,40357.734,-2637.4347071256125,
TTQKMMN71XCDXQCYH31GDGFBBM,Buy,Cairo,Apartment,54054.0540540541,44594.492,-9459.561866554097,
FBGCKV3QS48XDE46T5M7NQPSTM,Buy,Red Sea,Apartment,60900.000000000044,59031.008,-1868.9921875000437,
VTVK2QXPJ0BKQN5V14MHRXNB60,Buy,Cairo,Apartment,86165.28925619838,56217.234,-29948.054881198375,
V0Y0JTN1YYWC4GV3J1BAV9K4E0,Buy,Red Sea,Chalet,50099.99999999997,57604.773,7504.773437500029,Buy
01K2230A1812DR8N2PHS5HN39B,Buy,Cairo,Townhouse,73461.53846153844,53645.527,-19816.01111778844,
TJJY95X6VCAHAZAXTH78BF7DTR,Buy,Cairo,Townhouse,63008.13008130083,55635.34,-7372.790237550827,
JB7PQ5F77E98M92WTCJTRCZ7HW,Buy,Giza,Apartment,42083.33333333331,39523.945,-2559.3880208333067,
F8TPERGQG08AXZAMFB9B6EDF4R,Buy,Cairo,Apartment,75000.00000000004,49300.645,-25699.355468750044,
ZNY0WSPPQ6T03PMEX1B3H8ZCCG,Buy,Cairo,Apartment,34686.0465116279,38329.156,3643.109738372099,
BPB0391RNXWS1JY1A3E07P6HZW,Buy,Giza,Apartment,75478.09004739337,60335.836,-15142.254109893373,
8NFKC4WXF8NTKN0K6XWNZP4CHC,Buy,North Coast,Chalet,91472.86821705426,93460.945,1988.0770954457403,
S39YT2X9ZCNHEEDR425DN48FEC,Buy,Cairo,Apartment,38076.92307692307,55856.664,17779.74098557693,Buy
GZ3XW6YHZ5T679NHAX2PR54YBG,Buy,Cairo,Apartment,92195.12195121958,80875.625,-11319.496951219582,
G0TK2JZ4CBF0ZF7EHNZ0E1847R,Buy,Cairo,Apartment,51694.91525423726,44932.13,-6762.786347987261,Buy
B3A00VH72ND0EN8BFNPT394MHM,Buy,Giza,Apartment,79754.60122699388,43909.93,-35844.67153949388,
TGJXBXNQ0M18C0AMEE0MQ1D0D0,Buy,North Coast,Chalet,114180.55555555565,109991.52,-4189.032118055649,Buy
FYJ91T0H912CCH2T346ETFJ6MW,Buy,North Coast,Penthouse,89837.94618834078,61366.945,-28471.00087584078,
NSTYN8V1KEW51C6DXAY7D6T9QM,Buy,Cairo,Apartment,26290.32258064514,22926.809,-3363.513986895141,
9B9RVYPGDX193VC190T44WTRKC,Buy,Giza,Apartment,62547.77070063691,53837.83,-8709.94257563691,
JJ5DD5WNF9QZ6WTWR7PZQJ226G,Buy,Cairo,Apartment,46125.407142857126,69516.18,23390.772544642874,
GC1BG2JX6EF3Z57E3G0H912ST4,Buy,Alexandria,Apartment,44838.70967741938,41059.145,-3779.565146169378,
KJVAY2C38GFGE5261Z0C8612M0,Buy,Cairo,Duplex,43627.450980392154,45428.547,1801.0958946078463,
558AJCV6VH0CGN6ZT17XRG8G2C,Buy,North Coast,Chalet,57833.33333333334,56441.734,-1391.598958333343,
7PB71C13CZ92NP4B5MTCMV3TTM,Buy,Suez,Chalet,50909.09090909095,53799.023,2889.932528409052,
MCKH27641KA7AJR49JC38BXETR,Buy,Cairo,Apartment,72972.97297297296,62500.8,-10472.172191722959,
VVX3E0VKFGSVAVQAP1E2HGDGDR,Buy,Giza,Apartment,60839.160839160795,37424.496,-23414.664745410795,
X3N5008B1DYHC4CW9ZN7Y4N90R,Buy,Cairo,Apartment,68085.10638297873,66325.23,-1759.8798204787308,
ZC4RNV4CZYNFABTTDB7YVK77NG,Buy,Cairo,Apartment,23999.99999999999,25779.445,1779.445312500011,
QEQ3MTXDYPYS8HBX0CQKDT3Z38,Buy,North Coast,Chalet,62903.22580645161,66339.4,3436.1726310483864,
KBQZNST1MJKA0Q280M6NAS29GW,Buy,Giza,Apartment,79411.76470588238,49876.848,-29534.91704963238,
01KBA6ZD7E8KAD4YBE6WTD5KJW,Buy,Giza,Villa,244999.99999999997,268303.28,23303.28125000003,
21D3G73HH40NYKXPF41V2VHFBG,Buy,Cairo,Apartment,63999.99999999997,70913.66,6913.656250000029,
E6PKDS70SA75G8926DG9SPGG04,Buy,Cairo,Apartment,73333.33333333333,53226.32,-20107.01302083333,
ETPYBF0PBSX0ER6T0C8X00B8X8,Buy,Giza,Apartment,51111.11111111108,47662.453,-3448.6579861110804,Buy
6NQM0YR3NSYJBSRDY7ZTD6X9HM,Buy,Giza,Apartment,54000.00000000001,61544.83,7544.828124999993,
5RJXA3RE5ABKT35JVENRQ1JNW4,Buy,Giza,Apartment,249999.9999999998,219713.47,-30286.531249999796,
75HQEYG0YHWW0FSVDM8CXC43F0,Buy,Cairo,Penthouse,57228.91566265056,59253.8,2024.8851185994426,
G256CDPBDNQ3QE749EY5TQGMR0,Buy,Cairo,Apartment,46596.85863874347,65495.64,18898.78198625653,
D4NP64D6BZ8K5MMKW187SEBSX0,Buy,Giza,Villa,90500.00000000001,52748.777,-37751.222656250015,
8PQV9WCCY6DHF2A9GJJ1KYMPJR,Buy,South Sainai,Chalet,73304.03225806454,60179.12,-13124.911164314544,
ECNA3C8N7JSKN75H88B4X78GQR,Buy,Giza,Apartment,26923.076923076915,31890.18,4967.102764423085,Buy
J8PT8Z59Y8D1AKA385SDDXM1V8,Buy,Cairo,Villa,45467.970802919706,49804.22,4336.247947080294,
YM62B9AYXN98WBDT0JNQVZGRZC,Buy,Giza,Apartment,90647.4820143885,69144.195,-21503.2867018885,
0MYS37759JJWRRBH116PXAC5TR,Buy,Red Sea,Apartment,54000.00000000001,48185.082,-5814.917968750007,
9RB3N3A2PKKAH2PKG5QQESF7T0,Buy,Giza,Apartment,23021.58273381295,23917.943,896.3606255620507,
5S45EG62ZG0A0R1K3BVHMVEQ2C,Buy,Giza,Apartment,31407.035175879406,31231.86,-175.17580087940587,
D15M1QPNFB0YKB8VFZSA8QY48G,Buy,Cairo,Duplex,61311.475409836065,58892.4,-2419.0769723360645,
T5GN151FC11HFPS65T1XKBEQ50,Buy,Giza,Villa,100000.00000000004,103522.61,3522.6093749999563,
YS3FWH6TTK9VEY2H2E6AM1CN5C,Buy,Cairo,Apartment,40322.58064516132,40440.38,117.79826108868292,
ANQTGFN1QKYHVBXJHV7E76N8WC,Buy,Giza,Apartment,23529.411764705885,21553.424,-1975.9879365808847,Buy
5GF0GM91BJ4N1MKEBN6JA47740,Buy,Giza,Duplex,79166.66666666666,58770.87,-20395.795572916657,Buy
WAXVHW5D5YXQ29A70B2Y4948H0,Buy,Cairo,Apartment,86111.11111111117,73193.83,-12917.282986111168,
F87166N69H1K6TNQZ0RN3MGVZ8,Buy,Cairo,Apartment,24633.000000000004,28719.914,4086.9140624999964,
VM0F7R45630N6P2ED82MKPM04C,Buy,Cairo,Apartment,82352.94117647053,65167.227,-17185.71461397053,
6EMJYB94JNPWYJ0E8KRRW9PE44,Buy,Cairo,Twin House,71396.22641509435,73827.586,2431.359522405648,
TSAHZBSQ7RQ95BT838675PQ748,Buy,Giza,Apartment,123648.64864864873,67581.11,-56067.53927364873,
8WVCX598D5B5RZBSDKT0HRAN1M,Buy,Suez,Chalet,43650.793650793676,58443.95,14793.155567956324,
SJY4B77Y80MS7BEHHP7HTC2VHW,Buy,Cairo,Villa,32692.307692307673,43345.902,10653.594651442327,
TM8QZ9MVFWSZEZMVM3BZ0SDA8C,Buy,Giza,iVilla,31250.000000000015,32024.373,774.3730468749854,
W07APKBTAKK6RQQWHN81APHBDM,Buy,Cairo,Apartment,29687.499999999975,36170.473,6482.9726562500255,
3PEE81J9G9AV9GXT84BR6605N0,Buy,Cairo,Apartment,71999.99999999996,79118.69,7118.687500000044,
A9S9Z316FHD266MMAM8HZSNDNG,Buy,Giza,Townhouse,71782.17821782173,72148.445,366.2670946782746,
EQH9FDG5WHJW9H0NYJXHERGK8M,Buy,Giza,Apartment,59833.333333333365,51246.855,-8586.477864583365,
T8ZQKA3A7GRBWR3NW18XJDS5H4,Buy,North Coast,Apartment,77738.53614457838,67207.36,-10531.176769578378,
K07MH8C0SN558VR3B4ZN22Y9PR,Buy,Giza,Villa,170483.40000000002,209317.17,38833.77187499998,
0R73CJKA1KFZ8CBZR4WQFRRRV4,Buy,Cairo,Penthouse,32499.99999999997,44886.902,12386.90234375003,Buy
7EJQ8BQMZYC585V1SMBHPHTPGR,Buy,Giza,Apartment,27391.304347826102,39164.332,11773.027683423898,
3GH8R10JWW1A1EGPDANC9Q5WZ0,Buy,Giza,Apartment,35714.28571428572,41055.465,5341.179129464283,
MS6XQX5DCWTP9QTQHV4D8ZNKRM,Buy,Cairo,Apartment,27981.65137614681,31620.764,3639.1122957281914,
DDM8S9EHMWQ6NXW9HKWNVXM6FM,Buy,Cairo,iVilla,18454.935622317607,33180.13,14725.193283932393,
01JZQYYSRKEH13JNS2C1EMTV2P,Buy,Cairo,Apartment,55952.38095238099,44809.914,-11142.46688988099,
BKDVTTEF5ANFJSSGJ7PJ47M880,Buy,Cairo,Villa,57142.85714285714,41756.97,-15385.888392857138,
JN6WEBQXZYYVE4J5XG35JNJAD4,Buy,Alexandria,Duplex,26086.956521739114,41650.18,15563.223165760886,
302S3V5W758FPH3EBETFZRK8EC,Buy,Cairo,Apartment,77083.57558139529,76537.58,-545.9974563952856,
KK16YBEG7RQQKP7RP9BCT15Y2R,Buy,Red Sea,Apartment,39667.50769230772,46975.887,7308.379026442279,
KVEEF5659QV974FYC85TTEJHAW,Buy,Cairo,Apartment,39584.90566037739,39735.254,150.34824587260664,
64BP82V3HPZAD5AANP9MAKVK3W,Buy,Red Sea,Apartment,53000.00000000002,57906.453,4906.453124999978,
303944KFTJT8EVC0AY7SWKGHEW,Buy,North Coast,Penthouse,100000.00000000004,100386.914,386.91406249995634,
4K8P4G9A3J6HQ7YYRVGPQWM6Y0,Buy,Alexandria,Apartment,21081.081081081087,34206.914,13125.832981418913,Buy
NTXSSJ42F1F3NZR71J8AF9GPP8,Buy,Giza,Villa,150000.00000000006,179329.52,29329.51562499994,
AJ9XETG0171FPD938WQVA37R9C,Buy,Giza,Apartment,87500.00000000007,113994.28,26494.281249999927,Buy
ECAGP8GADZ071WAWMQWG1BB6BR,Buy,Giza,Penthouse,64814.81481481487,57713.984,-7100.830439814868,
WYCH7PEQ5GT4KN07274E3YKF58,Buy,Giza,Townhouse,91964.28571428575,93772.54,1808.2533482142462,
CSVT9D39YJPBX2WW2VDBABNP5R,Buy,Giza,Apartment,240000.00000000003,124951.88,-115048.11718750003,Buy
13D7YRFYEDW9MJTT2BYEVVPN5M,Buy,Giza,Townhouse,100595.23809523806,104313.56,3718.3244047619373,
TMST7988PMCZ092M61AT79MG44,Buy,Cairo,Apartment,42056.07476635513,61816.594,19760.51898364487,
A6HEDP7B5AM9ENJH265GDXTFF8,Buy,Alexandria,Apartment,25842.696629213482,24236.803,-1605.893894838482,
EBQX64CB2ASJ2ZR6DTEGAZJ77G,Buy,Giza,Apartment,59531.100478468936,36934.934,-22596.166884718936,Buy
3K1XA8RAEJFNN802H8S7N62FDC,Buy,Cairo,Apartment,32565.572072072046,34861.98,2296.4083966779544,
JZJKVBA5PT5Y53MBAFG6NQ69A4,Buy,Red Sea,Apartment,82986.11111111111,46036.92,-36949.18923611111,Buy
K38EK1SHKPA3R6KKT34P4F1H28,Buy,Cairo,Apartment,39750.00000000002,40936.37,1186.3710937499782,
YCX3KV88NW0DZZKCG88AHMKN94,Buy,Giza,Apartment,139999.9999999999,155353.44,15353.437500000087,
38YWFHG6D06HT7AEQ40D20QRBR,Buy,North Coast,Townhouse,102307.69230769228,84036.77,-18270.918870192283,
BHZNFTFEAKN0S9J2QW4EY0D024,Buy,Cairo,Apartment,50909.09090909095,48822.176,-2086.915127840948,
JDTHBGCD69HWCY38HACRXHGP9R,Buy,Giza,Penthouse,53658.536585365815,44292.96,-9365.575647865815,
TKTG2DZMEG0SHC3AKG4SNRYG10,Buy,Cairo,Penthouse,38783.66027397263,40704.812,1921.1522260273705,
T3C6NH0TH4ZKSKJ6PFPQJZ0GCW,Buy,Cairo,Apartment,71875.00000000003,63673.086,-8201.91406250003,
0GZHBJR1J2HAPG6J905M710XMW,Buy,Giza,Apartment,133249.99999999997,169312.92,36062.92187500003,
7YG4SY98HPNKSJ9MTGB3MAW1XW,Buy,Red Sea,Chalet,139999.9999999999,108774.47,-31225.531249999913,
AKPRNCH5QXHXYZD67YZG3KWACR,Buy,Cairo,Apartment,60185.18518518521,53562.965,-6622.220341435212,
XSJS6DAC51HE3JANTY2QJAXDB8,Buy,Giza,Apartment,61983.47107438017,71123.62,9140.14611311983,
0WT2TPPG8RJAH2SQCTX1SKTYGM,Buy,Giza,Apartment,47500.000000000015,53632.227,6132.226562499985,
B0JS13MK2NV0AYGJM0SB9ABQH4,Buy,Giza,Villa,333333.3333333334,218769.45,-114563.88020833337,
JJZ5C7B1AE7P28WGNMSA8MDGZC,Buy,Cairo,Apartment,57178.21782178222,65569.945,8391.727490717778,
FEV44G9DEVWB1GT3ZEKFCNN8GC,Buy,Cairo,Duplex,30844.155844155866,29300.967,-1543.1890472808664,
YKWDV4SQYGKDR75FZ7BNW77Z40,Buy,Cairo,Apartment,25000.000000000004,27172.854,2172.8535156249964,
4TSDZKPWFNRPERR63JD9XR3ETW,Buy,Cairo,Apartment,34027.77777777779,34796.844,769.0659722222117,Buy
PP4WVPG1NA6JPAQF5XZH8SNTF4,Buy,Cairo,Apartment,46875.00000000003,47900.734,1025.734374999971,
RZG84PPYGCXX96FSTWVBRH9YC0,Buy,North Coast,Apartment,38700.000000000015,69732.18,31032.179687499985,Buy
7PFQCHQGF6267BX0Y2FHM219WW,Buy,Giza,Townhouse,100000.00000000004,106091.164,6091.164062499956,Buy
0CC1GFDF81KYT8T0S86KRFTRRG,Buy,Cairo,Penthouse,65499.99999999995,61743.066,-3756.933593749949,
TNB2PVPXWDQP2NWJDRJ75YJRJC,Buy,North Coast,Twin House,96486.48648648651,81405.62,-15080.869298986509,Buy
EQ90YW1SYP98NHP1MGFMSGSF3W,Buy,Giza,Apartment,230000.0000000001,226443.36,-3556.6406250000873,
YZV13JTA5PJXDCSGHTA5483NHC,Buy,Cairo,Apartment,68750.00000000003,60265.215,-8484.78515625003,
G3RX8VH6BDHGPVWCKAEMBPZD7R,Buy,Giza,Townhouse,50000.000000000015,111141.81,61141.812499999985,
AETT6912TNBTVVSGY2H9TZ6N5G,Buy,Giza,Apartment,33532.93413173653,37813.617,4280.683055763468,
9J1QG079BF9NEABSEP53X1H7ZR,Buy,Cairo,Apartment,66666.66666666672,66761.336,94.66927083328483,
66T7A7QHK0HFQA8T04MZ1S3QMM,Buy,Cairo,Apartment,24687.5,26050.545,1363.044921875,
4S6VCA9XH5AHPXT95191XKH65C,Buy,Cairo,Apartment,49079.75460122704,44015.836,-5063.9186637270395,
PECMCVK7HAMS31C3W80PQ3XRAM,Buy,Cairo,iVilla,30363.636363636342,31464.936,1101.2991832386579,
PGH619ZNHSC8HXC4QA33HWATQ4,Buy,Cairo,Villa,69721.11553784859,61910.934,-7810.1819440985855,
S4QYKSSEXCSZG8A3G26J2N2WV4,Buy,Red Sea,Apartment,51788.00000000003,58316.895,6528.894531249971,Buy
V7MTC546YHCFEQB2R00J19FG60,Buy,Suez,Apartment,32499.99999999997,64561.92,32061.92187500003,
7BAPA7VT865BWGFZ69CE3E3P8G,Buy,Cairo,iVilla,37021.276595744675,38643.383,1622.1062167553246,
CP8HR6VJ0SPCCHSC67BJ2QWX14,Buy,Giza,Apartment,38636.36363636361,31916.498,-6719.865589488611,
SWPMB7GN84NS16BREWMNHYKT2C,Buy,Cairo,Apartment,49707.60233918131,43317.43,-6390.172651681307,
94X0VNB0JDG52YQWYJVR4QS4N4,Buy,Red Sea,Chalet,119672.13114754097,142657.9,22985.775102459025,
9KNBSYHNGP65767BB76GB7BRG8,Buy,Cairo,Apartment,37500.00000000001,48040.957,10540.957031249993,
GV7RES23AF4QHRM2B6KV4HYN8R,Buy,Cairo,Apartment,44705.88235294118,40861.133,-3844.749540441182,
NW2BH8VFGHC14RMGGTRFX0FWF0,Buy,Cairo,Apartment,54545.45454545459,55629.715,1084.2602982954122,Rent
E3436CATAF9MXYN88M9BGAZCM8,Buy,North Coast,Chalet,100000.00000000004,150087.67,50087.671874999956,Buy
7V695BDJQBKHQJFWQRT0YFSQWW,Buy,Giza,Apartment,31999.999999999993,41704.08,9704.078125000007,
PX40E9V064Q8Y0DJ5HRB6FYXE4,Buy,North Coast,Apartment,47368.42105263155,46285.746,-1082.674958881551,
TSYEYJT9W35R4CEBQN3ZZXWTGR,Buy,Cairo,Apartment,58499.99999999996,42473.254,-16026.746093749964,
3Y1JVW2BFQWJM5BRHF5S2FMMR4,Buy,North Coast,Chalet,164179.10447761192,165086.31,907.2080223880766,
JTZBCPDGJFXHFVBENPCP8HA71M,Buy,Cairo,Apartment,45925.92592592592,35653.625,-10272.30092592592,
7GVZFXPZFAB7E987H46D291E40,Buy,Giza,Duplex,83333.33333333333,60665.004,-22668.32942708333,Rent
JWTCDZ9EDYRN06SPXDD7PWR2DM,Buy,Cairo,Apartment,107142.85714285722,46636.41,-60506.44698660722,
MB5GS6WG7H83E937SG5ZF4GVQ4,Buy,Cairo,Apartment,70136.01398601393,75323.94,5187.923513986068,
WDKQAB08M2YAXA1Q762MFGETW4,Buy,Giza,Villa,47836.84210526313,54538.793,6701.950863486869,
BPRTFXB89RKX6A1KBQYS2JRE9W,Buy,Red Sea,Apartment,219178.08219178076,136280.69,-82897.39469178076,
YKA3BG4Q42KG3D5DAG94E1CAPR,Buy,Giza,Apartment,49500.0,64547.516,15047.515625,
KEP9N6T68JWNS4N5STWCF35C94,Buy,Giza,Apartment,31707.31707317075,31666.303,-41.01433879575052,
107G013FBHVYXANAXM1M1NFNZ8,Buy,Giza,Apartment,63679.278350515495,64588.652,909.3739932345052,Buy
9R9SHTPGMT6H8HTFC7PT19HAYR,Buy,Giza,Apartment,37995.5947136564,50239.05,12243.4560675936,
G043NQJK5ZET419FVNAYHB54FC,Buy,Red Sea,Apartment,46000.000000000044,59176.375,13176.374999999956,
4DWT451KT8MCN6HZZDPDGMWPG4,Buy,Cairo,Duplex,22857.142857142873,32497.32,9640.177455357127,
A5HWA15557AVEETF48S8V2P4V0,Buy,North Coast,Chalet,80000.0,91053.22,11053.21875,
NW3BQT18KE7NFTZC33TXEDKPDC,Buy,Cairo,Apartment,54166.66666666662,48442.508,-5724.158854166621,
155J532WN1DAWHVBWX7M5767T0,Buy,Cairo,Townhouse,40000.0,52116.18,12116.1796875,
AJ4PPNDSQM6ZKE1H45180H4ETW,Buy,Cairo,Penthouse,80459.77011494251,76131.8,-4327.973239942512,
F8C14FZ8JWC6AHMKATDNNX3ZTC,Buy,Cairo,Apartment,39772.727272727294,56846.297,17073.569602272706,
63HA8EB1Q4EV3YHHRW10RG5HPC,Buy,Cairo,Townhouse,79652.42718446605,48779.17,-30873.255309466054,
WX4DAZD6YBXP3C4TAR7XHB00FC,Buy,Giza,Apartment,23021.58273381295,23553.45,531.8664849370507,
4G8A7HSRSQQBCWZSYJ2CMSPJQW,Buy,Cairo,Apartment,103846.15384615381,88478.98,-15367.177283653815,Rent
QZ03PPBARN9K12T0Y4V1ZMPT20,Buy,Cairo,Apartment,24157.30337078653,32923.387,8766.083347963471,Buy
XAE358JF0ZRMFWPWQEMS4DND24,Buy,North Coast,Chalet,77764.45000000003,82419.59,4655.143749999974,
1WD74EJWKYZ1239A0N8VTAG7DM,Buy,Red Sea,Chalet,84615.38461538454,97102.984,12487.599759615463,
S63G4JPXS14RKM0209E65QTDCR,Buy,Red Sea,Hotel Apartment,44200.00000000001,60578.746,16378.746093749993,
GG2T1XMYKACE7CN23GB8SBANWM,Buy,Cairo,Apartment,50000.000000000015,43940.176,-6059.824218750015,
FWQBYD8WMTB4V7QN7D0QXZ1BJ8,Buy,Giza,Apartment,68333.33333333328,71246.086,2912.752604166715,
3TACE4CQ1TJZHDJY8R37WVSYKW,Buy,Giza,Apartment,100000.00000000004,75274.03,-24725.968750000044,
18T21CHKDJ4BGZ4900EFPG2T7C,Buy,Alexandria,Apartment,90000.00000000001,78553.6,-11446.398437500015,
64T4HB1JAWKM1NYTYQT2V467J4,Buy,Giza,Apartment,22361.111111111106,31799.342,9438.230685763894,
7TA6E40PDB8E585W6YBFRB7848,Buy,Cairo,Townhouse,66666.67272727271,63038.305,-3628.368039772715,
F8Z32MRM1C3ECXDJR6BKA2N62M,Buy,Giza,Apartment,39285.71428571429,40510.71,1224.9966517857101,
9VFP5HZZS2Q5E1G3ZWG9MWCNVM,Buy,Cairo,Apartment,21750.00000000001,24804.322,3054.322265624989,
0M0N8F030K35YWTRDR5HDAKNGW,Buy,Cairo,Apartment,25000.000000000004,42697.074,17697.074218749996,
80FJ93C9E0NJT7M0D1RYPG4VY4,Buy,Cairo,Apartment,60444.444444444394,67511.47,7067.024305555606,
5CW3ZPK4VABFG1NHTBGGFBAZB0,Buy,Alexandria,Apartment,20444.444444444438,58038.977,37594.53211805556,
C6Z56PHJJN557WR9MGV4STV4CG,Buy,Cairo,Apartment,37878.78787878791,36589.277,-1289.510535037909,
MAXT8GSWKBNP0QZCPY6EXGKA50,Buy,Giza,Duplex,59829.05982905987,67937.49,8108.432358440128,Buy
MXKMKX66CF5RBKBK0JYCN3GF3R,Buy,Red Sea,Apartment,53899.999999999985,63743.508,9843.507812500015,Buy
0EEEN7W9F129E1WK502QJD9HA8,Buy,Giza,Villa,249999.9999999998,254404.53,4404.531250000204,
ST5FCC9DFAPFYZTMANJZEFK1PR,Buy,Cairo,Penthouse,111515.15151515156,75016.25,-36498.90151515156,
YJ1PS5Y2E82Q7KCP8P0GSRKRTM,Buy,Giza,Duplex,86956.52173913048,93481.36,6524.837635869524,Buy
3TXEVMPJMCHBSAEBVYFGK6E6MM,Buy,Red Sea,Apartment,59839.99999999998,48179.656,-11660.343749999978,Buy
EKR03FNF54G12ZMWSR25FY7W60,Buy,Giza,Apartment,41208.33333333332,53546.824,12338.490885416679,
H9B7PKWM7YC2C8CGKX8RVP4HCC,Buy,Cairo,Apartment,91666.66666666664,65123.55,-26543.115885416642,Buy
4FAVWXBSSH8Q25VWB8BW40QPYM,Buy,Giza,Apartment,23214.28571428571,21780.459,-1433.8267299107101,
Q08C6MZWEHZ2JKT1QHNZNC9DKM,Buy,North Coast,Chalet,107142.85714285722,80124.805,-27018.052455357218,
2BZPK72GE9JGDHT7JTCST6KT7M,Buy,Cairo,Apartment,76923.07692307697,72231.4,-4691.678485576966,
3F7YA37J26SKMJGM5601NJGPRR,Buy,North Coast,Chalet,109999.99999999991,88972.29,-21027.710937499913,
Y4XK9DVK68A6K31WWH456GZ5R8,Buy,Cairo,iVilla,47906.976744186046,51354.637,3447.659974563954,Rent
VQQ5DKMXH947R8EWP7E8XJSFXM,Buy,Cairo,Apartment,51581.39534883722,56833.83,5252.432776162779,
HF86FZNHJTHES8SEP1X0V03HGC,Buy,Cairo,Apartment,23461.53846153847,26659.186,3197.6470853365317,
2CSJP1XSA2ARBBTEFEK20QDBT0,Buy,Cairo,Apartment,50000.000000000015,42482.086,-7517.914062500015,Buy
PMGQSAMJ5TSG4MKD61YX9YXJM0,Buy,Red Sea,Apartment,91469.99999999993,60313.11,-31156.890624999927,
J7QZ84S6FC7ENV2XCYZES2FXBG,Buy,Giza,Villa,49047.619047619,64479.348,15431.728608630998,
VFTM1MWEQ9NFQZ147FKZ82ES8C,Buy,Red Sea,Apartment,159793.81443298963,111133.445,-48660.36912048963,
EFDPEFD7XQ4ZMNNC6505S2GFYC,Buy,Giza,Apartment,90909.09090909096,76037.61,-14871.481534090955,Rent
ZZ310AQ0FK7PCJY2DWE8QK4ZQG,Buy,Red Sea,Chalet,130000.00000000009,122986.28,-7013.718750000087,
JK3TQSJ47YARDTVBXY0XM5CF38,Buy,Giza,Apartment,124999.9999999999,212152.27,87152.2656250001,
4FFZS7MDS5XR9KCV4B39G2BB90,Buy,Giza,Apartment,42424.242424242395,60137.87,17713.628669507605,
01JSYJR8PYYCTDP2ED6XW23NW2,Buy,Red Sea,Apartment,193181.81818181815,132705.55,-60476.27130681815,
SB6R653WCXC2ZRRASG6PZ42QDC,Buy,Cairo,Townhouse,103333.33333333331,100525.34,-2807.989583333314,
TW2YRVWYSNCKHJ1VRRP22AMVGR,Buy,North Coast,Chalet,70021.12676056336,71776.266,1755.138864436638,
T5XKWHARY77GHAGPB5HVX51YSW,Buy,Alexandria,Apartment,87178.7709497207,70179.84,-16998.927199720696,
A05R1DGCJ3CG2AK45NREBKYH98,Buy,Cairo,Apartment,31282.05128205126,35094.19,3812.1401241987405,
CX1K2GZXMCET75D4RK8BCQC994,Buy,Cairo,Duplex,51818.18181818179,38600.25,-13217.931818181787,
XNJXV9XYQHZ0YRT57T1FS08HC4,Buy,Cairo,Apartment,75384.61538461545,84145.2,8760.587740384552,
Y3DDBR7TYP5JZHQQXY3J5AHDNR,Buy,Giza,Apartment,150000.00000000006,166473.8,16473.79687499994,
C8N95Y1GD6890YM4N89J0PECWW,Buy,Red Sea,Apartment,115384.6153846154,86942.98,-28441.638822115405,
7YYGDN2HTECY65HY3W92QK0J34,Buy,North Coast,Chalet,131513.15789473694,88072.52,-43440.63445723694,Buy
P4BBY358JH7DCNBMC4CJYT3H24,Buy,North Coast,Duplex,139999.9999999999,125469.055,-14530.945312499913,Buy
0D82NYYC7D8NR8RC4VJXTGDSRC,Buy,Giza,Apartment,165000.00000000015,211547.77,46547.765624999854,
DDQ59C7PBSXPVFVDDS60V9DJ7R,Buy,North Coast,Chalet,87716.66666666661,101882.16,14165.489583333387,
2JJ2JHCFC3A0MY16NXHBXJ396R,Buy,Giza,Apartment,42500.00000000003,32361.947,-10138.05273437503,
69JNAP08Z0ZFW3SFZ8PW9K4NB8,Buy,Cairo,Apartment,62962.96296296299,50735.176,-12227.787181712993,
PB37Q35VSJ6E6X4C9B0AWMEPS8,Buy,Cairo,iVilla,34848.484848484855,33394.45,-1454.0356297348553,
TR9MH8GWN7MATZ4018DV8KFPXW,Buy,Cairo,Villa,192307.69230769222,155050.02,-37257.676682692225,
36GC9K3D4ZZ6WGC81CK44FPNQW,Buy,Cairo,Apartment,88666.66666666664,69326.43,-19340.236979166642,
H7Q270DRJMEXZJ7WGMJRKD7MD8,Buy,Giza,Twin House,71428.57142857146,76246.52,4817.952008928536,Buy
EHFC740G2HKXVJKEJGTX8MKCG4,Buy,Cairo,Villa,61568.62745098039,72500.49,10931.864736519608,
CHBDSQX23MNN40STSAG5VGG2HW,Buy,Giza,Villa,87023.80952380948,75199.266,-11824.543898809483,
ZMY6P9GP6QZ00AVB52W7SVC3J4,Buy,Suez,Chalet,55555.55555555561,54219.484,-1336.071180555613,
8WVFW7HT5Q93T259RHPR97GYWR,Buy,Cairo,Duplex,77727.27272727266,71260.695,-6466.577414772662,
CZTNK6K90TRCA3XDHCHYMMBSQ0,Buy,Cairo,Apartment,40707.96460176991,40887.25,179.2853982300876,Buy
KD1MMT5DFWE7B1R23A2Z76MJ5G,Buy,Cairo,Apartment,48611.111111111124,52988.375,4377.263888888876,
XGV20M86BAHV773QNAXAD3DN8M,Buy,Cairo,Apartment,26999.999999999978,25127.207,-1872.7929687499782,
GDW2EM0NM3F2Y1C4RQ1YFPA66R,Buy,Giza,Apartment,45180.72289156625,40593.438,-4587.285391566249,
Y509FWYDN0ETD4JE8NTNDDZG54,Buy,Cairo,Apartment,33638.22222222225,58723.08,25084.855902777752,
RN4BJ2NT84ZZXVDK1JJ0FKP4TR,Buy,North Coast,Chalet,102117.64705882347,99892.41,-2225.240808823466,
MG2AXY9157ZW6SBEF3QGFK2H6M,Buy,Cairo,Apartment,34090.90909090911,43013.66,8922.75106534089,
AARPH7FF009T8JC7NDYJ3B128G,Buy,Cairo,Villa,185000.00000000006,174683.52,-10316.484375000058,
8YENSSMKQE5A8Z2KNMG88WE2QR,Buy,Cairo,Apartment,40624.99999999998,84788.51,44163.50781250002,
JBQPYQ6J0AZJHS7HN62SDB375W,Buy,Cairo,Duplex,53958.33333333336,50292.598,-3665.7356770833576,
97ZQ5NK49J7VQ8M1HC02KGHKQG,Buy,Cairo,Apartment,103819.44444444453,90218.75,-13600.694444444525,
MFYCMF821M25PEHNN0GV35ZAVG,Buy,Giza,Apartment,49563.20588235291,51720.414,2157.208180147092,Buy
WTYHG0QA57Y7EZ2HE92BTGPCJ0,Buy,Cairo,Duplex,84999.99999999996,87799.125,2799.1250000000437,
E6ABJFTP38B87NZQ78EHYNWP2M,Buy,Cairo,Apartment,142500.00000000012,51403.49,-91096.51171875012,
C09F0TXE68K77PAGZCXG2V4998,Buy,Giza,Apartment,83333.33333333333,72197.31,-11136.020833333328,Buy
FME5HX796T5JCF24X6KW4WFP0M,Buy,Giza,Apartment,29062.499999999985,30715.281,1652.7812500000146,Buy
52K4VTEWXE9VVR4H4KCXZW55DM,Buy,Cairo,Apartment,53061.22448979594,55425.254,2364.029416454061,
1QFVYDJSKNSYS9G11J09FWSHBC,Buy,Cairo,Villa,91666.66666666664,66316.88,-25349.783854166642,
37PJ1JFBSTJAMA1F3W9EVS1DSG,Buy,Giza,Townhouse,56818.18181818177,39524.434,-17293.748224431773,
CMSXR89HGZ3R480QB8CV1FG5WW,Buy,Giza,Villa,50000.000000000015,58736.242,8736.242187499985,Buy
7S4H4JEZ8XCJRGEPTTZ71SDH7G,Buy,Cairo,Apartment,24249.99999999999,38471.215,14221.214843750011,
V2DD0H3X3ZGGFWGH0Y6Y3MNMV4,Buy,Cairo,Apartment,116541.35338345855,60266.25,-56275.103383458554,
F0X9T98RR1HWAYEED127FFB1SG,Buy,Giza,Apartment,20000.000000000015,19775.451,-224.54882812501455,
R5GNGVETSWQSME9G7D6HV669D4,Buy,Cairo,Townhouse,48850.574712643654,77780.484,28929.909662356346,
R7KK16Z3312CV08PFGNBCG232C,Buy,Giza,Villa,69283.2764505119,60675.535,-8607.741294261898,Rent
68RA8J9BTWAFMHSD4NYZGF1398,Buy,Cairo,Apartment,45833.33333333337,44760.582,-1072.7513020833721,
NGYEBBNPSG7FQ2K3VSN2ZZXPNC,Buy,Alexandria,Apartment,28043.478260869546,28747.783,704.3049422554541,Buy
2Z81XVG472211TJA81FZ7FHVH0,Buy,Cairo,Apartment,62616.822429906526,54228.742,-8388.080242406526,
EEY7QZWNG3GP27CTGXHQNSPH68,Buy,Cairo,Apartment,45454.54545454547,41986.14,-3468.4048295454704,
YJ5GXGJ0BAWV8GD09RC796B6RC,Buy,Giza,Apartment,38764.04494382024,30629.514,-8134.531271945241,Buy
DYT313WJNFJX4A9Q2J7BWDAFY0,Buy,Cairo,Apartment,27290.909090909074,57750.543,30459.633877840926,
Q2KGB250YE6WJD1HFM2H8VF6F8,Buy,Giza,Apartment,58928.571428571384,43446.97,-15481.602678571384,
5H20YN118YWWWV8003HXDBY4NM,Buy,Red Sea,Chalet,77777.77777777784,88771.836,10994.05815972216,
VGQWB78NPBMSP0M7F9ZQM9V3J4,Buy,Cairo,Apartment,47328.24427480917,51629.883,4301.638537690829,
NFF29DP6DKGXWDNN3JRB7WQCBR,Buy,North Coast,Apartment,43421.05263157897,52187.6,8766.548930921032,
AYEQ0C1NKZ81YT6J3Z3NY6DZFW,Buy,Cairo,Apartment,35000.00000000001,33105.062,-1894.9375000000073,Rent
KVYF7ZPQFAK86SKDWJDQD8JBCW,Buy,Cairo,Apartment,70469.79865771817,59051.164,-11418.634595218173,Rent
C4N1M017E8XWDKN5NQ2BKBVBH0,Buy,Cairo,Apartment,53030.30303030302,60650.95,7620.646188446983,
EBWC3Z69CC9Y47EHBTZATVZ4X4,Buy,Giza,Apartment,26482.75862068964,27085.35,602.5909886853588,
KSK0M9K20DF1QNQ9FFYTD4R1C0,Buy,Giza,Apartment,80717.48878923764,68125.65,-12591.840351737643,Buy
VMB20VNK53ATZFWN5Z3VAJW6W4,Buy,Cairo,Apartment,104511.2781954888,94010.0,-10501.278195488805,Rent
DVYGTG3BRJ19GG4J324N0V7Y08,Buy,Giza,Duplex,65659.09090909085,51475.703,-14183.387784090854,
49CWM5S4AZSRAVV5PJJDR5EVQW,Buy,Cairo,Apartment,94086.02150537625,82332.31,-11753.709005376251,Rent
CEZPACCX8BZ88Y8GB3V3A3TNNM,Buy,Cairo,Apartment,299999.99999999977,164620.31,-135379.68749999977,
YJWGSD9C4C65NHXVM1D92WG7GR,Buy,Cairo,Apartment,33304.34782608695,36754.74,3450.3904551630476,
9Y6VG2028W9Q8RC9JV52X94VQ4,Buy,Giza,Apartment,39393.93939393941,47412.516,8018.576231060593,Rent
21HV2NDEE5A0G6NC3FPWFDCGKM,Buy,Cairo,Apartment,35999.99999999998,23161.373,-12838.626953124978,Buy
K2XT8V427QH29Z8QYD5CG3RX2G,Buy,Giza,Apartment,215000.0,178436.78,-36563.21875,
NKCANQCXN0Y6X4Z8Q5VDMSG6X0,Buy,Giza,Apartment,44718.75000000001,120916.26,76197.5078125,
H86ZTYR1FRBGHP5EZVW1MKB6V8,Buy,Red Sea,Apartment,63999.99999999997,56163.004,-7836.996093749971,
TQVJ9XTNRCPPXH8DJQYMQ2S9BW,Buy,Giza,Villa,275000.0000000002,219017.86,-55982.140625000175,
3CC5DNY9KK3Z5A032RE8WPZ1FR,Buy,Cairo,iVilla,34256.05536332182,36611.617,2355.5618241781776,Buy
CP84FSW94GC7C1WS1PA560JAXG,Buy,North Coast,Penthouse,77173.91304347826,70277.36,-6896.553668478256,
ZMSXXF6TYJ0ZK4XTDB53BYDPX0,Buy,Cairo,Apartment,25000.000000000004,27159.666,2159.6660156249964,
EGAH01KG265D2E35BAXEK39NWG,Buy,Cairo,iVilla,62717.770034843146,50078.035,-12639.734878593146,
01KAGHXZW6P06R10G3AP0Y9VD9,Buy,Cairo,Twin House,62068.96551724135,65189.977,3121.0110452586523,
34YVS6MKP77RTTRGVMFNBV5DC4,Buy,Cairo,Apartment,30188.679245283012,31949.908,1761.2289578419877,
RY1WKWX10JA945NM7ZP40QKVYM,Buy,Cairo,Duplex,25857.142857142877,28122.021,2264.878627232123,
JAVMGWWADF1NM52DRE1WEG357C,Buy,North Coast,Chalet,55555.55555555561,70485.03,14929.475694444387,Buy
XA4MHH4CXH6NJK2SDXAP2SC9GW,Buy,Cairo,Chalet,83333.33333333333,52549.492,-30783.84114583333,
H51190P9YMGP2S9RNTTY61VTRR,Buy,Cairo,Apartment,78124.99999999996,81492.77,3367.7734375000437,
47544ZNDQHCF9Y53Q6FZBD5E8G,Buy,Giza,Duplex,87912.08791208788,77581.34,-10330.744162087882,
VNEMYVV2A5EGXDGZV1JN71T51C,Buy,Cairo,Apartment,53846.15384615386,46035.914,-7810.2397836538585,Buy
01JH8ECWYBY25BWFGF8WFH7FX8,Buy,Giza,Villa,60000.000000000015,25306.28,-34693.720703125015,
CYJGD45H2BMM8YW02FNJPRM6P4,Buy,Cairo,Townhouse,87500.00000000007,73794.5,-13705.500000000073,
KNYS5YTRTVP7N5GWJJ55K798Y0,Buy,Cairo,Apartment,50781.249999999985,51704.734,923.4843750000146,
KZC6TH1XD4NH5NFSB6W37P78Q4,Buy,Cairo,Apartment,23999.99999999999,25188.799,1188.798828125011,Buy
D0FB1ZR5G08D1MD44YXF079DR0,Buy,Giza,Townhouse,67441.86046511626,58454.316,-8987.54405886626,Buy
NQ1R78G49Y1P05H9ZTNQMDGNH4,Buy,Giza,Apartment,52147.239263803654,46522.113,-5625.1259825536545,Buy
9F61RGDHKGZTJ78PMTZHQKRK5R,Buy,Giza,Townhouse,91000.00000000009,82010.695,-8989.304687500087,Buy
NG12N0HY14R4ABCZ01ETKJW0YR,Buy,Giza,Villa,159999.99999999997,144833.44,-15166.56249999997,
TB6ADCQHAGQJEDB1ZBEYTYBJEG,Buy,Giza,Apartment,106318.8405797102,64950.934,-41367.9069859602,
J0GD3Y1MD5YYT45S8MNNTCPA7R,Buy,Cairo,Apartment,82153.84615384608,65215.906,-16937.939903846083,
AYJZDMGPCK1V2BC64CX9SN65XW,Buy,Cairo,Apartment,84375.00000000006,71852.29,-12522.710937500058,
YNAS8YE3198KB1REYWBVT2GETR,Buy,Cairo,Apartment,69629.62962962965,64520.805,-5108.82494212965,
K01QTH612SSZBSMCJWEXVWDC04,Buy,Cairo,Townhouse,67317.07317073164,61951.57,-5365.5028582316445,
A2ZWCXJ8G13Y02A3Y4YF8TJBFW,Buy,Cairo,Apartment,58906.432748538056,43743.2,-15163.233529788056,
DK5YRPKCB9W70JS4WWKJGCGZ74,Buy,Red Sea,Duplex,114444.4444444445,123869.46,9425.016493055504,Buy
VQ4W7FK5P1CF4M3C33QEE33P9C,Buy,Giza,Penthouse,63636.36363636359,62843.82,-792.5433238635887,
2J2NN1NQ58PF73Z06WJJ89X8BG,Buy,Qalyubia,Apartment,19860.28323699422,23191.7,3331.415981755781,Buy
C2FTTX3WYD6W4WMRF383QXAN9M,Buy,Cairo,Apartment,28000.00000000002,26954.701,-1045.2988281250182,
WH984X8M674XJGX3KSVX90S74R,Buy,Cairo,Apartment,76120.3846153846,63387.113,-12733.271334134595,Buy
GDP9AAAER07BA9KAVYAQM769H0,Buy,Red Sea,Apartment,66000.0,70193.23,4193.2265625,
6PAHZD61XJY1VE980H3EVR8RGM,Buy,Cairo,Townhouse,38376.38376383765,43205.164,4828.78029866235,
BJ2QGQM631R6RV8BFBYFNQ86C4,Buy,Cairo,Apartment,53346.20967741938,48377.83,-4968.381552419378,
5SG99BFD86KW6W2WB8Q3BSCQBW,Buy,Cairo,Apartment,63291.139240506374,66099.484,2808.3451344936257,
01K9YG02C9HJQ85SAY3SHD17RR,Buy,Cairo,Apartment,86400.00000000007,60483.496,-25916.503906250073,
1QFWSGBZ8XBKKRAF55XEZ261V8,Buy,North Coast,Chalet,126315.78947368416,121447.99,-4867.797286184155,
ZKCTKYDEZRFT9KW6W6EJJN2SSG,Buy,Giza,Townhouse,52158.27338129496,52280.707,122.43364995504089,
9CHCZ17W03J3GRWT1KXB34PJY0,Buy,Giza,Apartment,15873.015873015873,18690.318,2817.302486359127,
PKCV4Z3P5J3JV6XEQ6EDCAD20R,Buy,Cairo,Apartment,105263.15789473691,119207.02,13943.865542763087,
01K3KBFTCVY7K4VH8CC48W5ZJK,Buy,North Coast,Chalet,90909.09090909096,86908.24,-4000.8487215909554,Buy
01K8DGEJXMB19PABRYAFAXXEFC,Buy,North Coast,Apartment,91911.76470588236,86018.02,-5893.741268382364,
3WBPBHE7RBD05WHAYAMAJZYEH8,Buy,North Coast,Chalet,67826.08695652176,60489.207,-7336.879925271758,
8E3PHTDD58S696EXDH2CYQ47Y0,Buy,Giza,Apartment,14571.428571428569,24401.127,9829.698381696431,
79Z5HBRCPGRHZXJGRPYG1NFB5W,Buy,Giza,Apartment,40935.67251461985,47574.99,6639.315766630149,
2WHP98B38FKDA3QS1PA9QCT8K4,Buy,Alexandria,Apartment,44692.73743016758,39306.336,-5386.401492667581,
RJWSPR7G2X9GHPRKPC21EMK78W,Buy,Cairo,Apartment,52995.3917050691,54466.906,1471.5145449308984,
MN31C72SV9HPG5RNC8SA700TCC,Buy,Alexandria,Apartment,75000.00000000004,69895.3,-5104.703125000044,
VTYBRF1K0BW17RFY5BFG0VCRBM,Buy,Cairo,Apartment,44900.99009900986,53902.254,9001.263807240139,
HSQNX7DPF7B3DJJ8EZ4Q2Z4Y2R,Buy,Giza,Apartment,39489.65517241377,39072.48,-417.174703663768,
HEBATESV51QT2JQKYSPWYKX7W4,Buy,Giza,Apartment,26391.156462585033,28494.775,2103.6189280399667,
C4TRWVD6V4KSF9N39Z0W5DVRF4,Buy,Cairo,Duplex,33333.33055555555,30917.955,-2415.375477430549,
01KBMS2TKHD1BGABWWAA6ABN66,Buy,Cairo,Apartment,73999.99999999997,47364.52,-26635.48046874997,
G945D75CY03VAGGHSBDPDQHFCW,Buy,Giza,Apartment,73529.41176470592,80470.016,6940.603860294083,Buy
4NAC9168MWTB56HM0RKVA33AEG,Buy,Cairo,Apartment,82285.71428571432,62196.12,-20089.59319196432,
WE33RVJ995X3HKZKZRZ5302XX4,Buy,Giza,Apartment,25000.000000000004,47032.28,22032.281249999996,
YX2AFX08G7MGHTAPR1CRE3JP5R,Buy,Cairo,Duplex,75000.00000000004,168294.86,93294.85937499996,Buy
DNA44P3G7F24CJNHWZDTV7P23R,Buy,Qalyubia,Apartment,24071.42857142857,22880.74,-1190.6883370535688,
K8PPGPKFB3H7FK5TENHS2TV3ZC,Buy,Giza,Apartment,94444.44444444441,88144.11,-6300.335069444409,
6G8WPE6VYXS0BPNQM2ZVM9Z8GC,Buy,Cairo,Apartment,51877.65957446805,64249.28,12371.621675531947,Buy
F5XE6JAZW15ATWMWQZ1RNEKCCW,Buy,Cairo,Apartment,56774.193548387055,54314.555,-2459.6388608870548,
DR7M5RN0AJEKV5V4W4JYYMZNW8,Buy,Red Sea,Chalet,111250.00000000006,93473.516,-17776.48437500006,
01KB2F5KEDDBP0M21XD7YZ1Z18,Buy,Giza,Apartment,31351.351351351324,31747.434,396.0822423986756,
Z68MQ72ZGAB4EAHWZ5D0VRRDY0,Buy,Giza,Apartment,41284.40366972474,57115.344,15830.940080275257,
J9R4K83VX3S5GX55CQ7T6S2NNW,Buy,Cairo,Apartment,60139.43518518518,62072.57,1933.1351273148175,
X05KT603Y94H496A04MKCPERWW,Buy,Cairo,Apartment,58385.09316770181,65920.06,7534.969332298191,
QM6TH1HJRHXFRB5VSDY65V4E04,Buy,Giza,Townhouse,57522.123893805314,67521.9,9999.774543694686,
QNAYMZ5CWQBN6TAB284PJ7HFEM,Buy,North Coast,Apartment,91313.48255813954,55014.066,-36299.41615188954,
A60KK0YFDNQ6FXEV5JYCHWDQKW,Buy,Giza,Villa,55033.78378378374,39424.293,-15609.490815033743,
MZ8M6PV7DNW7SJCM1SB5RQ4RF8,Buy,Giza,Duplex,225000.00000000015,147533.92,-77466.07812500015,
JNXDBK1AGR0FJJE0GN63HDK07R,Buy,Cairo,Apartment,36842.10526315787,37901.17,1059.0666118421286,
5NCEEQG38B4JKE3965XSJ0E8W8,Buy,North Coast,Chalet,60337.11111111106,85775.055,25437.94357638894,
A2896R36BVH5K1JMZQM4WNJY2C,Buy,Cairo,Apartment,23030.303030303046,34720.93,11690.626657196954,
AT3YGXMEM17W8RM90KT233552C,Buy,South Sainai,Chalet,74197.36842105261,64021.684,-10175.684827302612,
NABZ7SBZRRV9CR18KQMNACA1DM,Buy,Giza,Apartment,80000.0,107359.25,27359.25,Buy
9ZJPHR2QTK0M1AKW67B4K3NVY4,Buy,Cairo,Apartment,58620.68965517244,45172.008,-13448.681842672442,
HWZFV9FFBXZX06QM3C21RCV1V0,Buy,Cairo,Apartment,51562.500000000044,43134.062,-8428.437500000044,
JAT1QNQ6E07AP8DYE08EHKH3AM,Buy,Red Sea,Apartment,90410.18867924521,55087.41,-35322.77852299521,
PXGF0TSTBHK03NZ9XM33JE1P14,Buy,Red Sea,Townhouse,91269.49999999996,89639.25,-1630.2499999999563,
WT1XMEY2S5Z7YAEFZZTYE9Z7HM,Buy,Cairo,Duplex,40145.98540145985,54603.066,14457.081004790147,
6CT8TV8FCBCY4FTTNAWNPY9GPG,Buy,Giza,Twin House,79831.93277310926,66574.09,-13257.839023109264,
A0ATMPZXNVA23JJYWXGTE605C0,Buy,Cairo,Apartment,66000.0,49321.758,-16678.2421875,
30B62EKX2HEDYDQY6NVY2ZBB1G,Buy,Cairo,Apartment,99090.909090909,83818.02,-15272.885653409001,Buy
7NZX0B31H6VDNDKV9SB8KZMHYW,Buy,Cairo,Apartment,82000.0,103882.7,21882.703125,
0GPMT1021HG74ES5TP0SVAZ41C,Buy,Giza,Apartment,63291.139240506374,56916.707,-6374.432209256374,
TN1CC5WJA956YERZPNWV5K4VD4,Buy,Cairo,Apartment,57142.85714285714,55161.535,-1981.3219866071377,Buy
S1AE6V7ZZWT2E7S2BXG79W4T7W,Buy,North Coast,Chalet,106000.00000000001,138794.7,32794.703124999985,
Y6B501XBE4SZPGQ6JZ5KCVP7NW,Buy,Red Sea,Apartment,145161.2903225807,151890.47,6729.178427419305,
N8DVAJZXG91VFCVTRXBYDXP94R,Buy,Alexandria,Apartment,30693.06930693068,53094.91,22401.84084931932,
VKAWB2MGTVWXK14AMYTWNZ4CZ0,Buy,Giza,Townhouse,64659.09090909087,66635.33,1976.237215909132,
Z7BBA0QHFYNM1G1TBPZP3BZJZW,Buy,Cairo,Townhouse,69133.99999999996,72448.234,3314.2343750000437,
BR45EV1GJ9S18WJCXEEHRFZ070,Buy,Suez,Chalet,46000.000000000044,60411.61,14411.609374999956,Buy
1CR8HF2FR34MSQ0RCHYXWYDHQW,Buy,North Coast,Chalet,215328.18181818168,64477.07,-150851.11150568168,
2SERSPJ8VZEAY8XDSAMDB8VJQR,Buy,Cairo,Apartment,24217.687074829915,23589.643,-628.0444967049152,Buy
PRR0TPKSE2T1PJGPKVVYQYZ28W,Buy,Cairo,Apartment,73999.99999999997,79274.43,5274.429687500029,
Q6YW6JDBVK44QJJHMF13NX8QZ4,Buy,Cairo,Villa,22500.000000000015,38750.812,16250.812499999985,
NSJJ1E308HBPAA96CN617QV5M8,Buy,Cairo,Apartment,55428.571428571464,52091.93,-3336.641741071464,
GFMS28W9R2CK13QJHX54T6S49C,Buy,Cairo,Apartment,56136.36363636362,60758.688,4622.323863636382,
KS081YS72YD6YDGGB14WBNGXHR,Buy,Cairo,Apartment,29931.972789115673,34506.195,4574.222523384327,Buy
PPWMSPC419XBWS332261N75REM,Buy,Cairo,Penthouse,46296.29629629633,51984.586,5688.289641203672,
4D49C2XCMK4PYA2KF8V62K92YC,Buy,Cairo,Apartment,29302.325581395362,30733.947,1431.621684229638,
Q5TFB1S2KNA4ET0S9RQWDK28TW,Buy,Giza,Apartment,25966.66666666668,29324.143,3357.475911458321,
TVE923GJBQA9GJVJ30CETE4GJ8,Buy,Cairo,Apartment,50343.75000000003,95796.484,45452.73437499997,
4XMJ49Y59SAMCWBHT4S3AYMAP4,Buy,Giza,Duplex,39795.918367346916,65842.72,26046.800382653084,
711MTK9PSJN54EXHA89372BPG4,Buy,Cairo,Townhouse,85201.79372197308,68244.06,-16957.73122197308,
8FXN4HYQKFD1BFR7HZK80WF3A0,Buy,Giza,Townhouse,52264.808362369324,54772.938,2508.1291376306763,
3BY4BM33J4H2RJ69PANFR547QG,Buy,Giza,Apartment,33333.33333333334,35492.51,2159.178385416657,
GECQ7EXZCN0AG22CW90PMFHG20,Buy,Red Sea,Apartment,48000.00000000004,41423.117,-6576.882812500036,
SZCJHPK9716ED66K61BMNGZ32W,Buy,Cairo,Duplex,30715.812765957457,30633.72,-82.09206283245658,
C9KY0Y9777WHZDSE33KMEFVY1R,Buy,Giza,Villa,48192.77108433735,60072.297,11879.52579066265,
132P8ED5HKXZK664KKY8VXMSSM,Buy,Cairo,Apartment,29850.746268656723,45312.844,15462.097481343277,
NQ2K1E9EGMH1FNQ3HGSJVJY7ZG,Buy,Cairo,Apartment,66897.95918367349,64453.402,-2444.5568399234908,
2TTRNNZDKVA8VWGT9DRPPYWZWG,Buy,Cairo,Apartment,70031.914893617,62202.47,-7829.446143616995,Buy
VAG8ZFJYMP4T7C6YHEBT2DVGR8,Buy,Cairo,Apartment,66906.47482014385,63771.66,-3134.814663893849,Buy
6X5C4AETAXVPP8ENTMZB5RNXA4,Buy,Cairo,Apartment,40000.0,36980.117,-3019.8828125,
1JA3YB8ZS0WZEQHWN9QW2GX5Y8,Buy,Cairo,Duplex,68888.88888888893,56633.094,-12255.795138888934,
4KT67MEHYJ4DNNM6FEHM3406F0,Buy,Cairo,Apartment,70192.30769230764,66268.58,-3923.729567307644,
RZDFS01WZ08N5PZZDG19WCACVC,Buy,Giza,Twin House,57500.00000000001,59931.47,2431.4687499999927,
GX3XW1YEBKM221QY79BM2SRPDM,Buy,Cairo,Apartment,39772.727272727294,33951.195,-5821.531960227294,Rent
KFNTB1DGZ3TH0PMWHX6Z6MZWD4,Buy,Red Sea,Apartment,204264.70588235304,140272.7,-63992.00275735304,
1M0EB2MNQEBAFSMT20MGTANDNC,Buy,Cairo,Apartment,37313.43283582091,39521.418,2207.9851329290905,
HQV2BSK1D9X629K3H22Y77PXSG,Buy,Giza,iVilla,44999.999999999985,43033.438,-1966.5624999999854,
G4FFPFRBVDATWDMT1H95NEZR5C,Buy,Cairo,Penthouse,82608.69565217398,76876.28,-5732.414402173978,
ASP427Y0AC5TQ8XSTTH6RY9WE4,Buy,Cairo,Apartment,56299.21259842525,65510.195,9210.982714074751,
JDPV8SZTJZF91P418ZN8SGDH10,Buy,Cairo,Apartment,51793.893129770964,56807.33,5013.434995229036,
FAP5RZV082J80N7GAHWV0ZE1S4,Buy,Cairo,Apartment,17999.999999999993,33537.914,15537.914062500007,Buy
RH59ZD5M4VJMG6MP8YCGEPYV04,Buy,Cairo,Villa,77952.75590551186,66653.695,-11299.060593011862,
01JWNKQ519ZDSVK4W6W7QF4WT9,Buy,Red Sea,Apartment,120535.71428571435,124243.445,3707.731026785652,Buy
VTRG65PDVHD9JRMTJJBVVP5WPG,Buy,North Coast,Chalet,62499.999999999956,58421.77,-4078.2304687499563,
CDTVQ12AHTJW8H442CW6QG78S0,Buy,Giza,Apartment,25000.000000000004,31963.408,6963.408203124996,
1C01HWHGPZKQSJW1TF3MW0EZFW,Buy,Giza,Twin House,139999.9999999999,124250.31,-15749.687499999913,
2N0J11HTJJTEMAKRZ0NRNN40S8,Buy,Giza,Duplex,38152.61044176704,29081.701,-9070.909269892043,
JE16M2K1E9NQVQJQQEG7PH66E0,Buy,Red Sea,Apartment,137614.67889908247,109409.0,-28205.67889908247,
3W9ZDVSW6AAHQJGHDEN3MYRQJW,Buy,Giza,Apartment,31407.035175879406,29748.303,-1658.7324415044059,
FAT3T7CZTJ7GNFTGW70F4YKCWC,Buy,Giza,Villa,42145.59386973178,42693.207,547.6131615182167,
68ZJVKNNNAVYFBBK2E0Q1GDYQ0,Buy,North Coast,Penthouse,71135.09090909088,76486.94,5351.846590909117,
13TZHMAZQAST8APGNMJ26593CR,Buy,Giza,Apartment,23021.58273381295,26779.846,3758.2629693120507,
HZW067GD3RAG1AQRFB0B0TVY6R,Buy,Giza,Townhouse,64150.94339622646,54360.316,-9790.62698997646,
KTFYFN7NSVT9E0G878JFQ2X028,Buy,Giza,Apartment,73290.3225806452,75816.9,2526.5758568548044,Buy
V3SHSTYBW260THDED0GZTT8ES0,Buy,Cairo,Apartment,67558.33333333334,63726.668,-3831.665364583343,
FPPJ91DC17E4DDBCDEPR42C1Z8,Buy,Cairo,Apartment,64864.864864864845,62472.375,-2392.489864864845,
M3S1WT3478KN4281XH2AGD8T6G,Buy,Giza,Villa,199999.99999999997,192775.12,-7224.874999999971,
4CMY7YSA20W7KXCP4HJBXG3BMR,Buy,Giza,Apartment,82500.00000000001,103574.16,21074.156249999985,
4Z3JV2G5YZRWB7QQ44HN56S1K4,Buy,Giza,Apartment,215000.0,204923.95,-10076.046875,
4K05H4VX1KFW9QPP92J4DZ3NVW,Buy,Giza,Townhouse,40588.23529411767,71928.94,31340.702205882328,
S4NZWW7CFTY6819ZMKS112N7DC,Buy,Red Sea,Apartment,58849.99999999996,58197.777,-652.2226562499636,
57K88696Z591W3CFPKKAZW0TJG,Buy,Giza,Apartment,60000.000000000015,60380.848,380.84765624998545,
027XX9DQK42R7V9XS4GZPVBC08,Buy,Cairo,Apartment,63333.3333333333,61466.58,-1866.7552083332994,Buy
JF3H7M89Q302CCZ226EN5CBP0W,Buy,Cairo,Apartment,25242.236024844726,31576.404,6334.168272030274,Buy
WVN7HNFM24NEPTF8P1180DDHQR,Buy,Red Sea,Apartment,60000.000000000015,58015.07,-1984.9296875000146,
N1BG7ZS6DYM4D2DRRB9BEV7MVM,Buy,Red Sea,Apartment,48150.00000000004,49125.11,975.1093749999636,
VJ9SYRAW57D10N61V19HP525D8,Buy,Giza,Twin House,92000.00000000007,163348.11,71348.10937499993,
JQAEZK80ZZYXVCJ17NHFV1GG9W,Buy,Cairo,Apartment,71428.57142857146,71667.234,238.6629464285361,
MMMYZ45XJGS8ZREZ3ZBMZBQAKW,Buy,Cairo,Apartment,30789.473684210545,28175.256,-2614.217824835545,
GXRPSJNJPQMVY1Y530K6GFF1XM,Buy,Red Sea,Apartment,50099.99999999997,51039.656,939.6562500000291,Buy
87HWAV0E80V8FSZGKM9DQW5QVW,Buy,Cairo,Apartment,26666.666666666664,26728.941,62.27473958333576,
NAWSZ1MRYMHXA157RF3RE00HSR,Buy,Cairo,Apartment,29999.99999999999,29825.686,-174.3144531249891,
VKFW322EESGDAXR2P2V81GJJXM,Buy,Red Sea,Apartment,66000.0,70901.62,4901.6171875,
57C85PYNSVMWXRTZCER7RDNPQ0,Buy,Suez,Chalet,100000.00000000004,107983.67,7983.671874999956,Buy
MJMG1MHBSZ75M6FK649WKQPFE4,Buy,Cairo,Apartment,34374.99999999997,34196.05,-178.9492187499709,Buy
F6NSZG86M7709XT62X205CA6TM,Buy,Alexandria,Apartment,37500.00000000001,37014.695,-485.3046875000073,
VB6AJ2XRPDCH6DSSZDVY33ZCRR,Buy,Cairo,Apartment,29999.99999999999,35476.637,5476.636718750011,
F1FV9X21N6HNMA3AADTN1V1ZN0,Buy,Giza,Apartment,30010.256410256436,31974.781,1964.5248397435644,
0PH1NKGHAYSXG3WD4RJ00JNNVW,Buy,Giza,Villa,67370.8920187793,65590.96,-1779.9310812792974,
T7VSND4J6WAZQ44QG45WS8AF14,Buy,Cairo,iVilla,67441.86046511626,40776.54,-26665.32140261626,
DGNBART9G7PT1TT501ZC5SM1X0,Buy,Cairo,Apartment,59405.940594059415,53598.07,-5807.870281559415,
CRAVFEJHRHDD10Y1F9DJRC6F98,Buy,North Coast,Chalet,129166.66666666657,96432.805,-32733.86197916657,
CDC4G7VDS4YMGJYSNV4X4A7K00,Buy,Alexandria,Apartment,38000.000000000015,45769.27,7769.269531249985,Buy
X34A9FQ9KDTRGHJHVNRE2604E0,Buy,Cairo,Apartment,77249.99999999997,40719.76,-36530.23828124997,
YNXNBD229TK59E4X1MCVWNXSS4,Buy,Giza,Apartment,139999.9999999999,144722.98,4722.984375000087,
NCS4M7AKZJEHVY0H2EBK9BQMH4,Buy,Suez,Chalet,68741.17647058818,46387.605,-22353.57100183818,
A874DNJ1E0XEAQM4XP4VVXJ9G4,Buy,Giza,Apartment,25000.000000000004,28299.646,3299.6464843749964,
Y9XBAHTK85E3FW5XK16TFPM12C,Buy,Giza,Apartment,124999.9499999999,116349.77,-8650.176562499895,
SKACDNTM9KHKD11XY089C7VY54,Buy,Qalyubia,Apartment,24699.999999999993,25726.025,1026.0253906250073,
8SPXTQ7M5M5QF77XE4XC6QFDN8,Buy,Red Sea,Apartment,46999.99999999999,53572.52,6572.519531250007,
3VTV34GCHZH7HXQBGS8HVAR0Z0,Buy,Giza,Apartment,124999.9999999999,148802.27,23802.265625000102,
8VDP9H3JDMV223WHG7K1GZTZSC,Buy,Giza,Apartment,76595.744680851,53933.414,-22662.330618351,
8HQV6DDPHY9W04Y7T6ZG478FMM,Buy,Cairo,Apartment,33120.27210884354,35624.77,2504.497422406457,
01JZ359Y5MPXK0XASH8NFR7464,Buy,Cairo,Apartment,52488.687782805464,54940.766,2452.077842194536,
FTMV9Z2RRFP4ZRVXPECKVY40QR,Buy,Cairo,Apartment,89005.23560209422,90106.625,1101.3893979057757,
BS16HB207FYWVAM6RP79E8CP1M,Buy,Cairo,Apartment,101396.64804469272,90396.17,-11000.476169692716,
VE4T39T52KCMTH3E4Z09RC2X0W,Buy,Suez,Chalet,53846.15384615386,40927.277,-12918.876502403858,
V4DPVERQR94G7AEPX5ENNP42Y0,Buy,Cairo,Apartment,45454.54545454547,49443.973,3989.4272017045296,Buy
NAQFEND1XF257GF4F99111DEH4,Buy,Giza,Villa,324999.9999999999,260766.14,-64233.85937499988,
WXAE91K972J0AN3AJ1C0N7EY2R,Buy,Giza,Apartment,48000.00000000004,36170.13,-11829.871093750036,
A87RX6AH7RGDNFRN4VSW5PBQEC,Buy,Cairo,Apartment,50420.168067226936,52900.92,2480.753807773064,
2VFNF6VPTXFJY31HMZP5Z5W6JG,Buy,Giza,Apartment,66972.47706422019,92189.555,25217.07762327981,Rent
SNX1ERP8505DSYK1SWBNV3T4X4,Buy,Cairo,Apartment,84999.99999999996,89528.01,4528.007812500044,
FJES2TT1VMNQR1WP08RPH14NER,Buy,Giza,Apartment,51428.571428571435,35058.93,-16369.641741071435,
TJBBB4TCVF8CTEFFB2SJ0APWE8,Buy,Cairo,Apartment,35714.28571428572,33744.02,-1970.2661830357174,
HQT6J92THTP9WCG5PXFKCB77TM,Buy,Giza,Apartment,43333.33333333333,38503.44,-4829.8919270833285,
96TPK4TWPRCK4NABCE6Y59BH8R,Buy,Cairo,Apartment,68780.48484848483,55909.53,-12870.953598484833,
07MNQH0X3M0MCBNJTZZJ6HHHS4,Buy,North Coast,Chalet,48150.00000000004,57323.91,9173.910156249964,
9DFV78A2C65NZACCME2ZM51SZR,Buy,Giza,Villa,87146.83333333333,113775.21,26628.37760416667,
X1CN8TEXPW09XWR315T2B0EVN8,Buy,Cairo,Apartment,91746.66666666674,94417.48,2670.8098958332557,
TEMTVTKRZ9GRSDTVSYF9030QX0,Buy,Giza,Townhouse,55555.55555555561,87810.016,32254.460069444387,
A4TT1RSA5ZC29WXCQ9D9CTCQG0,Buy,Giza,Apartment,58333.33333333329,34309.566,-24023.766927083292,
JFJZS06P9XG9BQZP39VQWV582G,Buy,Cairo,Apartment,59259.25925925924,65710.3,6451.037615740759,Buy
7YGP9GF7KYPBVP58G8P7ZJEPEG,Buy,Giza,iVilla,31578.947368421042,34226.46,2647.5135690789575,
EF6PX2VRGGFWDB9BYAT22WMA94,Buy,Red Sea,Chalet,112262.21874999999,122703.94,10441.718750000015,
HE8GHQ90VDEPRGDT99JW2N0JDG,Buy,Cairo,Apartment,25000.000000000004,35164.08,10164.078124999996,
1DANEW2FZY76BA94DKGE00DGAW,Buy,Red Sea,Apartment,46000.000000000044,53601.85,7601.851562499956,
D43DBHT3P7EQD92CMJAQZD43V0,Buy,Giza,Townhouse,113004.40000000002,127459.14,14454.740624999977,Buy
VEDF9MDNG5DB4JFXQ4F2EJT56W,Buy,Giza,Villa,48387.09677419354,46161.74,-2225.3584929435383,
RDV4CQRHQ0Z1GS221G11DPJD7G,Buy,Cairo,Duplex,61777.77777777777,60102.383,-1675.3949652777665,Buy
PWR7375577BP26MFMYG4VS37MG,Buy,North Coast,Chalet,38133.33333333333,34485.93,-3647.4036458333285,
4AFG8NEPZ7ER5136ATSQ88QQGW,Buy,Cairo,Apartment,91437.0689655172,72726.45,-18710.615840517203,
4NBVB01K3DRC20XRKWR06NHZDM,Buy,Cairo,Apartment,24242.42424242424,28796.848,4554.42341382576,Buy
TTV4RCVMM1K98AC1V1KNGD40ER,Buy,Cairo,Apartment,70000.00000000001,45707.066,-24292.933593750015,
AAARR2HTC48ZV6ZJZKEXJ2J2X8,Buy,Cairo,Apartment,51204.81927710846,53659.344,2454.5244728915422,Buy
8550YMTVNG0AD9H3Q91FSMHK9R,Buy,Red Sea,Chalet,98296.29629629628,104063.766,5767.469328703723,Buy
R1CS9BDTQY4QV1YV7A8C4FPY44,Buy,Giza,Apartment,150000.00000000006,201860.06,51860.06249999994,
A0GY3HMV6NVPYHKP19T1PX2T9G,Buy,Cairo,Penthouse,81415.487804878,51751.895,-29663.593273627994,Buy
N97EC5D2QPWQWFP40SRQHKB3Q4,Buy,Cairo,Apartment,58096.551724137935,43973.04,-14123.512661637935,
JCWYS229GA4TZBM1Z118J68NBM,Buy,Cairo,Apartment,77777.77777777784,76435.016,-1342.7621527778392,
K6N8P7YRCSGBR4BW3VE3YATGGR,Buy,Cairo,Apartment,92857.14285714286,101283.26,8426.114955357145,
5T2MTMBCD10X9P7MXD67RTSVDW,Buy,Giza,Apartment,96176.47058823533,80767.72,-15408.75183823533,
1E894FSA28WFN3KA60WMXB6JSW,Buy,Cairo,iVilla,49145.29914529917,58158.605,9013.30632345083,
E4Q5VDB8QEN5XEA3GTXNC322JR,Buy,Giza,Apartment,29850.746268656723,33796.805,3946.0584188432767,
VNRCMJW55XJRJ91P7SY3HF0W7R,Buy,Cairo,Apartment,61904.76190476195,57200.434,-4704.328311011952,
VNZ1CW6QBVVBSZQX05HKW2YWSM,Buy,Giza,Apartment,94078.94736842105,41004.79,-53074.15830592105,Buy
7FCNXH0XHDHGMT30WRKCZYHWRG,Buy,Cairo,Apartment,36363.63636363634,31653.803,-4709.8336292613385,
A9REQ50KJZ8STAQ5H8KHC7F884,Buy,Giza,Apartment,71693.54032258065,86030.82,14337.279989919349,Buy
KFCXSYVPVNSEE9WF3CSZG9YRSG,Buy,Cairo,Apartment,20000.000000000015,33574.72,13574.718749999985,
ZDJ81YQ33YCK2139MXRW9HXX50,Buy,Red Sea,Apartment,43999.99999999997,52382.07,8382.07031250003,
C4HX2QRT5W5G8Y2A7YE9JJ4KDW,Buy,Cairo,Apartment,21111.11111111112,27380.209,6269.09787326388,
3CS4DRPWB3DZPWF370V1NVQ728,Buy,Cairo,Apartment,15862.068965517225,22457.736,6595.667362607775,Buy
WMJ8Y1RYSJMB3K38T50ABA7V88,Buy,Cairo,Apartment,71428.57142857146,59573.6,-11854.969866071464,
JC0V17874YA1FPY9NCNN62MDQR,Buy,Cairo,Apartment,43974.35897435899,44370.543,396.18399439100904,Buy
WENJG3FSTH53FFVSEMSYGRBDYC,Buy,Cairo,Apartment,32560.0,50170.293,17610.29296875,Buy
0CZTVHTJMHKXE1CYX301QQEBQ0,Buy,Giza,Townhouse,52226.8907563025,76052.695,23825.8045561975,
EZ2JYX7MBWFTFR6BDXEECE98RW,Buy,North Coast,Duplex,139999.9999999999,122640.18,-17359.820312499913,
AM9NT5BNS1YK0ZD7W0ZRP4WJEG,Buy,Cairo,Townhouse,82188.88888888886,68442.33,-13746.560763888861,
14723F065YZD34C5J6YW09BYR4,Buy,Cairo,Apartment,49623.65591397851,49780.57,156.9143985214905,
GHEYNQ3Z5GKHX848R3W90JV664,Buy,Cairo,iVilla,44680.85106382977,42061.168,-2619.6830950797666,
G7Y69C93M3EXS26XYKECN486GW,Buy,Alexandria,Apartment,84347.30538922155,66152.2,-18195.102264221554,
3P2WW91W5VTEK4MX6X8WS18XWG,Buy,Giza,Penthouse,71195.652173913,90024.766,18829.113451087003,
ZG47WNGY8JT6PA3QWSKZZV2S10,Buy,Giza,Villa,71766.91729323304,41933.12,-29833.79619948304,Buy
JQNMQBAG928RYT85WSB3Q61YD0,Buy,Cairo,Apartment,57831.32530120479,55213.273,-2618.0518637047935,
N8409AFH8QDVKMYB04BNEHD9NG,Buy,Giza,Townhouse,42857.14285714283,61116.27,18259.126674107167,Buy
KP1H1JCA5BA0EMZWVE1V8S0ZCC,Buy,Cairo,Duplex,40825.68807339446,48368.97,7543.280676605536,Rent
3K4APEEA0A5TK4B6GT8GZXANP0,Buy,Giza,Apartment,124799.9999999999,197997.81,73197.8125000001,
Y38X50BY9S4PRW17FKT83NY0WM,Buy,Cairo,Apartment,73251.02880658436,65910.57,-7340.458494084363,Rent
E7S30J55ZTTZKVKP16Y7PPBHAG,Buy,Giza,Villa,76207.99999999996,164389.08,88181.07812500004,
23Y8SQ2BA43RBFSC99RBCV94E0,Buy,Cairo,Apartment,61234.97777777781,49304.547,-11930.430902777807,
QTVC6BQEZD9T8NE78W628RM3K4,Buy,Cairo,Penthouse,52272.727272727294,49037.344,-3235.383522727294,
67TEHRFJTY3S2JS62D86DZQ1D0,Buy,Cairo,Apartment,81428.5714285714,67569.25,-13859.321428571406,
V1NXMJCVS9AE9M8ZM9F8YXCSVM,Buy,Cairo,Duplex,67415.73033707867,56933.65,-10482.081899578669,
7VBF9R2NBAFV818RNVW7DERZK4,Buy,Cairo,Apartment,34499.99999999998,50103.543,15603.542968750022,
71R89R0ZG5SCR6H87BD1ASNXDM,Buy,Giza,Apartment,32187.49999999998,44755.29,12567.789062500018,
2JPCDKTZVTBZKPEJWDHB2J3GHR,Buy,Cairo,Apartment,84999.99999999996,89548.51,4548.507812500044,
FKKEEJE2F9ACRQNZ9H98V29DWR,Buy,Cairo,Apartment,89120.00000000003,63315.88,-25804.12109375003,
2TD4AN87N79P4PQ4E5MTQ338HC,Buy,North Coast,Chalet,71818.18181818185,90345.49,18527.310369318147,
ZK4VBRF8WZEWC291RZ1WWFTNJW,Buy,Cairo,Apartment,93750.00000000006,87637.0,-6113.000000000058,
SHJD77YEXT2DA001YJVGG8SHEC,Buy,Red Sea,Chalet,77500.00000000006,77905.27,405.2734374999418,
KWX4RCET9K24B4RJYJXTCD70YC,Buy,Suez,Chalet,92000.00000000007,90104.65,-1895.3515625000728,
A05JPAENH9FK7ZJ5B2SWKWQABW,Buy,Cairo,Apartment,20857.142857142862,21580.8,723.6579241071377,
36HJPNMDPDMERT8R8VFVEE9BGW,Buy,Cairo,Apartment,43181.81818181816,31818.605,-11363.212713068162,
DZGCG6WAQ44R38CDCRN8WSEB6C,Buy,Cairo,Apartment,43859.64912280705,44444.996,585.3469709429482,
MHR5C330KJX7R6B3QBMQ193Q78,Buy,North Coast,Chalet,150000.00000000006,153755.69,3755.687499999942,
CDWE2DK7Q2JJWG8RM78VSSM4DR,Buy,Cairo,Apartment,114035.08771929823,92938.23,-21096.86115679823,
43KE3JMTEAGHFSPH1C6G9EY89R,Buy,Cairo,Apartment,61538.461538461495,71409.95,9871.491586538505,
7VZ579H4RP8CTM8X88MDEYP78C,Buy,North Coast,Chalet,64814.81481481487,58523.32,-6291.494502314868,
GWCEJTYPSP5YAJWT2F9WWPZ42G,Buy,Cairo,Apartment,42475.72815533979,46439.176,3963.4476259102084,
TK5NBK644J2RFQFFHZNK66B6A4,Buy,Cairo,Apartment,52000.000000000044,41004.164,-10995.835937500044,
7GR8NRWVN5SNQRX1W8V9RVVD18,Buy,Giza,Villa,275000.0000000002,245686.72,-29313.281250000175,
6Q9K68BJ99JDX442Z3FSXC4J5G,Buy,Red Sea,Twin House,102500.00000000009,111609.49,9109.492187499913,Buy
2XSNN7JQNBSR9BN61G72JKSC3C,Buy,Cairo,Apartment,61538.461538461495,55629.824,-5908.637319711495,
DQ2QSYSHYJ56M2VX0JCKENDG6W,Buy,North Coast,Chalet,71008.73786407762,71323.99,315.2543234223849,
878F7BZKSFMZVWYJJCWR3WGS08,Buy,Cairo,Apartment,48484.848484848524,49658.094,1173.245265151476,
4FBV2TBGT3K67KW9ABAKB3RY00,Buy,Cairo,Apartment,37307.22891566268,30435.465,-6871.764071912679,
WMRBK8FW9YCQ1ANNY61ZWQXZ04,Buy,Suez,Chalet,69565.21739130441,54703.19,-14862.02598505441,Buy
NMB1236JDB1S30HJ9KM7ATHN2R,Buy,Giza,Villa,120000.00000000004,192115.33,72115.32812499996,
W1T1SV9JAYSCS7SX8VRB9JQJT4,Buy,North Coast,Chalet,35000.00000000001,54182.523,19182.523437499993,
VT684R5RGX8SGVJWYVT69MMZYR,Buy,Cairo,Apartment,45789.47368421055,32559.24,-13230.233449835549,
2VFP1CD3MWZSNK4ESKRDSSMYW8,Buy,North Coast,Villa,95999.99999999996,131324.69,35324.687500000044,
2Q4VGJFPRAEA77P482Y0HC7MS8,Buy,Giza,Apartment,69575.5461538462,42867.05,-26708.495372596197,
F9CD9ABP3HKGWQK78602JQEBPR,Buy,Cairo,Apartment,56910.56910569101,50989.06,-5921.510511941007,
F8M8BMCVYNWSCY8VKMVJGC08F4,Buy,Giza,Apartment,54117.64705882349,49115.273,-5002.373621323488,
59WYKXQGKJRER47BCWT93NPRM0,Buy,Cairo,Apartment,41999.99999999999,41755.574,-244.42578124999272,
TT0HSJWS2CSG65WYT0TE05XETR,Buy,Giza,Apartment,56220.0956937799,42746.293,-13473.802725029898,Buy
91QAS4JR8F6QN9H0CRTNA70DW8,Buy,Giza,Apartment,31407.035175879406,36117.492,4710.457011620594,
9QN0BH95WYXPVB5W3EAGHX41Z4,Buy,Giza,Villa,249999.9999999998,191434.61,-58565.390624999796,
4ERRESQX1Y7X6K50627V3V7Q8W,Buy,Giza,Apartment,32187.49999999998,35301.24,3113.738281250018,Buy
6VXFM9AW8RWC1KBXNRR83GJB3W,Buy,Giza,Apartment,24489.795918367363,24326.63,-163.1650589923629,
ZYKMYQ3QBXJDZBZG3JFSZ50PS0,Buy,Giza,Apartment,23382.352941176472,24936.129,1553.775965073528,Buy
3WCHNZ15J3QA3TAR41SKTMJZRR,Buy,Suez,Penthouse,58571.428571428565,73425.24,14853.813616071435,
AHYGNEMAA6B1QWY7RCZ68TYY74,Buy,Cairo,Apartment,102500.00000000009,99371.52,-3128.4765625000873,
6TVTCP7JN42JXSD63KQZF514N0,Buy,Cairo,Apartment,64885.496183206116,54633.902,-10251.593839456116,
X2G8DP65S8N9DKEAF62Q74V9Q0,Buy,Cairo,Apartment,17010.309278350516,26783.574,9773.264940399484,Buy
XHTKQXT0RZCC3RX2Z4PD8CNWD8,Buy,Cairo,Apartment,76923.07692307697,79680.695,2757.6183894230344,
S8FX2TJ20F3NP5W2PVZM223SSG,Buy,Cairo,Apartment,47826.08695652176,41434.613,-6391.473675271758,Buy
752ZSA2S18M36HAZA66AH7KF10,Buy,Cairo,Apartment,27499.99999999998,29112.447,1612.4472656250182,
04JG5GXTPKGN5TRNARM3WYSFB4,Buy,Giza,Apartment,71428.57142857146,46415.043,-25013.528459821464,Buy
99MWT0XQDJRFFRXTYYN6AQKXGR,Buy,Giza,Apartment,23529.411764705885,23903.76,374.3480009191153,
5AV3TMZW0AHZWJC0ZCN7V1A35G,Buy,Giza,Apartment,64705.88235294123,68164.38,3458.500459558767,
7P1AFJJ1S36FQGE8VS6FCQG8WR,Buy,Giza,Apartment,71818.18181818185,64081.06,-7737.123224431853,
PEVKTP06KB1AZY26EYAZN85X5C,Buy,Giza,Townhouse,47254.33526011562,76619.23,29364.891302384378,
413M7PHAEFBGB3H1JFRGJK2ADC,Buy,Giza,Apartment,23529.411764705885,22095.885,-1433.5269990808847,Buy
A939Y5G9TW505B4MMPWSP9MJH4,Buy,Red Sea,Chalet,121212.12121212124,98225.32,-22986.800899621245,
5BT9FQE6TPDNM0C02KDN1JC100,Buy,Cairo,Apartment,50000.000000000015,49776.582,-223.41796875001455,
0566W6MT15QHGR43137ZP1GBC4,Buy,Cairo,Apartment,34146.34146341462,33280.402,-865.9391196646175,
94DMBYZ6YDNBHYF64MEC8CQYQM,Buy,Cairo,Townhouse,78285.71428571435,86433.875,8148.160714285652,
CBRAYXGGEQZ2ZVM463M74R946R,Buy,Giza,Villa,42145.59386973178,49173.297,7027.703005268217,
YEJ500CY3A3441MXMQM0Z37VMM,Buy,Suez,Chalet,62499.999999999956,69602.69,7102.687500000044,
B7G83AKHTJT2HBQN3493XRHTPW,Buy,Giza,Apartment,28877.00534759357,48765.5,19888.49465240643,
VNV53B4TKNFBM6J0WPKNKNW6YM,Buy,Red Sea,Villa,187500.0,173369.25,-14130.75,Buy
2WZFD0BZ98RCS8ZJJ77JKXM5T4,Buy,Giza,Townhouse,82325.58139534884,46046.01,-36279.56967659884,
XNXN30CXY1Z3ARDJZTKZ5V3ZW4,Buy,Cairo,Apartment,46428.571428571406,44514.863,-1913.7081473214057,
3TQVJ8274N6FN17R3N93ZGYBQ0,Buy,Cairo,Apartment,43478.26086956522,86332.3,42854.03600543478,
CNECTV7F817WM1K1AG400D5934,Buy,Cairo,Apartment,50000.000000000015,52037.36,2037.3593749999854,
KG7A2381X42E2AYVPPQTNY1T5G,Buy,Giza,iVilla,31748.466257668737,28722.188,-3026.278757668737,Buy
SKY154V94J0GA2QP85Z9XFAGD4,Buy,Giza,Apartment,62499.999999999956,73490.05,10990.046875000044,
11BAQK9VE392VSFQ9M46CAJVN8,Buy,Cairo,Chalet,53804.12068965516,66120.664,12316.54337284484,Buy
G2ZXZ5KF5Z1MRWMAFJFD2S76DR,Buy,Cairo,Apartment,33714.28571428569,29743.338,-3970.9478236606883,
DDVDABK7W3BA2N98RQFD5QMAGG,Buy,Cairo,Apartment,57291.666666666635,53171.68,-4119.986979166635,Buy
T7ETY2NMER0F1M27H5CA15NDF0,Buy,Cairo,Apartment,44999.999999999985,46129.832,1129.8320312500146,
4XD7P1WNS735T22HPS401Q1T64,Buy,Suez,Chalet,73181.81818181815,96248.04,23066.220880681853,
GFDGHJDDYR8EMDHPZKJCRQXEVG,Buy,Giza,Apartment,92105.26315789465,74623.945,-17481.317845394646,Rent
6VZC2CR6H8DFHKXF9P5TYNZQQR,Buy,Giza,Apartment,36551.72413793105,45619.402,9067.67820581895,Buy
N0VFKYZH3DJDE9C4ZD13MDYX04,Buy,Cairo,Apartment,73113.20754716976,71798.79,-1314.4184846697608,Rent
D8E9QVNE5FAZ05FT0JXCBBT1VC,Buy,Cairo,Apartment,63225.80645161285,52924.742,-10301.06426411285,
01KBAPJG0N1YEPNZKQZVRN4AVZ,Buy,Giza,Apartment,322400.0000000002,100093.71,-222306.28906250017,
NFJ4EHC5Y5H4PQ910W4GHK7W30,Buy,Red Sea,Twin House,53191.48936170211,48379.395,-4812.094830452108,
1CFFVQ0G1BSDY7EZ6JF6QY54VW,Buy,Cairo,Apartment,39690.00000000002,42483.746,2793.746093749978,
2GN6QCDENCWJG1W5640NKT7AZ0,Buy,Cairo,Penthouse,55555.55555555561,55079.688,-475.86805555561295,Buy
BVZYPN2GCPRM1WH8EBC4TBNVGW,Buy,Cairo,Townhouse,58119.658119658125,61724.52,3604.8614115918754,
NSFGDVD3XC04WYT6ZKV9TYNQ6G,Buy,Giza,Townhouse,154600.0,118067.914,-36532.0859375,Buy
KX48Y6C6068KQCZY6KR2X7JBH4,Buy,North Coast,Chalet,150000.00000000006,160034.89,10034.890624999942,Buy
JVBFB6XT7MHHPHDTWGA5X9BGX4,Buy,Giza,Apartment,31224.489795918384,28379.297,-2845.1929209183836,
0KC6SN4S83TVJRGWW6R1H28NYR,Buy,Giza,Townhouse,139999.9999999999,110822.49,-29177.507812499913,
B99SFX6JZDN6X1Y4Y1REJ5SPZR,Buy,Cairo,Townhouse,59374.99999999996,37701.56,-21673.441406249964,Buy
658AM2NCGR3GX8W6K8VRM0BYJM,Buy,Cairo,Villa,55882.35294117647,41035.85,-14846.501378676468,
M3T9GYW24WY05B2373M6AZ9RBR,Buy,Giza,Apartment,55652.17391304345,62631.715,6979.540930706549,Buy
83G7KTHE187JG4E3XMSNHZPYY4,Buy,Cairo,Apartment,61538.461538461495,71902.53,10364.069711538505,
Y38BZKENNMTCQM5NTW5KWRJNEG,Buy,Cairo,Apartment,32770.270270270245,34519.062,1748.7922297297555,
FP88HWQ19PNR1Z3FNT0Z241HXM,Buy,Cairo,Apartment,33720.930232558145,37747.863,4026.933048691855,
HY39J5MRJZN8MA61PS32PEMHDR,Buy,Giza,Apartment,78846.15384615381,51673.824,-27172.329627403815,
Q8WPY6JFJH46F7MFC3GW1JV5TM,Buy,Cairo,Apartment,54545.45454545459,50857.547,-3687.907670454588,
WY5J3V08CJC19JMYF0BH3Y0468,Buy,Cairo,Apartment,77215.18987341766,36254.223,-40960.967217167665,
M3K9EE3XJA8G9K25SC5KVPTNZ8,Buy,Suez,Chalet,36231.25000000001,32566.041,-3665.2089843750073,
R4P3GQRPY5ENVEQZWDHGE6GNPW,Buy,Cairo,Apartment,19736.842105263175,26070.504,6333.661800986825,
E8AXAYZ91ED3VWNMD73X1Z3H3R,Buy,Giza,Apartment,84158.41584158417,65705.79,-18452.626779084167,Buy
8JTMBYRXN3X6HX6R9WYJ1PTQD4,Buy,Giza,Apartment,56910.56910569101,54450.08,-2460.4909806910073,
RV6M0WHBNF9D3QTKA49JW5V414,Buy,Cairo,Apartment,97222.22222222222,106442.83,9220.605902777781,Rent
NMXKAG61G2008G83XG154F3RSR,Buy,Red Sea,Apartment,67000.0,56327.574,-10672.42578125,
8NY24QD8DYJBHCF4GK3J8XQX4G,Buy,Cairo,Duplex,20333.333333333343,25892.74,5559.406901041657,
VCDRMGS35K36AHBQAG6BNBGX00,Buy,Giza,Apartment,32999.99999999999,44486.727,11486.726562500007,Buy
D5VHKG3JF6MT6A4XYSAWK1CCF8,Buy,Cairo,Apartment,28877.00534759357,35913.74,7036.732933656429,Buy
JJTYM7RHJH78RGSQ8G69H4510C,Buy,Giza,Villa,57971.01449275363,37729.4,-20241.61605525363,
264ANTFZZ905Z2AK3BB2J8GQER,Buy,Giza,Apartment,36551.72413793105,38061.277,1509.5532058189492,
FV4DNGCWN1H1G8SZE26F39RK44,Buy,Cairo,Villa,48214.285714285696,53124.69,4910.405691964304,Buy
EVNTQ6KMHP9FE7V68WE4PD3F1M,Buy,Giza,Villa,210000.0,122304.15,-87695.8515625,
413YGT31YDJTFZT93NYWSCKW1M,Buy,Cairo,Apartment,31016.042780748645,30168.123,-847.9197338736449,
Y2WWGHJY3AP4P47NMPPSN77W4M,Buy,Giza,Apartment,50000.000000000015,67759.74,17759.742187499985,
AKXSY7HXFDZFRPRHFR72AGADJR,Buy,Cairo,Apartment,46439.999999999985,73685.22,27245.218750000015,
98SMZC4D7DMX3SF5S86Q101PDG,Buy,Giza,Apartment,57575.757575757576,51847.484,-5728.273200757576,
4MJYMENT35SXTTC0B578AF8PPC,Buy,Cairo,Duplex,41379.31034482757,26231.668,-15147.642376077572,Buy
RV1JMPKQFEF92VT84K1NR8MJTM,Buy,North Coast,Chalet,87500.00000000007,82850.59,-4649.406250000073,
R8KEBTNY5Y70KFCRG71PESZ3G8,Buy,Giza,Townhouse,104684.21052631584,81386.76,-23297.452713815845,
Z1DX27GXYKV2QZ5NFV5210GDD8,Buy,North Coast,Chalet,50000.000000000015,78942.48,28942.476562499985,
RKJW32CKZYF9V1JVSVNKV6B5T0,Buy,Cairo,Townhouse,18999.999999999985,24458.84,5458.839843750015,Buy
8XNYH99GW8Q7CMFWF63XC4FK08,Buy,Qalyubia,Apartment,24071.42857142857,23423.389,-648.0398995535688,
1PA11SNYGHR45S6DX2PCFNKBTG,Buy,Red Sea,Apartment,46999.99999999999,49113.117,2113.1171875000073,
J84VFN53YJ4CEP281RDR585NPM,Buy,North Coast,Chalet,169354.83870967728,143650.28,-25704.55745967728,
TTCVRR2KXMAD58YHCZ85NHH7DR,Buy,Cairo,Apartment,47500.000000000015,86338.8,38838.796874999985,
ZM87F5CTAM1X38V4B8ZBX5152G,Buy,Cairo,Villa,134999.99999999997,102701.99,-32298.00781249997,
KMQW4WYQZH385D496D8WHAS84C,Buy,Giza,Apartment,81818.1818181818,69623.73,-12194.455255681794,
3P8Q0WEZC0RG4J8HRZWK5PGZR0,Buy,North Coast,Apartment,48470.90909090908,40050.156,-8420.752840909081,
GRAWTYXY7GS8S2AJD2JKRX507W,Buy,North Coast,Chalet,35200.00000000001,63070.414,27870.414062499993,
E49M5R8YSE7NDTA9YW6JF2MJHC,Buy,Red Sea,Apartment,55807.94186046511,60030.49,4222.546420784893,
2ZTR2JFSY9005ZGHZ5S9E8MK9M,Buy,Giza,Townhouse,45595.238095238084,52173.918,6578.6798735119155,
APGE174V2BKS852AZ6RQGFGPQG,Buy,Cairo,Townhouse,95725.00000000006,70649.17,-25075.82812500006,
VFN2CW9KN1X08QFNK8D95K93PW,Buy,Cairo,Apartment,61999.99999999997,67414.64,5414.640625000029,
2Q57BNG4NF4H5VJZ67CN5Q8CBG,Buy,Cairo,Apartment,28965.517241379315,36137.27,7171.752289870685,
8BEJR5RDKFMG5P18A2PYJDHEXG,Buy,Alexandria,Apartment,52065.21739130431,63843.04,11777.821671195692,
XQDKPBVBWZG9V1PSCJQ68N2EPR,Buy,Cairo,Duplex,49090.90909090912,51941.965,2851.0557528408826,Buy
JHRQDATY719SYE89GP6N2BQSVM,Buy,Giza,Apartment,50915.49295774646,55520.375,4604.882042253543,
HX624CJ64V1YGEKBYAVF2YN9D4,Buy,Cairo,Apartment,38922.155688622755,33299.008,-5623.147876122755,
810K3B412S5QEMFG6NEHYE72N4,Buy,Red Sea,Apartment,103831.77570093451,138556.11,34724.33367406549,
0DKDFRJWHYMKPQ4H2ZAJJ6N20W,Buy,North Coast,Penthouse,100884.95575221237,77600.586,-23284.369814712365,
TR12RCQSK0WRJVDNQ895RV91XG,Buy,Cairo,Apartment,52738.09523809527,58349.496,5611.400855654727,
AWPSSTQ8KV3XR5953TK9QAJ68C,Buy,Cairo,Apartment,27916.666666666682,32505.1,4588.432942708318,
VCJJB7SAB9GCH49Q0B3N6BFGG8,Buy,Cairo,Townhouse,51229.50819672127,42584.145,-8645.363665471268,
HAT38KENDN9PTFA2YTQ1JC0WG0,Buy,Cairo,Apartment,23773.584905660377,26780.28,3006.6943912146235,
1JK36T13PFSFN2R417MEBPKQBC,Buy,Cairo,Apartment,59459.45945945946,62551.367,3091.90772804054,
EZFNFQ8JJMCH0C44EJMWYPZ2QW,Buy,Cairo,Townhouse,69970.14559386976,72543.09,2572.948156130238,
72P88PAF1N9BRCQCHFZ9E4M8J4,Buy,Cairo,Townhouse,51020.40816326531,45045.574,-5974.833944515311,
1AMRKDV2RHRMXFCZWF5SEK1J3G,Buy,North Coast,Chalet,108673.66473988448,92160.016,-16513.64911488448,
N7J0VJMSWTEDR9HV1RMCCV9EC4,Buy,Cairo,Apartment,103846.15384615381,90063.76,-13782.396033653815,
E29F07PN343THKFNFWMHSRCY44,Buy,Cairo,Apartment,61290.32258064521,45971.684,-15318.63898689521,Buy
7FCTEGG065SBAKJT4B0ZA3ZH28,Buy,Giza,Townhouse,28571.42857142858,67419.016,38847.58705357142,
1GK1YC2T84J4X01YFQRR6C6MKR,Buy,Cairo,Apartment,35714.28571428572,53119.016,17404.729910714283,
ZTVSYB421K8EMWFM0A9Y74Z22G,Buy,Suez,Chalet,60714.285714285754,67292.79,6578.503348214246,Buy
ZF7RW3KXA5H994ME95QPGDVH7G,Buy,Giza,Townhouse,90000.00000000001,134058.1,44058.093749999985,
T6AATEQ30WSB47YHPJMFVGZK1C,Buy,Cairo,Apartment,46774.19354838713,49802.082,3027.8884828628725,
4329EDQMAFXQCN9BACHKVTBPPC,Buy,Cairo,Apartment,21764.705882352955,28166.98,6402.274586397045,
Y1D0F15K7N86QDTFMKKWACCE54,Buy,Cairo,Whole Building,49652.77777777781,27241.537,-22411.24066840281,
H6YKN06AN2N99J4HKJPY7MP35R,Buy,Giza,Apartment,34090.90909090911,34401.734,310.8252840908899,
195ZK71T916DBT5R2K495KEZDM,Buy,Giza,Apartment,81818.1818181818,82879.91,1061.7244318182056,Buy
TV7B63XW7Z58DXR9QHYGPTKDGW,Buy,Cairo,Apartment,65517.241379310304,54960.68,-10556.561691810304,
J1SKHR75EK9PA8GB5KZRHN5WCC,Buy,Giza,Villa,150000.00000000006,153863.2,3863.203124999942,Buy
WW82WY2VFP9BTH2Z5178MGZ23W,Buy,Giza,Apartment,170000.00000000012,112948.164,-57051.83593750012,
2QAFB2D1B8CCPFMVGEASGJGGWG,Buy,Giza,Apartment,23021.58273381295,21458.07,-1563.5124213129493,
D6E62MXDM10W3Q8YP0H7DDRCF0,Buy,Cairo,Apartment,49435.02824858758,44539.324,-4895.70402983758,
GAAGWSFVHV8X1EA10ACZ69BGQ8,Buy,Red Sea,Apartment,54000.00000000001,56093.47,2093.4687499999927,
Y389FSJCXVY5JSYEH1EVV3JKGR,Buy,Cairo,Apartment,95679.01234567909,81456.02,-14222.98890817909,Buy
BKVFTVSASZCWW1ASDCVVRCZFCW,Buy,Cairo,Apartment,28205.128205128214,32967.504,4762.375701121786,
4C2V2E34Z6YAW4TWV2RCHRQR1G,Buy,Giza,Townhouse,49425.828877005304,62950.47,13524.639872994696,Buy
MJXYN084BCK9WJ3CTWZE2ZXGB0,Buy,Red Sea,Apartment,41578.94736842103,42246.5,667.5526315789684,
CGHR1A8J5ZD9ENMFBG70YYEZHM,Buy,Cairo,Apartment,25882.341176470603,54396.047,28513.705698529397,
MT0NDFQFN8SKFGHSQJ0YKQVXKM,Buy,Cairo,Apartment,56790.123456790134,62836.445,6046.321855709866,
VZPZGJYRTBZD10CR9NAY7C66ZR,Buy,Giza,Apartment,43000.00000000002,52425.5,9425.499999999978,
AWC3WCZ3Q9KF9XW3ZAT7BVW048,Buy,Cairo,Apartment,50000.000000000015,29798.988,-20201.011718750015,
H3MZ6HSFQ865E97BC1Z9HBA2G4,Buy,Giza,Villa,43243.24324324321,43859.29,616.0458192567894,
01K99YT523J27AF24AT6BF45HB,Buy,Cairo,Villa,109714.28571428581,55153.645,-54560.64118303581,Buy
J37RM0SDRMHY25Z716H1QX5KRM,Buy,Giza,Villa,44664.03162055336,52015.48,7351.44884819664,Buy
BC43ZCTH8T40YABYR36GPFWD68,Buy,Cairo,Apartment,62791.551020408115,56312.375,-6479.176020408115,
KKR2NFQEPK40CR13P0F2S5E3M0,Buy,Cairo,Apartment,40000.0,51337.45,11337.44921875,
8J983QHN2GGMTSABNNTZ6A45WW,Buy,Cairo,Duplex,31250.000000000015,27366.713,-3883.2871093750146,
6EQA576F37SEDBSW3KXX7YSQRM,Buy,Giza,Apartment,31428.571428571446,36455.176,5026.604352678554,
4QECJZQP5JMHK2E13MFFR40JHC,Buy,Cairo,Apartment,39621.79487179489,37189.883,-2431.9120592948893,
WJMDSQXP3JYMJVTRYDZ0Q2SBQC,Buy,Cairo,Apartment,41176.47058823528,41824.086,647.6153492647209,Buy
698KBXSRYSBXYCW4X937NA6DFW,Buy,Red Sea,Apartment,36361.876923076925,61521.707,25159.830108173075,Buy
AJFVJE3EQ3267PE6XA8X767SM4,Buy,Cairo,Apartment,43277.31092436974,51108.14,7830.82970063026,
C7X7ARM228MH6QY29GK0W6K9XM,Buy,Cairo,Apartment,63909.77443609026,76589.86,12680.084938909742,
XCKVETEE039KS7G92KFMPAF2XR,Buy,Cairo,Twin House,67678.57142857138,58201.05,-9477.520647321377,
03R8DAXXRQEXTSDJ5Y3E9Z49BR,Buy,Red Sea,Apartment,100000.00000000004,70614.89,-29385.109375000044,Buy
TJ3YN36P591KRHFRFA43WK44RR,Buy,Giza,Duplex,53221.28851540615,55072.703,1851.4146095938486,
13WF8V89R6T6D596JFR9P3716C,Buy,Alexandria,Apartment,83802.8169014085,79678.8,-4124.0200264085,
DGHVHTNM2A91YCM47ZHPV5QX30,Buy,Cairo,Apartment,61562.50000000003,50715.92,-10846.57812500003,
Z52D9D6S84SYKANCWZK46GHDPR,Buy,Giza,Apartment,67499.99999999996,45089.156,-22410.843749999956,
N7REV2X8NVA0N2WN9929YTP2Z4,Buy,Giza,Apartment,72576.00000000004,65333.562,-7242.437500000044,
XH0EH22B94BF6P8TX4JP8VPDDW,Buy,Cairo,Apartment,41095.890410958884,33910.516,-7185.374785958884,Buy
BNY9GNBPY297YSRPMNH9VBGAX4,Buy,Giza,Apartment,87902.43902439019,69000.06,-18902.376524390187,
8EYYZPHYWF3KA7MRD0TDG1FT1C,Buy,Giza,Apartment,44718.75000000001,91931.52,47212.77343749999,
R2XX508F2ER7QQZ0JTXR05VF0C,Buy,Giza,Villa,324999.9999999999,209119.64,-115880.35937499988,Buy
GG0XZPT631ZMVXX9SKSA3418TG,Buy,Cairo,Apartment,86757.99086757985,55321.695,-31436.29555507985,
PJZRWVPF2YFQTR34NYRRTE6B7R,Buy,Cairo,Duplex,46170.21276595741,51774.11,5603.896609042589,
KFE0E5N3ACWDANV9AR0Q7AH77R,Buy,Giza,Apartment,58928.571428571384,43633.08,-15295.493303571384,
06T72GDAQC1N7GJX2DFBVTF608,Buy,Giza,Villa,249999.9999999998,199769.33,-50230.671874999796,
RKABM45Y11NWB7WD0K8Q89K5CC,Buy,Cairo,Apartment,83333.33333333333,39067.266,-44266.06770833333,
88DHTVS7NGE48B7SSZRCXJDE08,Buy,Cairo,Penthouse,74693.87755102037,66266.68,-8427.19786352037,
C0CWE3V8ZA9EG8GG7Q9T78DZ94,Buy,North Coast,Chalet,71367.71300448432,67633.4,-3734.3145669843216,
S7S58HRZ0F9Q9QJNTD3MK0WHW8,Buy,Giza,Twin House,60606.06060606064,61655.45,1049.388612689363,
2FZAB2AXPQW76Q4CNS2N60G6GC,Buy,Red Sea,Townhouse,101362.28877005343,97655.46,-3706.827832553434,
5Q79D1PJ40G3801WAHPW2GVGNM,Buy,Giza,Twin House,131999.9999999999,125249.555,-6750.445312499913,Buy
NB5A08B88EG4HZKR8YEGJRYA2C,Buy,Red Sea,Apartment,107692.29999999996,111249.45,3557.1531250000407,
BZHCVB4RWJC73R1807XP789YTM,Buy,Cairo,Villa,124999.9999999999,169269.48,44269.4843750001,
GV3SADDRJW0YBCFV38D04TTNQC,Buy,Giza,Apartment,150000.00000000006,156528.9,6528.906249999942,
Z6ZMFJQF705V2FC9VDWQ9J2PZ4,Buy,Cairo,Apartment,51666.66666666668,45932.46,-5734.205729166679,Rent
EEDMCHVH2Z2D9QAX2PVP9TKF1R,Buy,Cairo,Apartment,40476.19047619048,53473.695,12997.50483630952,
YD6EG2ARNKJ0BH9SGYX4YMHMGW,Buy,Red Sea,Apartment,35815.0,52155.36,16340.359375,
B1T2XG5DDRKPZVFHPCVKZBRHWW,Buy,Cairo,Villa,91509.4339622642,49334.414,-42175.0198997642,
HPC6P6FV780GKJCERSHM95XG7W,Buy,Giza,Townhouse,80000.0,130865.48,50865.4765625,
SQECBDM21PJAPG11PJDCBHHFXW,Buy,Giza,Villa,100000.00000000004,80101.58,-19898.421875000044,Buy
41RSA62WG4FCKVBYWXEA4XD6NC,Buy,Giza,Apartment,225000.00000000015,202013.73,-22986.265625000146,
F5ZZWQR6FK69FNPSQW7QB2QFPR,Buy,Cairo,Apartment,26773.33333333334,30165.102,3391.7682291666606,
8X00F1AVN5CQC6GPYZ6EAH90KG,Buy,Giza,Apartment,87500.00000000007,92812.36,5312.359374999927,
KWT8A9B42WSVZ8XA2G081BMAZ8,Buy,Cairo,Apartment,46931.40794223824,48206.73,1275.322526511758,Buy
0XBK6K22RDJXSPG3VPR9SZTG5M,Buy,Cairo,Penthouse,31666.66666666666,33528.543,1861.8763020833394,
NGY5RDSVDZM70M1GN8PNRK92FW,Buy,Giza,Apartment,63963.77499999999,62529.0,-1434.774999999987,Buy
J9SMV44RNHGPSMBERSA4RP1WB8,Buy,Giza,Apartment,59230.76923076918,36954.77,-22275.999699519183,Buy
WAEWER7T3D48BBP06EE751ZGCW,Buy,Giza,Apartment,28888.88888888887,48143.28,19254.39236111113,
JBH8QSTZHBZDP8M1SW2KWXHFQR,Buy,Giza,Villa,172499.99999999985,263757.47,91257.46875000015,Buy
8VSEF4VDR234FJ0KGGVF99DJCW,Buy,Suez,Chalet,66400.00000000004,64697.71,-1702.2890625000437,Buy
S9YHHDYQZHG01W8MSXNGP0P008,Buy,Cairo,Apartment,61919.99999999997,85332.18,23412.17968750003,
01K9W17NNGX8P4TNP5HX98KFRQ,Buy,Cairo,Apartment,31428.571428571446,36969.54,5540.967633928554,
QE1AMKQXQDQ52MZAA1QEAMA9DM,Buy,North Coast,Chalet,66363.63636363635,73807.45,7443.816761363647,
7WZAJ5C3M6D97SKSG2XJXV5YA0,Buy,Cairo,Villa,100000.00000000004,141167.83,41167.828124999956,Buy
YVYY2ZFRAYNC6KTCA82D96NR2W,Buy,North Coast,Chalet,118749.9999999999,129723.05,10973.046875000102,
P8FY4DTWHYMFETYZPMH1ZFA23G,Buy,Giza,Apartment,95666.6666666667,68639.28,-27027.3854166667,
FG7H89EF17WX2Y5N5T0BFNX6Z4,Buy,Cairo,Apartment,31818.181818181805,21249.63,-10568.550958806805,
3ACSDVZC4PKCEPXRKQENJNE4FG,Buy,Cairo,Apartment,60000.000000000015,48165.645,-11834.355468750015,
YAW5ZBQH8SMVDZP12GDBSQQ2BM,Buy,Giza,Duplex,67272.7272727273,74425.79,7153.061789772706,Buy
79JVVWKERJ50W4JCJ7R0GQ2QRR,Buy,Cairo,Apartment,35551.724137931065,48872.957,13321.232893318935,
QAYH2QD7BYCJ924XC8SJ3VW92C,Buy,Cairo,Duplex,30555.555555555577,38963.043,8407.487413194423,
X7HVTVDVZYMMHT0J7XJHRT195M,Buy,Cairo,Villa,80597.01492537309,72820.914,-7776.100862873092,
GWSAFR5Q1TRNFQNMVXJS26AX58,Buy,Cairo,Apartment,80952.380952381,64080.633,-16871.748139881005,
RGT8Y9BKX3R8HRM8A0XZA6NGDG,Buy,Suez,Penthouse,45454.54545454547,51118.62,5664.07563920453,
QBMG6AS0WZEKNGVENT4RQ657VM,Buy,Cairo,Apartment,17800.00000000001,23030.994,5230.994140624989,Buy
V2N0X3M5QBZV6DKQ6HRQPTSNG4,Buy,Red Sea,Chalet,119736.8421052632,106353.44,-13383.404605263204,
FY753SV7FA03J7TVVGAS3KHPVC,Buy,Giza,Apartment,43571.4285714286,61043.805,17472.3761160714,
T4FD1D6PPPXFE9TH015SGA0Z1W,Buy,Cairo,Apartment,77599.99999999999,61531.742,-16068.257812499985,Buy
CW0FQSK5NX3164C746BKQBSRWM,Buy,Cairo,Apartment,47619.047619047604,36266.637,-11352.410900297604,
FJZ7SE3AK01KXV5E9G21FQF2EG,Buy,Cairo,Apartment,33636.36363636365,44620.613,10984.249644886353,Buy
WRAXR5ZVS3RE2H57Y9CDVVWEG4,Buy,Giza,Villa,61818.181818181816,62871.332,1053.1502130681838,
6C21GXY4AW24HRCPNKGCH9S7B0,Buy,Cairo,Villa,49823.943661971796,52663.43,2839.4860255282038,Buy
S5H2GBZ0W6NVYZHKR2557PKQBG,Buy,North Coast,Apartment,45124.42045454544,67325.336,22200.91548295456,
ZXFFE0SEQC97C5FHAVTXXTZSMM,Buy,Suez,Hotel Apartment,97263.1578947369,114156.27,16893.115542763102,
XW96T94R1WGKDBKGZXA8SBXD5W,Buy,Giza,Apartment,84210.52631578941,87143.28,2932.754934210592,
1J3CN3TG4J9KDBNH1MM9A594J8,Buy,Giza,Apartment,78030.30303030308,61259.062,-16771.240530303083,
RZY5Y5NMG4JB37WK1B5BM3WPP8,Buy,Cairo,Penthouse,39090.90909090912,43227.258,4136.348721590883,
D8W0A8K9XZHBG65PWK9NN1ZQEW,Buy,Giza,Duplex,37944.20600858366,39869.17,1924.9658664163435,Buy
J7CB0W384DFZX0ZRRTTAVW373R,Buy,Giza,Apartment,23999.99999999999,28684.656,4684.656250000011,Buy
03TFA2CVPCT0M3RWXRXXM94R78,Buy,Cairo,Duplex,28996.666666666664,31472.799,2476.1321614583358,Buy
KYZW44HT0T6J9DG4Q8204BS1HG,Buy,North Coast,Twin House,106451.6129032258,82485.8,-23965.816028225803,
H8TPA7NZ23H5Q1ZHYF0P241TMW,Buy,Cairo,Apartment,91620.2339181286,68135.13,-23485.101105628593,
9871BSAV0X016S8ES2C528CA1W,Buy,Cairo,Duplex,38222.2222222222,39094.023,871.8012152778028,
SQCJ6PASR8FFH75PNET2SKCDE4,Buy,Cairo,iVilla,62622.95081967214,54766.51,-7856.439100922144,
FXYG2YF576TV7K45CPD2YT4ZCC,Buy,Giza,Apartment,36057.6923076923,34125.418,-1932.2743389422976,
9WJQESBT0YNGKTQ36XQ36DHAN0,Buy,Cairo,Apartment,56910.56910569101,55361.86,-1548.7097306910073,
RJF6YWKZDNM8C6YRX0GBJGJGYW,Buy,Cairo,Apartment,107692.30769230764,86864.57,-20827.737379807644,
XBVGWYCXT7XPRD6GHQFSBYF2EW,Buy,Cairo,Apartment,91666.66666666664,72038.16,-19628.510416666642,
0W07P1DK19B2K3676ZVGJMS0X4,Buy,Giza,iVilla,26666.666666666664,48691.887,22025.220052083336,Buy
GPKFJ4PFF8SG8SXK2E6X2VNMY4,Buy,Cairo,Apartment,41025.641025641045,38465.785,-2559.8558693910454,Buy
EH6263SWTXPTCN9DN05FVN6WSG,Buy,Cairo,Apartment,53440.00000000004,40806.34,-12633.660156250036,
1H7N2FAX945QCN1DW7HKF7E02M,Buy,Giza,Villa,275000.0000000002,235891.16,-39108.843750000175,
HDBQ587ESNE4520JR4MS4W7CYG,Buy,Cairo,Villa,41016.949152542365,40050.805,-966.1444650423655,Buy
Z1P28WA3BWSR3S2VAJ38028KH0,Buy,Giza,Apartment,14999.99999999999,21430.746,6430.746093750009,
779JX6HE9A1QJZ4GYX9W9C099G,Buy,Cairo,Apartment,51666.66666666668,62529.297,10862.630208333321,
RW5XG5219FK77JXR52G2APVSCM,Buy,Giza,Penthouse,25373.134328358206,37337.297,11964.162546641794,Buy
R7J5JBRAETKPZ3HWXBRJKH57E4,Buy,Cairo,Apartment,69191.48936170212,42370.047,-26821.442486702115,Buy
NQB1VSHB1BF9KSYK840QMTHB6W,Buy,Giza,Penthouse,148739.49579831935,86594.35,-62145.144235819345,
YYDCCQWV41X0PSASBCN1Z130W4,Buy,Cairo,Apartment,82352.94117647053,80134.51,-2218.433363970529,
30GNMB33H03ZJQH2PBNXV0GMSR,Buy,Cairo,Apartment,42307.69230769235,37140.652,-5167.039963942349,Buy
ZBKQSND7EZHEYFJN1WYGMT536W,Buy,Giza,Apartment,16969.69696969697,22945.38,5975.683889678028,Buy
FYETY7J1HRP4W35S6S645N0GY0,Buy,Giza,Apartment,69230.76923076929,57398.473,-11832.296574519292,
F5GYRYPT84TKNG7XKA6PQ9R4Q8,Buy,North Coast,Chalet,96505.81818181818,107998.195,11492.377130681823,Buy
TV5DKQFABKR6EMW1R6YPXAF8E0,Buy,Cairo,Apartment,102564.10256410258,84555.22,-18008.883814102577,
ZD85RJVGXEA1TPA400X1ATY3Q8,Buy,South Sainai,Chalet,67493.15068493153,61644.69,-5848.459278681534,
RGN5ZXPFTSKEN8BNCZR7NFEBXW,Buy,Cairo,Apartment,59374.99999999996,55149.598,-4225.402343749964,Rent
D960FDMYHE9ZS7CHV4PX6CEWR0,Buy,North Coast,Chalet,78833.49999999994,77755.34,-1078.1562499999418,
ZZQC6HKHFSEGKF9X70FQT3Q9MM,Buy,Cairo,Apartment,121437.49999999993,83715.93,-37721.57031249993,
69JB2CT6R7HGTD6VPMRF76QTE8,Buy,Cairo,Apartment,90653.5714285714,78690.37,-11963.204241071406,
SXPYYR720CYEVBDB4NESQV79VC,Buy,Giza,Apartment,48444.84117647055,56970.746,8525.904917279448,Buy
5EP842N3DFCW557QTQBXYA1AM0,Buy,Giza,Twin House,70411.98501872655,53975.402,-16436.582674976555,
8YQWZ9YX80GWSRM00KKE4865CW,Buy,Cairo,iVilla,47368.42105263155,39549.133,-7819.288240131551,
6DQGBJVFX6SZJMCVJXYSDNVEBW,Buy,Giza,Apartment,31407.035175879406,33881.36,2474.324199120594,
MMYJP7GWFZMZH81Y9D2C0JBSM8,Buy,Red Sea,Apartment,70000.00000000001,55838.555,-14161.445312500015,
87P7TV30C89HBHQA4K1P8FY178,Buy,Cairo,Apartment,39224.13793103448,39989.316,765.1784752155218,Buy
6C251SWQ50D4PFH6YTF7SQ0580,Buy,Red Sea,Apartment,78273.75641025636,80460.27,2186.517027243637,
H9VPYT79QJ3AEHSGPE0RVK7MN8,Buy,Red Sea,Apartment,52000.000000000044,66724.164,14724.164062499956,
PFJZQ0W5MDTTE56C6BZV6AZWX0,Buy,Cairo,Apartment,51724.13793103451,40760.17,-10963.966056034507,
JNEXCTZCFNDW1N8Y94HY5AFZZ4,Buy,Cairo,Apartment,47500.000000000015,42955.324,-4544.675781250015,
GE8QGTXWQG0MM2SY9YJ2X9MM9R,Buy,Giza,Apartment,21989.52879581151,34150.88,12161.350110438489,
A8N64BZQPSR3PGGCQAMQ0TQ1PG,Buy,Giza,Apartment,40909.09090909092,29938.627,-10970.463955965919,
9Q6FMC3YYZJKVBQSHR0BVK56CM,Buy,Cairo,Apartment,42962.962962963,45694.12,2731.158130787,
YKNEC0R64VMVPZ7FX6RP0VC15G,Buy,Cairo,Apartment,53266.331658291485,70783.25,17516.918341708515,Rent
VSC8B5JSWNRBFSWYXE468EJ9Q4,Buy,North Coast,Hotel Apartment,80000.0,113643.13,33643.1328125,
01KBYJ6VT02NSWH2F33CQND2HX,Buy,Red Sea,Apartment,18666.666666666668,38885.273,20218.606770833332,
MD39AP68V14FP8ZSRDECQCBXBR,Buy,Giza,Apartment,43076.92307692306,41051.98,-2024.9426081730635,
01K3KCQVWP046M49P18Q9BRRWS,Buy,Cairo,Duplex,159999.99999999997,88322.25,-71677.74999999997,
RQ239CGN5390V1S6TTCAWZ289W,Buy,Cairo,Apartment,61176.47058823529,65373.203,4196.732536764714,
KFZJVGP2C23PP77H8RHNBYESRW,Buy,Suez,Chalet,54347.82608695655,48927.055,-5420.771399456549,
Q0XNFCN033HX1MTXM3SC4SYEER,Buy,Cairo,Apartment,118012.42236024837,77916.27,-40096.14892274837,
5VH67GTTD2BKDCB58PKPDCJJV8,Buy,Cairo,Apartment,58469.9453551913,43389.246,-15080.699261441303,
FVZ6W5FWPXGCT9R7PYTDXS6JGG,Buy,Giza,Villa,150000.00000000006,168667.3,18667.29687499994,
CQX2ST0QG42HW81CP744S47W38,Buy,Suez,Chalet,64285.714285714304,63865.996,-419.7181919643044,
10X3DCTMRP0PRHX2BMP2DSWMXW,Buy,North Coast,Chalet,100000.00000000004,103813.27,3813.2734374999563,Buy
1ETJWG7PGQ59W4V5AAG489GH5G,Buy,Red Sea,Apartment,72988.23529411765,70466.484,-2521.7509191176505,
CQ2RC3KW4AT3FQ41MN23C722ER,Buy,Cairo,Apartment,37857.14285714288,48538.004,10680.861049107123,
YQNC6CXE8X3P0JAZ0E4RNKM03M,Buy,Giza,Apartment,108695.65217391298,74566.6,-34129.05061141298,Buy
FWJ2C59424CE59HFZAF05G5HFW,Buy,Cairo,Apartment,28000.00000000002,29561.105,1561.1054687499818,
KYBM6F34RQ1TY163GAG0P02DAM,Buy,Red Sea,Apartment,66000.0,71957.89,5957.890625,
WBXKQBEZP5MD63VP5N343870QM,Buy,Cairo,Apartment,34853.4,43279.355,8425.955468749999,
910AHBB212PEAE7V6B3ZVX1BAC,Buy,Giza,Apartment,68181.8181818182,88371.45,20189.634943181794,
VNCYX782EZQ9GQAFFF3XEN04PG,Buy,Cairo,Apartment,55769.23076923077,54735.285,-1033.9456129807731,
E4EXHR4EQMRZ21MBGAVZS415V0,Buy,Giza,Apartment,67264.57399103136,67956.16,691.5822589686431,
JGG0AX5CCYB0TYQB51C857KR10,Buy,Cairo,Villa,73309.85915492952,59463.145,-13846.714623679523,
PSCBKGBXSJHYH8KJN6EJ1WTGVR,Buy,Giza,Penthouse,22045.45454545455,24247.184,2201.7290482954486,
83YTHVRAQDDY4NXQMS2YDWJTYR,Buy,Giza,Apartment,36637.93103448275,47476.723,10838.791621767246,Buy
XVFYMY5N8YXK5VA3ERFVNVNWMR,Buy,Cairo,Apartment,20999.99999999998,23496.977,2496.976562500018,Buy
RSNMTRV7ZG0R7JGFHP7CZJRK0C,Buy,Cairo,Apartment,86294.4162436548,86400.33,105.91188134519325,
RTTS2Q11Q4HDP9X9VZY4YTQA70,Buy,Cairo,Townhouse,87199.99999999996,82352.18,-4847.820312499956,Buy
Q458190339AYCAS001EJQ3XMAW,Buy,Giza,Apartment,40566.037735849095,45919.715,5353.677107900905,
D2YYS38NRPW9QWDWH6FHR3YERR,Buy,Giza,Apartment,45283.01886792454,53684.883,8401.86394457546,
GNG4Y4V492M2T7NPX9RA9TWF3R,Buy,Cairo,Apartment,90277.77777777777,93644.65,3366.8706597222335,Rent
6Q1XD3JVYFZZJ4WYXY345Q57N4,Buy,Cairo,Apartment,82142.85714285707,74941.17,-7201.685267857072,
0JK5MK4VYH68BGTE8G76D6ABFG,Buy,Red Sea,Apartment,66000.0,69118.22,3118.21875,
J807HQ1WQ81JW8XC2J8DS0X7V4,Buy,Cairo,Apartment,45499.99999999997,47384.31,1884.308593750029,
S8P4HDTFPECV6FY2098W75SHCM,Buy,Giza,Apartment,68085.10638297873,51591.59,-16493.51653922873,
32BHR8XMXA048V0R8YEKRW7KR8,Buy,Cairo,Apartment,115384.6153846154,95571.91,-19812.709134615405,
C5NFKNDGSYS9FTDGRE6979K4FR,Buy,Giza,Townhouse,28571.42857142858,67160.71,38589.28236607142,Buy
T1YAQERHEJTYJSHM7QJQPAQASW,Buy,Red Sea,Apartment,98795.18072289157,92680.92,-6114.258847891571,
Z2FD7P49RTG49F2K30RNSR191G,Buy,Suez,Chalet,50000.000000000015,48080.098,-1919.9023437500146,Buy
R4ABCWJ0XSBF2ZP325JMPGBJ6G,Buy,Giza,Apartment,43000.00000000002,49305.016,6305.015624999978,
47Z0JFJ5Y0XZATCKVQ7X9ARH5W,Buy,Cairo,Apartment,23999.99999999999,24694.447,694.4472656250109,
MZJTZFRK9SVRW80AXT50T08E98,Buy,Suez,Chalet,70000.00000000001,65625.19,-4374.812500000015,
BA6QZ7G7C762APYJB5XP7F23BC,Buy,Giza,Apartment,40476.19047619048,43518.71,3042.5204613095193,
SHGYADXYQKCP2M90REQHYRMK4C,Buy,Red Sea,Twin House,100000.00000000004,95968.76,-4031.2421875000437,
VJNQ35WHRVRY6PZ9WMQT7DGR2M,Buy,Cairo,Townhouse,63717.68707482998,48661.48,-15056.206606079977,
ZBVZNM38MJTQSSVF952CDHJ550,Buy,Cairo,Apartment,55276.38190954775,56492.785,1216.403246702248,
EMKT2NGZ801W1YSH1ZGJE18994,Buy,Red Sea,Apartment,73699.99999999994,59815.098,-13884.902343749942,
P5JQ26Y9SZMRPJYXWDMWGFCY3G,Buy,North Coast,Chalet,73416.66666666666,60959.684,-12456.983072916657,
JFHN9RFZVF21K2248GF9F0W57R,Buy,Giza,Apartment,24489.795918367363,25589.922,1100.125956632637,
1AXGJSENW84HSFA444MJFNWZ50,Buy,Giza,Apartment,259999.9999999998,182209.5,-77790.4999999998,
D6B44QFA4FBEQKMX28JGFDTMFC,Buy,Cairo,Apartment,123076.923076923,59457.246,-63619.676983173005,
1XTS56JVAWQFFKMTRYJ9R62P80,Buy,Giza,Apartment,17692.3076923077,74633.195,56940.8876201923,
RSRSJ7K8GS8G6FWWKWQDTR1TS4,Buy,North Coast,Chalet,71590.90909090912,87807.164,16216.254971590883,
GPK6HYR7C972M493JRF8BDKKQ0,Buy,Cairo,Apartment,22500.000000000015,24343.69,1843.6894531249854,
Q7GKF2Y8RDERSFWYK7B6VQ0MH8,Buy,Giza,Apartment,31407.035175879406,35763.93,4356.894511620594,Buy
MJVDRF6Y7BVT7T2BAD6WNX8SX0,Buy,Giza,Apartment,36551.72413793105,41466.832,4915.107893318949,
01KAGY9CJ2BG1N4GNK7ZRNJZ0H,Buy,Giza,Apartment,51282.05128205129,43799.305,-7482.746594551289,
H5N67A02EQW7KRC0JC2WC74S64,Buy,Giza,Apartment,73845.00000000004,71794.61,-2050.3906250000437,
W6BC23NP35XYSVND2NS9WQ34SC,Buy,Giza,Villa,48858.333333333365,39899.68,-8958.653645833365,Buy
AG35SNDFES8RJN1WVJH2944H5G,Buy,Giza,Apartment,32921.810699588495,30158.428,-2763.3829652134955,
54BJ5T7ASBJEW35D8SCAX2ESFG,Buy,Cairo,Apartment,32786.88524590162,32408.615,-378.2700115266198,
TX7KWT8J25CAVP28W03XA8FJN8,Buy,Giza,Apartment,25301.20481927709,26722.365,1421.160415097911,
HW0TPJ456D6WE865G1QYGDFEVC,Buy,Giza,Penthouse,86294.1176470589,80701.42,-5592.695772058898,
AFZQ0C9TZM9MGA6KMK284D009C,Buy,Giza,Apartment,14999.99999999999,22426.145,7426.144531250009,
Q3AFAHE05ZTS68PEGWZXJNSBX4,Buy,Cairo,Apartment,78341.01382488484,63564.785,-14776.228668634838,Rent
C73R3CXVTV294YJY4CGRRCZQ1R,Buy,Alexandria,Villa,29595.015576323975,40851.47,11256.453173676025,
4BHX5WBD74PRZD9D6V5498F2CG,Buy,Suez,Villa,44999.999999999985,51311.016,6311.015625000015,
ZGE0T2BE8Y2QT7ZV16VX20G4WC,Buy,North Coast,Townhouse,99882.35294117648,79298.55,-20583.806066176476,
01K47NEFXKC104S6CWKSSJWGJH,Buy,Giza,Apartment,150000.00000000006,95909.016,-54090.98437500006,
CFWSD9ANFSR783HAE2A8129EZR,Buy,Giza,Villa,62962.96296296299,48979.902,-13983.060619212993,
A1Y5ZAHT3P02SSJ3PWHT6V22CR,Buy,Red Sea,Apartment,71796.61016949148,60622.555,-11174.055481991483,
7C5NK00AX9Q2E6JSFASQ7QK07M,Buy,Cairo,Apartment,19474.720000000016,24146.477,4671.756562499984,
11FMW9N9KDCPYW7V59D8RJPVAW,Buy,Cairo,Apartment,65526.31578947365,77728.5,12202.18421052635,
3E9QPWRZ7BT4RNJRATDBN05YCG,Buy,Alexandria,Apartment,54484.536082474195,47692.418,-6792.118113724195,Buy
7ZS5NG7XJG1S17WRQP1ZGAKV5M,Buy,Giza,Apartment,130952.38095238105,128390.234,-2562.1465773810487,
TYCE7B1M7BYWQAPAXCW3BJQ10W,Buy,Cairo,Apartment,63531.972789115665,54600.984,-8930.988414115665,Buy
7ZKC0YN4PFNADW5KRVGZNBJJK8,Buy,Giza,Villa,75187.96992481197,40932.586,-34255.38398731197,
2M5YB2Z7W1KGFTM02TKHK3Y9QC,Buy,Cairo,Apartment,28350.51546391751,34387.926,6037.410317332491,
YGKD3GY9M0WJF7MGH2SBCQANEM,Buy,Cairo,Apartment,78124.99999999996,77407.82,-717.1796874999563,
PVRJZMG09Z7XVEC4S546FPBQDG,Buy,Giza,Hotel Apartment,266666.6666666669,125343.36,-141323.30729166692,Buy
5DBKPEV9Y4SFZEYA2B1PTR9E78,Buy,Cairo,Apartment,62638.88888888895,55403.957,-7234.931857638949,
PZDX57BQ35S3MEVS196KEY3B1R,Buy,Giza,Villa,80000.0,92234.23,12234.2265625,
FGVR8TD1HFTPKXJJ1F76MF5AK4,Buy,Giza,Apartment,19130.43478260871,37379.125,18248.69021739129,
MEZ0YRKW045Z5RGFKN9T83Y5FW,Buy,North Coast,Chalet,60975.60975609759,78716.484,17740.87461890241,
HS7Q03GBR9NWFZE0RF0AWQCQ74,Buy,Cairo,Apartment,83589.74358974367,98242.74,14652.998597756334,
2T2TFY0PEC1965WR00GHAACJS4,Buy,Red Sea,Chalet,93000.00000000007,115999.555,22999.554687499927,
K907JAA1TKBA9F1XF7DQWSR52R,Buy,Cairo,Apartment,34883.72093023258,27615.84,-7267.881086482579,
YQ2VQDT2FRT03ZE4QBR6APBFE4,Buy,Cairo,Apartment,24499.99999999998,25386.46,886.4609375000182,Buy
PVV1FH9SRTYGNEH5JGBD4VHBB0,Buy,Cairo,Apartment,33304.34782608695,41587.27,8282.921705163048,
CSF67XA24J8PPGFXYCZWFMSYH8,Buy,North Coast,Duplex,139999.9999999999,137921.98,-2078.0156249999127,
E8QFFN5NM51QYTB0FZTS4XSEC8,Buy,Cairo,Villa,44444.44444444448,43707.71,-736.7335069444816,Buy
Q52YKYVGV328G23R93K1M4BDY0,Buy,Cairo,Apartment,29999.99999999999,26695.543,-3304.457031249989,
V8ANTZCR1PT5G8D9Q152K5KKVC,Buy,Cairo,Apartment,22068.965517241395,47516.766,25447.800107758605,
VJAGMHQPNXTJQ3F7D081WN5SNR,Buy,Cairo,Apartment,55806.45161290326,60840.04,5033.587449596736,Buy
XB1TAN6B604QFPEXCQSRJTVFER,Buy,Cairo,Duplex,61363.6363636364,53865.508,-7498.128551136397,Rent
G68C0MQV9X4341ZPTG7T38SVWR,Buy,Cairo,Apartment,33999.99999999999,29678.393,-4321.607421874993,
0PQ6813V78PAD7416V549802CR,Buy,Cairo,Apartment,54285.714285714246,40391.43,-13894.284598214246,Buy
ZRBYM6NVRQ8RYKY7FJ13HG4E34,Buy,Cairo,Apartment,60897.43589743591,65650.1,4752.665665064087,
P3ADPR2S71E7YEC2W58WQ33VN4,Buy,North Coast,Chalet,178217.8217821782,148929.19,-29288.634282178187,
MRTQVMCVX22EFDFNJ87RB51DNM,Buy,Red Sea,Twin House,75000.00000000004,91261.87,16261.867187499956,
237VPTYW9570CYS5TWQNA5X7GC,Buy,Cairo,Apartment,36111.1111111111,35209.51,-901.5993923611022,
01KA13ERVP6Q1AA10K7GESZ201,Buy,Cairo,Apartment,18918.91891891892,29060.102,10141.18264358108,
PS2DGMDFPY5D33R9JBKJPZGT60,Buy,Giza,Apartment,81967.21311475415,63748.125,-18219.08811475415,
R4S5Z424QSHKGD82VP9RQTHTX8,Buy,Giza,Townhouse,50157.3597883598,61874.574,11717.214430390202,
M8F69H1ZAKZ516TSW8HFVDJG3M,Buy,Cairo,Apartment,24615.384615384628,40661.668,16046.283353365372,Rent
AXFF2C2Z0EJWZ3MKTBP7QPTYE4,Buy,Giza,Apartment,77419.35483870968,63330.496,-14088.858744959682,
CMD0FGXNKDVTG2JDENKFTGVK50,Buy,Cairo,Apartment,46111.11111111107,52101.37,5990.259982638927,
DGY6274DYNQ8SXQN143RR42FC8,Buy,Giza,Apartment,91836.7346938775,48175.797,-43660.9378188775,
YCRD6FKZRQVYK0SKPKVZZNYAWG,Buy,Alexandria,Apartment,34090.90909090911,29896.541,-4194.36807528411,
ACA2Y0BK01CF1H4KMR7DSF56X8,Buy,Red Sea,Chalet,90750.00000000007,74058.6,-16691.398437500073,
5ZD8F6W215H5PDPQ4YY7VG8KHR,Buy,Giza,Apartment,30555.555555555577,31793.914,1238.3585069444234,
5AGKVEGY9AFT2DMV210XCNHWHG,Buy,Cairo,Penthouse,51587.30158730156,42820.31,-8766.992993551561,
YFV3DXQR2CQVK1GT2KEPSA8B8R,Buy,Cairo,Apartment,39393.93939393941,44484.816,5090.877012310593,
QNBNCDYJBYVG5XY5K61T9MN2ZG,Buy,Giza,Twin House,133999.9999999999,151156.67,17156.671875000087,
Y759WHMJ46VTRTJCEGAM6HMCRR,Buy,Red Sea,Villa,90322.58064516132,74265.98,-16056.604082661317,
JVPRX5FZ1B87F0MERZZ1HC32SW,Buy,Cairo,Villa,293333.33333333326,122303.33,-171030.00520833326,Buy
95HY6FAHN3ZZHGX345BXZE8F4G,Buy,Cairo,Apartment,43772.45508982036,43910.43,137.97459767964028,Buy
R34YZ0TJ6DARKBG6DPJQ1SD31C,Buy,Giza,Villa,68041.23711340204,60140.34,-7900.897269652036,Buy
8S21JQ3FDR6CZ61FZDY1Y5QX70,Buy,North Coast,Chalet,102857.14285714287,74161.94,-28695.20535714287,Buy
G84FPWG3GWHHMV9MZC7QBBK32W,Buy,Cairo,Apartment,40800.00000000003,42833.46,2033.460937499971,Rent
M9SB4MDXVNFHTV062662R09N88,Buy,Cairo,Apartment,29938.271604938298,28143.54,-1794.732542438298,
27DAHBMWA4AZAZWYA7ZZ620DPG,Buy,Cairo,Apartment,71034.48275862064,70651.67,-382.81088362063747,
TX1CY3X1J1593JRPE6MHPGM3V8,Buy,Giza,Apartment,37704.918032786896,40596.11,2891.191342213104,
SAWM8EJ4YJH3F4T0ZCNPFNYR5R,Buy,Giza,Apartment,56910.56910569101,70591.19,13680.618394308993,
CFYCEX1P6093TZ2GYXSEJNNV4W,Buy,Suez,Chalet,128257.5000000001,71049.24,-57208.2578125001,
KAXSWBQNZYS1MHJP0610BFJMPC,Buy,Giza,Apartment,17253.521126760577,41179.26,23925.740591989423,
QYH8J6W87RPKX4GCHD02PS31F8,Buy,Giza,Apartment,51363.63636363632,86314.266,34950.62926136368,
B3FF8ZHSM4MAJGZ6NDKPJRCJ14,Buy,Cairo,Penthouse,55319.14893617024,54935.11,-384.03956117024063,
2KKGQBVS27M088WG7WBK75GBDM,Buy,Giza,Apartment,74850.29940119766,43901.43,-30948.869713697655,Buy
GY73NE10QRQGBSJHD11YN5ZECG,Buy,Cairo,Apartment,63265.30612244901,57391.848,-5873.458466199008,
TP2FD266P14D9750Q110ARBJ7W,Buy,Cairo,Apartment,60000.000000000015,59400.06,-599.9414062500146,
Z7XHCHRYKXZ57FRP8APKR4QJQ0,Buy,Giza,Penthouse,36111.1111111111,24479.865,-11631.245876736102,
67CS2B5YE3CX16DCJBZATXN0A0,Buy,Cairo,Apartment,59047.61904761906,48278.965,-10768.65420386906,
0DJ3G49WTC0EYWE94REV58HYZG,Buy,Cairo,Townhouse,66091.9540229885,46082.258,-20009.696210488502,
F2A0CHPC7XR4G26KQPA48KK20G,Buy,Cairo,Apartment,49707.60233918131,67562.09,17854.491410818693,
FK19E9EXABWVA05BPDMX4R3E30,Buy,Giza,Penthouse,55555.55555555561,47284.992,-8270.563368055613,
RR77BT43AJHF1TKX90AS4BCCAM,Buy,Cairo,Duplex,48979.59183673472,45052.793,-3926.7988679847185,
YS0DGJTQJ8PJZKDT6C1K581PKG,Buy,Giza,Apartment,26845.637583892607,52203.83,25358.190541107393,Buy
KTBXRXNKPKD17ECJMQEY47S3MM,Buy,Giza,Apartment,155000.00000000012,136364.94,-18635.062500000116,
YECBKZNQ7KKGGPDZB0NHR8QN4W,Buy,Giza,Villa,240000.00000000003,243405.4,3405.406249999971,
WGCY9FZ1FS975HW43FXJCQBB8R,Buy,Giza,Apartment,299999.99999999977,265247.75,-34752.24999999977,
DNAFGXTP5FPGD6WRWH95PBE6W8,Buy,Giza,Villa,294999.9999999998,221602.34,-73397.65624999983,
W6F5QV8MXDMRASA3KHFQYKJED8,Buy,Cairo,Apartment,121428.57142857146,95399.07,-26029.501116071464,
TVKS4ZEYR0DXQBRKTC8QT66FT0,Buy,Red Sea,Apartment,72402.05128205128,68684.07,-3717.9809695512813,
B1JPWWH56782X6722Y7YJ3XKXG,Buy,Giza,Villa,84158.41584158417,62053.156,-22105.259591584167,
9F70TQXJR01PTEH49Z4W4A12DC,Buy,North Coast,Chalet,245555.55555555562,148167.58,-97387.97743055562,
SVBBW14XR05ND3RBYK2AM15CDM,Buy,Giza,Penthouse,55000.00000000004,53893.05,-1106.9492187500364,
KQYNH5CPMRB9PYPDGH3HX925D4,Buy,Alexandria,Apartment,68999.99999999997,64766.543,-4233.457031249971,
3VJ2D2HWQ8W8343T4D6G61QZ00,Buy,Giza,Townhouse,63197.02602230479,57639.395,-5557.631491054788,
AN5T02CGEHQ8BWNHD5TAG72BKR,Buy,Cairo,Penthouse,42222.222222222226,47960.066,5737.844184027774,Buy
5TYWY1QY2CQ03CR6GS9HXEVMQ4,Buy,Cairo,Apartment,31578.947368421042,31454.404,-124.54307154604248,
RCG9WRDFVDMQCB4MZNK62YW1AR,Buy,Red Sea,Townhouse,102150.53763440851,105575.1,3424.563928091491,
Q6Q857SAMB3YJJYQGZNJEEVYPC,Buy,Cairo,Apartment,212500.00000000017,120761.72,-91738.28125000017,Buy
KQ043K04VBNSZV983BFYJGZH6C,Buy,Suez,Chalet,71428.57142857146,71382.586,-45.98549107146391,
0M3Z23TBT1TMABZFWDDAZGHSW0,Buy,Cairo,Apartment,25000.000000000004,29137.53,4137.529296874996,
ZK6MPDC6C9G2JXJ7JCE35Y7Z5R,Buy,Alexandria,Apartment,25647.668393782373,38036.273,12388.605043717627,
9Y3KTBGVPJGWC75VC1YAMQZBJ8,Buy,Giza,Apartment,124999.9999999999,113474.08,-11525.921874999898,Buy
TQHPRXGJGYC7VM1JZE3A01J878,Buy,Cairo,Apartment,51204.81927710846,53272.582,2067.7627541415422,
NVR8PJXTA1VNN60PB7FYZDZB8G,Buy,Cairo,Apartment,52325.58139534888,52288.484,-37.097020348883234,
ERKAQHDJX54QKH7FRY5SFYM5Q4,Buy,Cairo,Townhouse,51566.66666666669,56904.28,5337.614583333307,
KWSY9SXG72R8DWJM3XA93DESY8,Buy,Cairo,Townhouse,60784.31372549017,68267.625,7483.311274509833,
B104Q8M1XSMFD2BRN54YQJSJXR,Buy,Cairo,Apartment,96868.68686868683,89311.83,-7556.858743686826,
WE4DMCPCW4Y882R5TTQ4GG9A8C,Buy,Giza,Villa,78313.25301204826,95441.57,17128.317300451745,
DNFQ1YJ802WC9EKZ5F5HP81RRC,Buy,Cairo,Apartment,41429.0909090909,73735.125,32306.034090909103,
0467Y7AVRVXTTHPR8FAKTDJQ4C,Buy,Suez,Chalet,37037.03703703703,45619.445,8582.40827546297,
XS2N1D2A9VYH2V3JDCMCR3H454,Buy,Cairo,Apartment,14782.608695652169,47353.723,32571.11396059783,
CR1N5XPMNB8KX6EHTGZCKC1KPM,Buy,Cairo,Villa,60000.000000000015,60717.85,717.8515624999854,
QGZVA7822CJQJ4E5TVNSH4B3Q8,Buy,Cairo,Apartment,49090.90909090912,40637.4,-8453.510653409117,
4SX4RSDM7T9PG56H6ZPGD86X9W,Buy,Giza,Villa,18954.248366013067,42059.363,23105.114915236933,
DTZQBKPNDVRHX29SB2116MDDC8,Buy,Cairo,Apartment,259999.95,141429.11,-118570.84062500001,
E0DG7Y5X02WA717YBTTTQ2VK58,Buy,North Coast,Chalet,47733.33333333334,56446.797,8713.463541666657,
PCHCWX8B83EX76AKADABQ7T8V4,Buy,Cairo,Apartment,96999.99999999999,102924.375,5924.375000000015,
2HT26HKGHY76G5THAGWZRG8Y34,Buy,Giza,Townhouse,52499.99999999997,53609.727,1109.726562500029,
RG2AWWJE8S9Q7HPTY229N0ANP0,Buy,Giza,Apartment,23021.58273381295,24007.209,985.6262505620507,
330MTMDSZVFQP3RFG0JX9TNSYW,Buy,Giza,Apartment,41249.999999999985,51884.535,10634.535156250015,Buy
32NV7DHM66SXC895JX1ERQ8EG8,Buy,Cairo,Apartment,65079.365079365096,45755.04,-19324.326016865096,
01K9Q06XZGDDT27B04R05V87SE,Buy,Giza,Apartment,48365.77181208055,41363.94,-7001.830405830551,
RN8Z1GVHQYAM544MCPYGXT5SHW,Buy,Giza,Villa,79051.38339920942,49553.305,-29498.078711709415,
HM9EGXWFW8GNXA3WW7PHSMK1CG,Buy,Cairo,Apartment,121019.10828025473,106785.68,-14233.428592754732,
1NTDFQH4WFQD58SWF0ANX02B80,Buy,Cairo,Apartment,45508.98203592812,41574.855,-3934.126567178122,
Q7AS6JQHA2QWWPYEB3T564YVR0,Buy,Suez,Chalet,81000.00000000007,75181.336,-5818.664062500073,
WVWRDCT7Q0QH7JQPEP4W3WM4E4,Buy,Cairo,Apartment,28999.999999999996,34205.28,5205.281250000004,
D3HSQ4JWMNWZ01X0G1QG47T9AG,Buy,Cairo,Apartment,22666.666666666686,24035.365,1368.698567708314,
J39ADNPXQTCV399FHQVTFW48H8,Buy,Giza,Duplex,50000.000000000015,44902.145,-5097.855468750015,
PA27107EEW79M3BRJ1PKCY4AFR,Buy,Cairo,Apartment,72268.90756302522,68740.03,-3528.876313025219,
YC7GMER4KBCSYFNTXNJZ1BZJR0,Buy,Qalyubia,Apartment,24071.42857142857,25631.03,1559.6007254464312,
84JZ5382JK2R58JRVXWMT36RRM,Buy,Giza,Apartment,74074.07407407406,58436.15,-15637.925636574058,
G0MTJXFQYSVAAVR7Z95QKZJMP4,Buy,Cairo,Apartment,82802.54777070071,70029.14,-12773.407145700708,
H2XMBVZVTZBDZX9NW8MYSWZQRG,Buy,South Sainai,Chalet,74588.23529411762,68337.71,-6250.524356617621,
S85QKNCBJ8SBYXFB7CAT4T7PMC,Buy,Suez,Chalet,104545.45454545454,85532.12,-19013.337357954544,Buy
BWHV4HCHEN8XEM6KP0EQ2BM89C,Buy,Giza,Apartment,69029.85074626871,64514.223,-4515.628090018712,
JN01304VSW4RY225M9KVAFDY1R,Buy,Cairo,Apartment,38771.512987013026,44579.098,5807.584669236974,
WCD1EM3K8T80YT0ZYFT877TR2R,Buy,Cairo,Apartment,63583.81502890175,54303.523,-9280.29159140175,
B85EF7TDC9YKR1WZ66W0VR0M64,Buy,Giza,Villa,49487.17948717951,50793.08,1305.8986378204936,
VK3ASW0CY4F17K0KP00VHZR8DW,Buy,North Coast,Chalet,157142.8571428572,103222.32,-53920.53683035719,
FMN169CDF0WMBHXW7GBS4M04H0,Buy,Cairo,Apartment,21751.612903225814,24447.11,2695.496471774186,
C9VNHTN982EQBDTQC5VR2ZZK2G,Buy,South Sainai,Chalet,73897.4358974359,53766.812,-20130.623397435906,
R1C4C2AEWR6TWGQSK7CP6850N8,Buy,North Coast,Chalet,40000.0,76396.83,36396.828125,
P1A9GTHEVSE8S2MJMG3ER0NAEC,Buy,Giza,Apartment,50828.72928176797,41043.836,-9784.89334426797,
B1R6NC8HXWM13286A3CD0AS770,Buy,Giza,Apartment,185000.00000000006,168378.66,-16621.34375000006,
QME8X11BN1Y9BK5DANQFVE6TRM,Buy,Red Sea,Apartment,74056.40449438203,71266.54,-2789.8654318820336,
FCG1A52GHS3G8ENRS0G1AKM1VG,Buy,North Coast,Chalet,210000.0,213182.77,3182.765625,Buy
J8B95HATHAPSAK415MQ7CY1X0M,Buy,Giza,Apartment,219500.00000000012,227905.11,8405.109374999884,Buy
K54ND65VYCNJYHFQZW9VDEY7VW,Buy,Giza,Apartment,47619.047619047604,58223.703,10604.655505952396,
NVFXW474AQYC32VMEG0QSCDWT4,Buy,Giza,Apartment,20441.176470588223,25007.625,4566.448529411777,
230JPRRQYMXCZ5MVNRFM7JCTHM,Buy,Giza,Apartment,57532.80000000004,63189.562,5656.762499999961,
W9MCN5X5V4WSA616JDC3H8YFRR,Buy,Cairo,Apartment,23466.25766871167,25597.514,2131.2560031633293,
4562M576FZ0KKFNC3DH6QJ0C94,Buy,Giza,Villa,299999.99999999977,292847.0,-7152.999999999767,
BD5HYM5C6M8JGYJ2WXHH751RQ8,Buy,Giza,Penthouse,22045.45454545455,20216.77,-1828.6850142045514,
7HBG14DRTVSEYZXWKR5994EVN0,Buy,Alexandria,Townhouse,97628.86597938152,72587.52,-25041.342541881517,
DWVAPQ4SRWS8S980GXYW4VKFBG,Buy,Cairo,Apartment,52455.357142857145,60806.86,8351.502232142855,
C124YYQP3MQN09KDDCWCR1AAXC,Buy,Giza,Apartment,144349.99999999994,138554.66,-5795.343749999942,
01JYKPANJ3XPG64A3ZK5RW087F,Buy,Red Sea,Apartment,55147.05882352938,67779.0,12631.941176470616,
A1R3BP2N1GA2KQA2RZTGTT9WVW,Buy,Cairo,Apartment,103658.53658536581,104306.9,648.361852134185,Rent
2HW0BC4F2DHKJX61R174D82ZSR,Buy,Red Sea,Apartment,50304.54545454545,45848.168,-4456.377485795449,
CNV4EN7VPKXQNYHQ11W9PMG880,Buy,Giza,Apartment,29062.499999999985,31584.836,2522.3359375000146,
6F6NX3A6J8JKE3Y1AC0FDJARD8,Buy,Cairo,Apartment,53571.42857142855,48902.98,-4668.448102678551,
H73T267TNKQ4YVE8J9N0CVTWFR,Buy,Giza,Villa,150000.00000000006,152371.42,2371.421874999942,
G02TA2DD7K59MG8RPXQ0EQF7GW,Buy,Red Sea,Apartment,74056.40449438203,69471.64,-4584.763869382034,
70562RZB58M1K9W3KFTRZSDRZC,Buy,Suez,Hotel Apartment,29949.999999999996,58249.973,28299.972656250004,
SWAJT1MPE735N9CDJ8MZJ262JW,Buy,Cairo,Duplex,59523.809523809476,42507.82,-17015.989211309476,
G6EN49FFTRBY0026AM60T9ZQKG,Buy,Cairo,Apartment,36290.32258064519,60486.438,24196.11491935481,
EHJJ943EQGGWTH7DNSEKREJD74,Buy,Cairo,Duplex,35148.514851485146,34320.695,-827.8195389851462,
KQPYMTXXNJ6E174JQFQ0E6JS28,Buy,Cairo,Townhouse,55357.142857142826,57479.27,2122.126674107174,
AH87ACBNXDDCS5HJ20ZB0G08HG,Buy,Cairo,Apartment,51369.863013698596,51942.26,572.3987050514042,
6VF9XD06QY9CFND1ZWBZKGS0GC,Buy,Red Sea,Apartment,47500.000000000015,43854.812,-3645.1875000000146,
9459YFXZE5RTTMY589KY0271TC,Buy,Cairo,Apartment,57142.85714285714,60349.703,3206.8459821428623,
4FK2KYRNA8SEVTT0V4XTYWE0JW,Buy,Cairo,Apartment,67002.56923076924,39645.656,-27356.912980769237,
YQ6RKN22HPPW50JKER0KZGAHKW,Buy,Giza,Villa,41249.999999999985,119854.4,78604.39843750001,
FXDBX87245DD6AJ29RQGNHZVR0,Buy,Giza,Townhouse,43028.806584362115,45867.453,2838.6465406378848,
GSRT6MC341HQ4970VJVWDQ01BG,Buy,Cairo,Apartment,48484.848484848524,53746.562,5261.714015151476,
HT7BKJQ10M5WF8MBHAP7JE9BJM,Buy,Cairo,Twin House,67346.93877551022,58190.008,-9156.930963010222,
XTFE2N2KCTYNA99K7MHWWBN8XC,Buy,Red Sea,Chalet,108661.4173228347,109204.48,543.0592396652937,
47605KSA8SVAJKR1NCB4JZPFJC,Buy,Cairo,Apartment,72131.14754098357,84477.12,12345.96964651643,
EGX2PH959T7X2AJRTCJY2EHYEM,Buy,North Coast,Chalet,43750.00000000002,65733.68,21983.679687499978,
B5W1GYR52AQKT7AHK3TVEWJ92C,Buy,Giza,Apartment,42405.06329113923,48412.027,6006.964052610769,
AGJ3K7EVE1WQSMMXDQY4YQ6JKW,Buy,Cairo,Apartment,30294.117647058843,32470.584,2176.4663373161566,
60NBH1DZ1H8ZJZ732Q3QV8FTXW,Buy,Cairo,Apartment,47520.66115702479,54247.67,6727.0107179752085,Rent
RQKRMMV2R9DQFCG06J18G866RW,Buy,Cairo,Apartment,52795.03105590065,69351.56,16556.531444099353,
01NAPVVXAN2EEV66TP3D78M8VW,Buy,Giza,Villa,88780.48780487801,64858.332,-23922.15577362801,
HSBQ4T2G18TF8SBYN2YJNMBDTC,Buy,Giza,Townhouse,36842.10526315787,44169.027,7326.922080592129,
ZB5QK23JR9GG8DXV4NKS353NZG,Buy,Cairo,Villa,55000.00000000004,75000.516,20000.515624999964,
CPDFNTE5MNEAVRC23XSNKVH7CW,Buy,Giza,Apartment,244999.99999999997,181950.08,-63049.92187499997,
KG0KAR4SVS1CBFAR0XEAXHCZ7C,Buy,Giza,Apartment,38437.49999999997,34520.05,-3917.449218749971,
R4TNG0RD8AQ0NFTHD8ZJDZ1AF4,Buy,Cairo,Townhouse,52941.17647058823,62117.992,9176.81571691177,
HNCYJD9KARDXVTH2RNZ0V2BWHR,Buy,North Coast,Chalet,124489.79591836732,129057.195,4567.399394132677,
00ZBVYKC3HWTE91RPQ6R7XV2QC,Buy,Cairo,Apartment,60000.000000000015,34438.402,-25561.597656250015,
W60YSD3SQEPJA0CSD6PEJ9NNSM,Buy,Cairo,Apartment,41935.48387096778,41120.434,-815.0502772177788,
NTYSV31AM0WVB4S2SWYJ5XY8TW,Buy,Cairo,Apartment,55000.00000000004,77818.1,22818.101562499964,
TVAWMAX2BWA7DV80ZGQW2VYAAC,Buy,Cairo,Duplex,35000.00000000001,76769.97,41769.96874999999,
1XPJ1GGVYS7VFENQ399WWNWTYW,Buy,Giza,Apartment,53333.33333333335,40917.13,-12416.20442708335,Buy
QWJFSYZHCSA2WTQ2GY5T6TNY70,Buy,Giza,Apartment,123529.41176470598,106828.26,-16701.153952205976,
BWAV9H32J6XH8HYM8NF4G8B44M,Buy,Giza,Villa,60546.875,66354.016,5807.140625,
TP81S92731ZYCSW9X8PXSFFEHW,Buy,North Coast,Apartment,78947.36842105266,48405.01,-30542.356702302655,Buy
E6YPYT4KS3KBR66QF0CF253TM8,Buy,Cairo,Apartment,37298.507462686546,32715.807,-4582.700822061546,
3JR0ZX68ZAN83C9SHP3RR6DYGR,Buy,Giza,Apartment,32608.69565217391,50022.81,17414.11294157609,
ZP1QQ1WQ158QCNA01TZ0Z4N0ZM,Buy,Giza,Apartment,46888.888888888905,46527.88,-361.00998263890506,
66RSA0RER01EZ3DJDEX3TWFF00,Buy,Cairo,Apartment,73343.37349397595,91098.125,17754.751506024055,
1JVSNT6N1B68SSJ5CBP1JTW1X0,Buy,Cairo,Penthouse,35454.54545454545,44699.96,9245.415482954551,Buy
55N1X4Z1YCH89A0RMQ86Y87474,Buy,Cairo,Apartment,22300.0,18849.191,-3450.80859375,
FBWBCVW6K6561Y85FT9PVWMCA0,Buy,Cairo,Apartment,22500.000000000015,27785.127,5285.126953124985,Buy
08Q2SJ0ERRDYFZG1K0NC996G74,Buy,Giza,Apartment,57000.000000000044,33400.82,-23599.179687500044,
KFGE3VWEF9N7SABGCQMXNEN150,Buy,Cairo,Apartment,70121.95121951222,60727.926,-9394.025438262222,
PNWCG65VEFTD5D8QHQQJ1TF60R,Buy,Cairo,Apartment,46428.571428571406,52521.633,6093.061383928594,
HKX2Y68HMWZKVYA6GYZFW524WC,Buy,Cairo,Apartment,50000.000000000015,53775.43,3775.4296874999854,
NCKKCQAF7P91BHXX867J37P8YW,Buy,Cairo,Apartment,35652.173913043465,36080.93,428.7557744565347,
RFNB7HXD4G3NMBNAM1TC1XKQKR,Buy,Giza,Villa,44444.44444444448,63940.227,19495.78211805552,Buy
01K1DVXM6FNF8269M3YTDKQS14,Buy,Red Sea,Chalet,66666.66666666672,89156.09,22489.427083333285,
1HXYSCE2JNX8DYN9SWYXMZ0ESG,Buy,Cairo,Apartment,56428.57142857145,54816.78,-1611.7901785714494,
XA29AWQ4TWE8J31QTG6T8WD1RG,Buy,Giza,Apartment,33333.33333333334,36310.383,2977.049479166657,
MDBV3F10HKGS5J8JA4FA9NWV0G,Buy,North Coast,Chalet,37500.00000000001,66159.4,28659.398437499993,
7YBWHCMG04RN82CC501FMTWPY4,Buy,Cairo,Apartment,30219.780219780227,30841.031,621.2510302197734,Buy
M2W3YQJE0D7FJCN5PMM95DJJTR,Buy,Giza,Villa,170000.00000000012,167328.7,-2671.2968750001164,
WXYB95A8FGS758CZVRJMBK7RP4,Buy,Cairo,Apartment,25000.000000000004,25193.795,193.79492187499636,
BQRMWD2ZNRGTGJCG5WZ8SSBYKC,Buy,Cairo,Apartment,56815.28662420386,54615.254,-2200.032717953858,Buy
4TSK9NAP69FC03K2YG6SFPXJ9R,Buy,Cairo,Apartment,86538.4615384615,78096.53,-8441.930288461503,
NYS0T2ZC800JDQ8YEWD5P8A9AC,Buy,Red Sea,Apartment,66000.0,68502.15,2502.1484375,
4E0JCSRC4WAM1N04XKAZ70Y0N0,Buy,Giza,Apartment,32187.49999999998,39134.65,6947.148437500018,Buy
Y7XW08GJ5J1CQZS1PXAZ8S06EW,Buy,Cairo,Apartment,64789.71962616821,65211.117,421.3975613317889,
39YME33VN8RREA85Q99JGZAWT4,Buy,Cairo,Apartment,41379.31034482757,48147.137,6767.826373922428,
0W1H5NGWVR3ZD4PWEH73TT8ES8,Buy,Cairo,Apartment,58219.17808219174,59963.14,1743.9625428082581,
AV3WSGJJJ2Z5N31B6SG4RJKCH8,Buy,Giza,Villa,80924.85549132946,82673.08,1748.2226336705353,
V1XSYXG6Q2B1AZK3N8VPXJWSZ8,Buy,Giza,Twin House,120000.00000000004,126852.33,6852.328124999956,
4ZM3AB4Q5BKETVDFRQPZ9CV9NW,Buy,Cairo,Apartment,73157.89473684215,66958.75,-6199.14473684215,
2P3BH8B92533ZHDBK3HJQQV2NM,Buy,Giza,Apartment,66459.62732919253,61782.176,-4677.451547942532,
515PFRWPE3R80FCRBQDSP15T38,Buy,Giza,Apartment,124999.9999999999,136540.61,11540.609375000102,
7E4725HPBC490ETS0YY2RCTM5M,Buy,Cairo,Duplex,22481.75182481751,42035.543,19553.79114393249,
C5GKWKKQ1YH60PK795MXKVKQE8,Buy,Cairo,Duplex,43269.230769230744,44951.89,1682.659855769256,
7BDXD9PZMC6QPZ5RBRVB9KN3MW,Buy,Cairo,Apartment,86194.02985074627,59696.676,-26497.354069496272,
C3QSXJVG84KZAB979JJ3VGCJS8,Buy,Cairo,Apartment,31111.111111111128,33922.293,2811.1818576388723,
XFKR6F4FVYVVZQ039MJNJQM12C,Buy,Cairo,Duplex,53333.33333333335,75541.555,22208.22135416665,Buy
Q92JAZR174YENGB6HXE8RHVD58,Buy,Cairo,Apartment,61095.000000000015,53222.918,-7872.082031250015,
WQGZW7QWZ9YSPFB0QD1NZ5CDD8,Buy,Cairo,Apartment,63176.47058823533,58201.605,-4974.86511948533,Buy
SHJSNE31YMC83FMWCCM6M9B4KG,Buy,Cairo,Duplex,35000.00000000001,36658.504,1658.5039062499927,Rent
0RXANAA3B84P9K102RSJ39DT1R,Buy,Cairo,Apartment,57142.85714285714,51284.11,-5858.747767857138,Buy
5T6AJ5AKM3DP3P4SBMW8N78BVC,Buy,Cairo,Apartment,29579.999999999985,26335.27,-3244.7304687499854,
R51PDAQ5SK5BED96R8K7N7VDMR,Buy,Cairo,Apartment,76647.3988439307,72226.03,-4421.3675939306995,
A0FNDKV6FSFP0695DZF91RTZC4,Buy,Giza,Apartment,51724.13793103451,49270.33,-2453.8098060345073,
SC2RM7Q3WF1YY00JZRD2YHS864,Buy,Cairo,Apartment,52963.88888888893,55811.668,2847.779079861073,Buy
55348RR1F1B5BABB9YM4AZ2BHR,Buy,Giza,Apartment,52816.90140845067,50047.145,-2769.7568772006707,
H9AZ1V19KATWWXZ6CG8SNFDR5R,Buy,Giza,Penthouse,22045.45454545455,21346.623,-698.8314985795514,
MBXAEV586DDHREE08MJVEZ1AWW,Buy,Cairo,Apartment,42982.45614035084,56239.062,13256.606359649159,
X0QNNP2KQAH0E57JK78DHABA14,Buy,Cairo,Apartment,28235.294117647034,26825.166,-1410.128102022034,
G6GPPQKV2DJGZ35VVPAN0BBEVC,Buy,Cairo,Duplex,21498.371335504897,40662.832,19164.460695745103,
4KB451M11KHXP71T51ZKR2SHCG,Buy,Giza,Apartment,66350.71090047392,68694.42,2343.7109745260823,
S8ZXMM7WF841P3Q35PRVX08W3G,Buy,Cairo,Apartment,41249.999999999985,43605.54,2355.5390625000146,Rent
J3BX8534KGTPXXZTGRRC0FWBPW,Buy,Giza,Apartment,199999.99999999997,207397.89,7397.890625000029,Buy
H3M73EC33B7E6N0ZAJ1MFB16F8,Buy,Cairo,Apartment,86842.10526315786,70782.914,-16059.191200657864,
8JMZ6MZVKESJE7BGJ4K08J7QK4,Buy,Cairo,Penthouse,54878.04878048777,56850.902,1972.8535632622297,
729QXQXBGGPHBBJMT6H31386E0,Buy,Red Sea,Apartment,65683.7454545454,45502.344,-20181.401704545395,
01KC69FZ4V4D856QHKW7P3QCPJ,Buy,Red Sea,Apartment,36666.66666666665,35764.24,-902.4283854166497,
7TBJP2FV63FE9X29BWJ8X4X5QG,Buy,Cairo,Apartment,56802.72108843533,51948.605,-4854.1156196853335,
W1T64KG4WDVX3MEADBPP5CRNH8,Buy,Giza,Villa,45303.030303030304,47484.918,2181.887665719696,
HVP1REJ5CTVWBZ5AT8DMJ47XFW,Buy,Cairo,Apartment,54225.35211267605,42770.27,-11455.082581426053,Buy
30M12ZWAZKFS7P910Y3XZFCHW4,Buy,Giza,Apartment,30318.965517241377,41059.613,10740.647764008623,
KK1JMATS1QAXRFEZBG9K2A2A8W,Buy,Cairo,Apartment,70469.79865771817,55563.12,-14906.677563968173,
RS087V5YXWNTQA45B4HT9D9ERG,Buy,Cairo,Apartment,106918.23899371074,78692.766,-28225.473368710736,
4ZRQ0NMPWGCJRMFYMHBG1N7XP4,Buy,Cairo,Villa,57666.66666666668,51262.152,-6404.514322916679,
PE8D3GNP34CTNQAPFRM726M3YR,Buy,Giza,Apartment,18750.000000000007,21098.66,2348.6601562499927,
C8PZ63SC2BT9KBVZMZH3FVYZVR,Buy,Giza,Townhouse,87906.97674418597,74797.01,-13109.968931685973,
PN12C7RG2QVMY86XKX5NSXANP4,Buy,Giza,Apartment,78431.37254901967,56576.195,-21855.177236519667,Buy
1P2AWM702B5932YQEJT50FQ15C,Buy,Alexandria,Apartment,56700.000000000044,53651.87,-3048.1289062500437,
Y87TN96V0D26GEVEF4X28DT75R,Buy,Giza,Apartment,23021.58273381295,27912.906,4891.323516187051,
0056REXB4SQQRJMEEY37S7VRPC,Buy,Cairo,Apartment,86363.63636363632,81620.25,-4743.386363636324,
GREADJBQN5RJFF30HPZQ1D5188,Buy,Cairo,Apartment,25999.999999999985,26966.064,966.0644531250146,
ST9WH0JNYKAFEHQP0V1AD0VEM8,Buy,Cairo,Apartment,40540.54054054052,42660.2,2119.658678209482,
1S7MPBMFKHT4K2AFE5556JXGKW,Buy,Cairo,Apartment,56250.00000000003,59933.586,3683.585937499971,
6TBDGKMDTH0BE7Q930EB0G8JJW,Buy,Red Sea,Apartment,43000.00000000002,45148.926,2148.925781249978,
QENQFC90HFFPY96V6BE34WG7YM,Buy,Giza,Apartment,23529.411764705885,26219.914,2690.5022977941153,
TSVA5NQWEXN7RMXTN2DQXWWJDM,Buy,Giza,Villa,90909.09090909096,69661.39,-21247.700284090955,
YNB8W6MDPMCSM2KZA62VNB5AFR,Buy,Cairo,Apartment,23999.99999999999,24482.854,482.8535156250109,
PCJ30HX9Q95HBMH9Z9M127B55C,Buy,Cairo,Townhouse,67333.33333333328,77260.83,9927.494791666715,
2174VN6R735BHKHPPGNG4DCJSW,Buy,Cairo,Duplex,74016.7300380228,35331.55,-38685.1792567728,
5MCT8EXT2CRBGVTWZTN4H33MB8,Buy,Cairo,Apartment,20913.242009132417,23685.588,2772.3458814925834,
M9T49X2MY7AYVCAFFBCFSJMVWW,Buy,Giza,Townhouse,66436.67763157896,47308.945,-19127.73231907896,Buy
86BWVXDADAV9G0NC0VB47QK2MG,Buy,Giza,Apartment,219500.00000000012,231429.64,11929.640624999884,
3BKMNDW7ECR4M2KDVT55GXQRFR,Buy,Suez,Twin House,51428.571428571435,66804.45,15375.881696428565,Buy
KQRCVZQ9MT5BAFK4HAA4GVN06M,Buy,Cairo,Penthouse,66666.66666666672,111478.11,44811.442708333285,
KN9642Z4WEZ7CNYRRX98AZE3JW,Buy,Red Sea,Apartment,93500.00000000009,92830.77,-669.2265625000873,
95MSD3PGQ27AQ4CV79A78BZARG,Buy,Cairo,Apartment,33781.25000000002,27290.945,-6490.304687500022,
CD9NC221FJ63GW79J1H6X95EPM,Buy,Cairo,Duplex,36499.99999999998,34151.17,-2348.828124999978,
ZH8A1YMQPBJXF347710ZFGWTT0,Buy,Giza,Townhouse,69053.2,63796.477,-5256.723437499997,
AF2ZX1A8YBDYW3EW5WG8C8FE6C,Buy,Red Sea,Apartment,58215.38461538463,65472.906,7257.521634615368,
Q9XQ2GD2J2T91VDS6E9KVBY708,Buy,Red Sea,Apartment,34477.27272727275,41662.414,7185.14133522725,
AVD5NB0PS93ZZ7PCE23YRCYNKC,Buy,Cairo,Apartment,38571.42857142859,38893.84,322.411272321413,
TFWJN4HK6V3NXZMK7VR1ZBNCKC,Buy,Cairo,Apartment,30625.000000000025,25490.42,-5134.5800781250255,Buy
A0825RSZCCJ05X6VWTEN8MK0G8,Buy,Giza,Apartment,51649.122807017564,63951.69,12302.568599232436,
74R3FZV5PPCVRGNYYYTP3Y3BJG,Buy,Cairo,Apartment,42352.941176470566,41965.926,-387.01539522056555,
06A6CKM3X1MK00CQTZS0772AH0,Buy,Suez,Chalet,75000.00000000004,41264.844,-33735.156250000044,Buy
038P8ME07RRSK6ZEF56CSEDB84,Buy,Giza,Townhouse,119047.61904761895,73898.59,-45149.02529761895,
1AVACZEVJJ4QJ1THTWN2VY7QY4,Buy,Giza,Apartment,36363.63636363634,35725.51,-638.1246448863385,Rent
JRYYXDFSCFBQJ94JDGQA9AR2JM,Buy,Giza,Duplex,60000.000000000015,68972.83,8972.828124999985,
JAXW5VG1D9EYJHRW116FXDQ9TW,Buy,Giza,Apartment,21568.627450980384,32401.137,10832.509267769616,
TYS618PJMA7VF315TC8Y12N3AM,Buy,Cairo,Apartment,31250.000000000015,24930.588,-6319.412109375015,
X832HXHZKE9JBGA069FEM2GW7W,Buy,Giza,Villa,259999.9999999998,186366.73,-73633.2656249998,
80XNK83A6R5D1HKJAXWK34PRJM,Buy,North Coast,Chalet,116666.66666666669,81434.12,-35232.549479166686,
824CEK7Y208C458CWK6XV486GR,Buy,Giza,Apartment,45555.55555555558,46594.664,1039.1085069444234,
H3XVW631XAA5NKVWH8YZN62X10,Buy,Cairo,Apartment,52499.99999999997,47293.383,-5206.617187499971,Rent
9GQHR998GC04B19BXF95HRTW0M,Buy,Cairo,Apartment,67543.85964912277,38283.637,-29260.222930372765,
TWYCE40TX688449ASRCV859M1W,Buy,Giza,Apartment,249999.9999999998,117978.88,-132021.1171874998,
XN23FEC50WSBW88A4AT0NB06JC,Buy,Cairo,Villa,82000.0,158666.11,76666.109375,
V7ZR4DV4JJAPZ3FD8ZSSVFZXZ0,Buy,Cairo,Apartment,109489.05109489046,86422.414,-23066.637032390456,
JSNBJG2V5GDPCBBJA6NWKTDRQ8,Buy,Cairo,Apartment,44973.54497354496,70451.836,25478.29096395504,Rent
8DZZWCA97Y3ND4J5BNZXEKRYAR,Buy,Cairo,iVilla,55755.395683453215,57957.668,2202.2722852967854,Buy
0YGKJZN4HP0JNA1HZSZHSWZQ7C,Buy,Cairo,Apartment,107142.85714285722,86242.766,-20900.091517857218,
MNVQQAJ8YZ7MG6G6631AXHZ2S4,Buy,Red Sea,Apartment,41999.99999999999,41734.434,-265.5664062499927,
335FXEHWA1MN507HMPNVDM2XPG,Buy,Cairo,Apartment,80000.0,86161.375,6161.375,
JZBMZVM646W7PRNWTJZC51NYJ4,Buy,Red Sea,Apartment,98630.1369863013,95350.05,-3280.090111301295,
A1X13E4304WFPT21X375GSCFA4,Buy,Cairo,Apartment,71111.11111111108,80394.695,9283.58420138892,
QEXCR3E0E74WY796SAP9WTTMQC,Buy,Cairo,Apartment,58260.86956521735,62561.926,4301.056216032652,Buy
02W7FZAPNRN58074TZ2BHKZJ30,Buy,Cairo,Apartment,26550.632911392397,40100.414,13549.781151107603,
DCNRD3RFAJAXJAKZ0S3XWEH0JW,Buy,Cairo,Apartment,88235.2941176471,94375.79,6140.494944852893,
AE6QAT41KQHCNQ80NMVD5MQQB4,Buy,Cairo,Apartment,40903.4090909091,32634.598,-8268.811434659103,
S299YY3CF75MEM41GX2CPD03GM,Buy,Giza,Twin House,57252.74725274724,64184.793,6932.045716002758,
2VR7ND716R9R32EFEEE393ERQW,Buy,Cairo,Apartment,27499.99999999998,26091.846,-1408.1542968749818,Buy
Y1XS165WGTC7HB4AGS2KC336G8,Buy,North Coast,Chalet,71428.57142857146,84154.19,12725.616071428536,
VRC72TZSFMC3SMHP1TG9ZD01EG,Buy,North Coast,Chalet,78536.55172413796,85100.56,6564.010775862043,Buy
P2Q3GG5NDS95Y43RV01RTWPM6C,Buy,Giza,Apartment,199999.99999999997,127648.664,-72351.33593749997,
ENTS6ZCBHHFRKFDTJZYPQ4Q4H8,Buy,Cairo,Apartment,71551.72413793103,71595.44,43.71336206897104,
3SCYK5KGDTTAFX6W19PBSZ8R0M,Buy,Cairo,Apartment,70354.2857142857,58011.64,-12342.645089285696,
DEM4Z9YBVJBZW7HE7524Z0C934,Buy,Giza,Apartment,51724.13793103451,48109.406,-3614.7316810345073,
PSJHP5VE5HVZ9FR9C1HHXZYBM4,Buy,Suez,Chalet,41333.33333333331,46037.848,4704.514322916693,Buy
DCHAP00T3HXC1ES619WT5PYCMC,Buy,Cairo,Apartment,29430.379746835453,27555.83,-1874.5496687104533,
9FEEZAPQS5XWNZCRG3HMNG5WC0,Buy,North Coast,Chalet,63809.52380952386,71495.2,7685.67931547614,
8BQCDZ5M6B41J0HMXE5V5FN91G,Buy,Cairo,Apartment,52631.57894736842,62699.426,10067.84683388158,
6X9GY4DE8X0WYV69T5F8Y5HBTG,Buy,Cairo,Duplex,70000.00000000001,64844.168,-5155.832031250015,Rent
SQJNX0N8ZTFXEN9JXFHTCSHV10,Buy,Red Sea,Apartment,40999.99999999999,44451.523,3451.5234375000073,
GNS5VTA1HSEQHNSH9F6X68714R,Buy,Giza,Villa,49609.37499999998,50478.51,869.1367187500218,
ZDNGT8V55W871NTJTDV23M4K08,Buy,Giza,Apartment,91111.11111111114,70111.336,-20999.77517361114,
Y4Z872R3AH4AVQMNGH92X0SK60,Buy,Cairo,Apartment,73648.64864864861,69218.02,-4430.62521114861,Buy
28KGKWNHZA8Y3HCT10J1FCP79C,Buy,Cairo,Apartment,26116.40211640213,27033.4,916.9982742228713,
52D7QMCSW4ZNZWYG442ER139G0,Buy,Cairo,Apartment,50080.00000000003,31146.074,-18933.92578125003,
PJQE6HMT8QTPMKJDH3ENCA6QZG,Buy,Giza,Twin House,70588.23529411767,63089.246,-7498.989200367665,
9VM6WKN7EBKGA85RES636H0KD4,Buy,Cairo,Villa,38461.53846153845,43223.42,4761.883413461554,Buy
0XDK34NF3118EZ9BSRDN54Z84M,Buy,Giza,Villa,42145.59386973178,40891.188,-1254.4063697317833,
T2YG7VSYXPKPDNR6027YKF1Y8W,Buy,North Coast,Chalet,78304.66666666661,69428.984,-8875.682291666613,
4327NXKSTEKD4QPKJXZWH363DW,Buy,Cairo,Apartment,82051.28205128208,78805.945,-3245.3367387820763,
2DDDPYSTY7C81BWKNECERNJ0KG,Buy,Giza,Townhouse,54545.45454545459,68015.09,13469.639204545412,
01KBY41XPZF78TE8T0PHPFFM33,Buy,Giza,Apartment,40000.0,26560.186,-13439.814453125,
9114HZ05K2NYADXM31BAQCYFDR,Buy,Cairo,Apartment,29999.99999999999,73889.92,43889.921875000015,
0SG2B08HNZ5R1DHYNBTCFT0RZM,Buy,Cairo,Apartment,73717.94871794869,79636.18,5918.23096955131,Rent
X14D29D1M3T573P4Q8YWF4V5M8,Buy,Cairo,Apartment,111290.32258064524,105166.81,-6123.510080645239,
JGPYN62STTRMEDA3V9C69W0SDM,Buy,North Coast,Chalet,129166.66666666657,109920.42,-19246.24479166657,
JXPE2GQ6DBCKSPQ227NQC6E9EG,Buy,Cairo,Apartment,43478.26086956522,52190.19,8711.930536684777,
EC04AHGBVHSHHTGD1GV4G0QP6C,Buy,Giza,Townhouse,53191.48936170211,64221.406,11029.916888297892,
VN56PJ59VGPJ6E4MBJN6JZ59N8,Buy,Giza,Villa,199999.99999999997,214676.81,14676.81250000003,
0B4XQEFNYFSAPCHQ21EHG15988,Buy,Cairo,Apartment,53763.44086021509,55226.86,1463.418514784913,
2X7TPFGNCKPHVZ2AMTJH0DKJHR,Buy,Giza,Apartment,96249.99999999999,41599.96,-54650.039062499985,
S7C7VMV9RK9640CPSYCP2T0NYR,Buy,Giza,Apartment,72580.64516129036,79758.016,7177.370463709638,
Y1J303PKNY137RCHF78B65EQ9G,Buy,Cairo,Apartment,36480.68669527899,30350.275,-6130.411304653993,
PMRP1Y9S357FXEPWFWN9HWHJD4,Buy,Cairo,Twin House,60922.738461538414,62596.72,1673.9802884615856,
3WM1KVENMW4Y27N9PEWNKBP0H0,Buy,Cairo,Apartment,52734.375,57074.723,4340.34765625,
YQH733KQ33KWAWM9P9S7TKM1KC,Buy,Cairo,Hotel Apartment,122499.99999999996,134258.45,11758.453125000044,
2V7V0DA59NZGPKCJFW59ESM5VM,Buy,Giza,Apartment,75949.36708860754,47760.055,-28189.31240110754,
06DR8TD105VMR5QDNR535QNMKG,Buy,Giza,Apartment,95999.99999999996,70124.38,-25875.617187499956,
FDXK2GFJRP5REVDTXM5T3MQWHG,Buy,Giza,Apartment,64705.88235294123,60471.96,-4233.921415441233,
204DD1RZPYYR9YMYH5T6GQWNK4,Buy,North Coast,Chalet,165000.00000000015,188690.4,23690.406249999854,
0FG2XWV2T9R060F022QSRAC9P8,Buy,Giza,Apartment,100000.00000000004,144860.1,44860.093749999956,
1EX4MMCF56F1FVZMXCH0ADCR5R,Buy,Cairo,Hotel Apartment,106679.48717948709,62780.5,-43898.987179487085,Buy
KMY5EZNK4XD2QW1FGYPEWAV9AM,Buy,Giza,Apartment,43333.33333333333,34149.61,-9183.723958333328,
G5N84JNN0H409W38EA5RN9JBS8,Buy,Giza,Apartment,39436.61971830983,44991.22,5554.599031690173,
2C5NMEN48D1CV970TVSEW4RKSC,Buy,Cairo,Apartment,82539.68253968253,64518.96,-18020.72160218253,Buy
4N0QAP90A53MS3VJ2W5KHHW0A8,Buy,Red Sea,Chalet,136956.52173913055,105802.086,-31154.43580163055,Buy
01KAPDXHSYMG0S8VTDGNX6FYQE,Buy,Giza,Apartment,28275.862068965504,31365.676,3089.8137122844964,
K6JF6SWB9X0S9ADXBB312ZB3MW,Buy,Cairo,Apartment,47500.000000000015,49512.63,2012.6289062499854,
QEY1G136CVS70QHDZQECX67P48,Buy,Red Sea,Apartment,60000.000000000015,50805.82,-9194.179687500015,Buy
2KP6TSA8C7MF2R68539904NAA8,Buy,Cairo,Apartment,90277.77777777777,76414.17,-13863.605902777766,
0WMNVRPZWPHRXFNCWWDGFWW5BR,Buy,Cairo,Apartment,115142.85714285707,93460.68,-21682.177455357072,
MJM9WWHH8ZT1STM9XAYS86FVNR,Buy,Giza,Apartment,50999.999999999985,37226.008,-13773.992187499985,
RZCA42ND51A3CP245982KZMR1M,Buy,Cairo,Villa,58712.121212121165,60228.156,1516.0350378788353,
01KAR49RY43Q3NFSFHB60XVZ4S,Buy,Cairo,Apartment,16666.666666666682,29106.59,12439.923177083318,
CW29QAABN7C5MBEF7DT1HNF1SC,Buy,Cairo,Townhouse,58536.58536585364,62736.45,4199.863852896357,
HYYKBJC0JPBTY5JPDCA9NM4FB0,Buy,Suez,Chalet,46453.60000000004,72851.96,26398.360937499958,Buy
XPQ6E1TM0E8B8DQ9CD7BMJYJVW,Buy,Cairo,Villa,32558.13953488373,50903.547,18345.40734011627,
EK9SK41PW25NTB8AVB9KW6CFK4,Buy,Giza,Townhouse,116666.66666666669,112135.37,-4531.299479166686,
7WZ6E6B71DTTYAN3KTEH0AGJP4,Buy,Cairo,Apartment,22173.913043478253,16287.825,-5886.087848165753,Buy
TRH31VTXS94J3WPYSVQVVNF5K0,Buy,Giza,Apartment,25313.131313131293,36497.652,11184.521030618707,
9ZGJ7SG02PZKSN6SBR17PTYPK0,Buy,Giza,Villa,56818.18181818177,70499.016,13680.833806818227,
QE301KG8DDAV768MSBYESXMW8M,Buy,North Coast,Twin House,133999.9999999999,129522.29,-4477.710937499913,
VM69KBS593PKF82WBJARAD8M2M,Buy,Giza,Apartment,31407.035175879406,29793.191,-1613.8437696294059,
E30BA473AYW0ANVKF3B1JN2ENR,Buy,Giza,Penthouse,22222.222222222204,27567.21,5344.988715277796,
6ZSXQN1HX6GPD7SJ2Q7TMB8CEW,Buy,Cairo,Apartment,299999.99999999977,94129.5,-205870.49999999977,
VTCPCPT34710D952F4SFFN0T80,Buy,Cairo,Apartment,97697.86096256688,68681.38,-29016.478150066876,
V0ZMB28W13CMKEMXQ9FWF924B0,Buy,Cairo,Duplex,43333.33333333333,26236.523,-17096.80989583333,Rent
XTY93HJY12P55GDWYA2CMVMM5M,Buy,Cairo,Apartment,39495.79831932771,34599.484,-4896.3139443277105,
XQMRYCNGAFVAYRB1AX7CGR0DNC,Buy,Red Sea,Chalet,92682.92682926821,103515.4,10832.47160823179,
F2QHVZVYSWSRGBR2KEQGSEC7NR,Buy,Cairo,Penthouse,62121.21212121209,50035.547,-12085.665246212091,
9B2Q7SMWFG30VESSJKSA17ZJBC,Buy,Cairo,Villa,45454.54545454547,46671.516,1216.9701704545296,
HV42W5WDX2K8ZX5TVD1QDWN2D0,Buy,Giza,Apartment,87500.00000000007,85506.76,-1993.2421875000728,
62031NQQK5E8J0MVBQ2MN1S37M,Buy,Alexandria,Apartment,22500.000000000015,38394.098,15894.097656249985,
SE35KFPZK2Z3ATKK3ARQWSRN5G,Buy,Suez,Hotel Apartment,85555.5555555555,116843.26,31287.702256944496,
ZWM06JEXRAS8K6YPDP3HK7TYWC,Buy,Suez,Chalet,65909.09090909087,85029.9,19120.807528409132,
826AY321VEFS5R2XJE21YW5H6W,Buy,Red Sea,Apartment,70248.78048780483,70597.445,348.6648246951663,
GJ17TT3TB7MSM9MS58E13RS980,Buy,Cairo,Apartment,44444.44444444448,46135.156,1690.7118055555184,Buy
B1AMWME7TDEAM81931THJCDH54,Buy,Giza,Apartment,27741.93548387096,37201.234,9459.298891129041,
5AH6HVGH80TAJCH6K80824VJ40,Buy,Giza,Apartment,76923.07692307697,78052.67,1129.5949519230344,Buy
SMYYZ4R4902EDNMDF4G0YNEXDR,Buy,Cairo,Townhouse,102702.70270270272,87125.58,-15577.124577702722,Buy
7XB8KK220ES91K4JDT20H7XWV4,Buy,Suez,Hotel Apartment,93255.55555555556,117516.91,24261.350694444438,
619DCM6SWW3EWG75GXGMDYXGDC,Buy,Cairo,Apartment,92484.92647058831,73518.44,-18966.48897058831,
GVF6PK8AYE4HRDTX6N3GV7R5CC,Buy,Cairo,Apartment,28999.999999999996,31958.775,2958.7753906250036,
YETGA3EXEZF7BD0MA2DRQNK3A4,Buy,Qalyubia,Apartment,22285.714285714286,28927.844,6642.129464285714,Rent
D0M2HVNZ241GSKVTESD73TM9QC,Buy,Cairo,Duplex,66270.4918032787,71110.46,4839.969134221305,
AA6KQ2BA4450ZSFRQZ8YQ0DZH8,Buy,Cairo,Apartment,51612.90322580645,56414.02,4801.116305443553,
GMWMV7DCSEEY0GP1410QWH49JR,Buy,Giza,Apartment,41025.641025641045,58915.656,17890.015224358955,Buy
DQA3VJVFVBANHH8H7W28XFW0TR,Buy,Giza,Townhouse,94810.81081081076,55449.785,-39361.025654560755,Buy
Q78YRHQEZW1EKBABFRK17JE88C,Buy,Cairo,Apartment,30769.230769230755,35711.613,4942.382512019245,
R7X24ZKH6F0JQ85XBXV634983W,Buy,Giza,Apartment,101694.91525423723,68380.61,-33314.30587923723,
3A5CRB832S9YDNYZ58PW966PQ0,Buy,Cairo,Apartment,58342.36923076923,61866.137,3523.7674879807673,
WQ4A2E3B032CG9VNXZPP38G23M,Buy,Cairo,Duplex,47222.22222222219,35880.46,-11341.76128472219,
DDV90R2GCG2Q0ET75RZWNXQM10,Buy,Cairo,Penthouse,26500.000000000004,26666.406,166.40624999999636,Buy
VNFZ57J0G9PZDKA23S8DGSGR6R,Buy,North Coast,Apartment,34499.99999999998,53253.434,18753.433593750022,
HR9X1YJRC94JNHKVF2C89CKAB0,Buy,Giza,Apartment,53483.87096774195,55930.863,2446.9923135080535,
7AM54CW7FEKQ5GBNMHXXQN3FJ4,Buy,Cairo,Apartment,43999.99999999997,37663.105,-6336.894531249971,Buy
ABWVKA91BZTFGPKMF11FQFSBXM,Buy,Giza,Apartment,23021.58273381295,24695.93,1674.3469536870507,Buy
EGXBTY3PXNTCJJEJPTJ865SPWM,Buy,Cairo,Apartment,47404.25531914897,45198.94,-2205.3139128989715,
XZXDKAXYAKXQ9JE5FCFQ8V22HR,Buy,Suez,Chalet,104545.45454545454,112191.42,7645.967329545456,
MQAYKMC503ASJPND2FRZN6GWC8,Buy,North Coast,Chalet,96551.72413793099,76543.414,-20008.310075430985,
RXTZW3WB3TQDXBQWVGWCG6WCRC,Buy,Cairo,Apartment,29307.18954248367,24263.516,-5043.673917483669,
9VCSXKAC7WBYE1871423XNM8A4,Buy,Cairo,Penthouse,57228.91566265056,55707.28,-1521.6344126505574,Buy
9XTB5ZKWABFZJC6JSQMCJ9051C,Buy,Red Sea,Apartment,50356.68867924531,42856.668,-7500.020710495308,
44DMHN8DRSP1PT830QR21ZZB9M,Buy,Cairo,Duplex,25741.444866920152,25687.264,-54.18119504515198,
V52Y2TGDEEYHH932DPYC8YDYXC,Buy,Giza,Villa,93714.28571428567,51742.023,-41972.26227678567,
WG9T7EX3CY8NKDJ1TEAX9PHJCR,Buy,Cairo,Apartment,70000.00000000001,74307.0,4306.999999999985,
ERSVNQCF6SNXN216JCH9KQRADR,Buy,North Coast,Chalet,60714.285714285754,83376.03,22661.745535714246,Buy
6PCMWR0MBKCWQZA23X7WNGBQXM,Buy,Suez,Penthouse,25000.000000000004,46883.734,21883.734374999996,
CNGXJTP2NQ8VBYQJF8NWE8DZ14,Buy,Red Sea,Apartment,48000.00000000004,82275.64,34275.64062499996,
4ZJP53DWREVD47RF2Z4Z60H2AM,Buy,Cairo,Apartment,93167.701863354,82719.53,-10448.170613354,
G3KK27M7N08A7ZX89GGKJQ7YTR,Buy,Giza,Townhouse,81818.1818181818,66717.1,-15101.080255681794,Buy
NX2HN1WF5KAQQWXDZEXHNG66XM,Buy,Red Sea,Chalet,139999.9999999999,119503.43,-20496.570312499913,
FCCYAC2AJGC343MKAYCMYP240M,Buy,Giza,Apartment,37333.333333333365,41489.973,4156.639322916635,
TE4ADJRSXTF6JB352XD296DVNR,Buy,Cairo,Penthouse,51282.05128205129,63813.7,12531.647936698711,
0F8Q77BJZ52SDZ8MDMJQWQC868,Buy,Red Sea,Townhouse,80000.0,87646.53,7646.53125,
M2PKV8RNZMG1TJ2XJDGD02NF54,Buy,Giza,Townhouse,75657.89473684205,55520.215,-20137.67989309205,
JKJMR6ZSGBTKF1XXDDXZK93ZP0,Buy,Cairo,Apartment,26250.00000000001,42288.984,16038.984374999989,
2QNFPA4FT8Q9M3S65RD1R3MZSG,Buy,Giza,Apartment,48526.3157894737,49186.195,659.8795230262986,
EPH7FETTGY7N896PE4KJAR4X78,Buy,Cairo,Apartment,52800.000000000015,66938.445,14138.445312499985,
5V7NZMJFM7M54SW6HH4J2RKEPR,Buy,Suez,Twin House,85714.28571428568,84039.1,-1675.184151785681,
1QFJ3KZQH22Z2A4AAAWM38BKCR,Buy,Cairo,Apartment,32967.032967032996,33824.92,857.8889079670043,
65JTYDW7Q922EAPKKGAPBWPMW0,Buy,Giza,Penthouse,37741.93548387097,55874.617,18132.68170362903,
7BT0JK8B9GHQMEXYKDY80ZFPZR,Buy,Cairo,Apartment,57329.84293193714,60705.633,3375.7898805628574,
WW1A5P18M85QSYDR4KJ1PYHEFW,Buy,Giza,Apartment,15873.015873015873,15855.129,-17.886966765872785,
40QSBR7WPT5BH4HQDV5CTFMJP8,Buy,Cairo,Apartment,45046.9798657718,39647.887,-5399.093147021798,Buy
M4RVAXBKZ04FPQC83PQNTA4AM0,Buy,Giza,Apartment,53278.6885245902,39231.098,-14047.590868340201,
EBA2HG02CDRE72KS1YBK3EKA78,Buy,Cairo,Apartment,63157.8947368421,70113.21,6955.3162006579005,
4W53H1SZVEDNX6A3AHWS8F8R0W,Buy,Cairo,iVilla,41702.12765957448,55278.133,13576.005152925522,
X4XJNGKT9W49G45BW2HG2YTHKG,Buy,Red Sea,Apartment,66000.0,74058.6,8058.6015625,
XQAENTZKWB1WZS1KX96KNPEPHC,Buy,Cairo,Apartment,82000.0,112846.09,30846.09375,Buy
W1ZN37XY1AYR2YFDC33RCABH24,Buy,Red Sea,Penthouse,98630.1369863013,96000.89,-2629.246361301295,
Q600FNCVY5V2NH6MB3TEH298VM,Buy,Cairo,Apartment,15181.818181818182,18971.668,3789.849786931818,Buy
99PRPB75B4RREC24016822DPCW,Buy,Giza,Townhouse,90000.00000000001,72705.02,-17294.976562500015,Buy
DY5ZG2ASMQPR9RE6R9K09D44ER,Buy,Red Sea,Chalet,108411.21495327097,109895.58,1484.3631717290264,Buy
XX9RNBJFD1CH3Z52SAP2P26J9W,Buy,Cairo,Apartment,28205.128205128214,29475.215,1270.0866386217858,
QHHY5V29QC4JW70XN3XAXYPDJG,Buy,Giza,Apartment,35384.61538461536,47333.27,11948.654146634639,Buy
QGJ4S9WJBV7MJJWHRMPJAMAY1R,Buy,Alexandria,Apartment,25999.999999999985,23612.67,-2387.3300781249854,
R328Q6W3ETXE777RFBR6TDWCVM,Buy,Cairo,Townhouse,74216.21621621627,57470.83,-16745.38809121627,
12DM9FP97WNXWT2CJ8358H0M3M,Buy,Giza,Townhouse,38461.53846153845,62431.277,23969.738882211554,
5032AG6V3EHXGVYMJ76TJQWPGC,Buy,Giza,Apartment,124999.9999999999,115098.26,-9901.742187499898,
V57H343X7JGH3281VB9E3GXGXW,Buy,North Coast,Penthouse,82142.85714285707,90409.36,8266.502232142928,
RYWPN2MKCDFPKVK1A9H7YDX314,Buy,Cairo,Apartment,51497.40932642489,44043.3,-7454.108545174888,Buy
XR0MA7X6Q5YE3RT1YBD6WZPGA0,Buy,Cairo,iVilla,78048.78048780489,40890.29,-37158.49142530489,
01KDAHYVVA5C32260BD1CT6KFJ,Buy,Cairo,Apartment,40666.66666666664,30385.176,-10281.490885416642,
BRWJSCHKHPQ4RBY8F10P4HKNYR,Buy,Cairo,Apartment,48387.09677419354,52164.363,3777.2665070564617,
PZBHCD15Q45D2YJ5SBV5K0PYCR,Buy,Giza,Townhouse,65384.61538461538,61647.805,-3736.810697115383,
S7MN4BACNECVD7BMDW1R5Y0KWM,Buy,Cairo,Townhouse,64705.88235294123,62394.492,-2311.390165441233,
SBNAAY64WXQ8Y2EHGP3S92P9R8,Buy,Cairo,Apartment,75000.00000000004,60376.645,-14623.355468750044,
9R1N33CCZ424XF753PVNVH7ZK0,Buy,Giza,Villa,76628.35249042147,62724.246,-13904.106396671472,
93785JBT128YFNK1V6FWDJ6E6W,Buy,Cairo,Apartment,50000.000000000015,62868.695,12868.695312499985,
AR3HFMV4N0XR9T6BPXR9WG7TZ8,Buy,Cairo,Villa,84905.66037735851,81877.92,-3027.7385023585084,Buy
NK0N4GACVA830ENYWEPRHPKCCC,Buy,Cairo,Apartment,91500.00000000007,87711.586,-3788.4140625000728,
TBV3YAXJVNTFVKRR9CQSZ3SZEC,Buy,Giza,Apartment,76056.33802816906,67758.71,-8297.627090669062,
66Z283XYAA189K7N0VWHQD4PZR,Buy,Giza,Townhouse,28571.42857142858,72594.03,44022.60267857142,
11PPGP3AKVG9B90D3625R62WT0,Buy,Red Sea,Apartment,53000.00000000002,57311.117,4311.117187499978,
1APF75JNA6EGBX3KT7AQ8Z3TBR,Buy,Giza,Apartment,37692.307692307666,39409.78,1717.473557692334,
8ERV8RSSHKTVH3HZ9TVR1TTC9M,Buy,Cairo,Apartment,53333.33333333335,51347.19,-1986.1419270833503,
TQBHHANTGSX32P4TZ051D0VC88,Buy,Cairo,Apartment,44242.42424242421,43526.516,-715.9086174242111,
JJYQ2DC7DR2JFHPVF6EPHQFXJM,Buy,Cairo,Apartment,50000.000000000015,44357.426,-5642.574218750015,
KVYKYHAPR7W5DY7JD1KGQ04Z88,Buy,Cairo,Apartment,60000.000000000015,77517.82,17517.820312499985,
0ARYT6WA1WED4STTDQKQ42J3VG,Buy,Cairo,Villa,40272.88135593224,39697.754,-575.127449682237,
C8QAF3D5TE7HJ1BP4SPTE4P4ZC,Buy,Giza,Apartment,31000.000000000015,28951.912,-2048.0878906250146,
KS27EXB84JK1ZJ1EP5A65H06SC,Buy,Giza,Apartment,36642.30769230772,40205.11,3562.801682692283,
6H8594WJ21HPF6RBJ1N2RYRM00,Buy,Cairo,Apartment,42911.39240506328,48257.79,5346.396657436722,
VHCAN4S7TK0QEMC8KXG9G7RTQG,Buy,Red Sea,Apartment,74400.00000000006,74239.63,-160.3671875000582,
C67PXQE4V2GT666QGSVB1SH9AG,Buy,Cairo,iVilla,55319.14893617024,40661.94,-14657.20752992024,
XRA8NNNHVPPVAF7EB523HW4WR8,Buy,Red Sea,Chalet,76923.07692307697,75010.17,-1912.9050480769656,
WCR1ZRXF0JJJKEV3C5HHS4P6PM,Buy,Cairo,Apartment,81578.94736842111,78870.53,-2708.4161184211116,
DXHXD8DT462EE9F0PC8MJC2PXM,Buy,Cairo,Apartment,32352.941176470573,27626.088,-4726.853285845573,
BR4TQ6NN7HE27DGG9JNQAG3TKC,Buy,Giza,Apartment,23021.58273381295,22380.484,-641.0983588129493,
R1HWXJM0TXR6JFCGKSBQEW7TWC,Buy,Giza,Apartment,97709.9236641222,86729.98,-10979.947101622194,
F7V08VJCCYZDK5VWVVNXVJBC50,Buy,Red Sea,Apartment,48901.95588235292,52383.918,3481.9620863970777,
9V1WT8SQVVMXC73AD8CT9MG9P8,Buy,Cairo,Villa,92441.86046511635,84690.4,-7751.462027616348,
FR0T8WQ2J6V7JZWSTG4J4AA828,Buy,Suez,Chalet,55705.88235294121,77209.12,21503.23483455879,
6WQ9C6WV37MRNPQBKADRWHAMQW,Buy,Cairo,Apartment,48235.29411764709,56722.39,8487.096507352908,
MKF3C73FBG246GMXTE4NRJ94RC,Buy,Red Sea,Apartment,64999.999999999956,59030.164,-5969.835937499956,Buy
XYEC87N89V1HWX48X25YPYWWWM,Buy,Giza,Apartment,112500.00000000004,79004.01,-33495.992187500044,Buy
QTY2ECFMNS7HD116DQ6ZGK4ZRC,Buy,Giza,Apartment,46764.70588235295,46649.445,-115.26056985295145,Buy
P2ZAGKSZ30PVP0R2C825DEP0ZC,Buy,Cairo,Apartment,20249.999999999993,27559.746,7309.746093750007,
DSW4Q9TZYPBB4HSNE2PHCN0X6C,Buy,Giza,Apartment,43703.70370370368,30969.629,-12734.074797453679,
Z287280NAY052BW8FD2BV30Z34,Buy,Cairo,Apartment,70224.71910112366,51896.957,-18327.762069873657,
7HR99491R9GTF29S9V65E9PKD4,Buy,Cairo,Penthouse,84943.0894308943,60065.652,-24877.437087144295,
G1TX96YTR9E4D8FT0DT61G86CC,Buy,North Coast,Cabin,183928.57142857154,160356.62,-23571.946428571537,
CATEXYC0Q4TMFGRWER91K4DAPG,Buy,Cairo,Apartment,43835.616438356185,42079.344,-1756.2726883561845,Buy
YN56BPFBK46QSGQM85K3WNMZAC,Buy,Cairo,Apartment,48598.13084112146,51582.54,2984.408221378537,
WTSMFEMYNE3Y9C129XF4HTHACW,Buy,Cairo,Townhouse,95238.09523809515,58993.582,-36244.51320684515,
S8X9B9FN4PHZ6503P258W150J0,Buy,Red Sea,Apartment,118309.85915492963,76142.98,-42166.882592429625,
XAB0HF6G1YR77DB10TM2Z59814,Buy,Cairo,Villa,59126.96369636966,58126.5,-1000.4636963696612,
SKXGQZQYTPWHJS137WZMCNXMAM,Buy,Cairo,Apartment,38666.66666666663,51447.434,12780.766927083372,
J40TCNGMJH06502RXCXN6H87CM,Buy,Giza,Villa,197500.0,159109.02,-38390.984375,
MAVKX3KEJ9QYMYAJTFK91FYSZM,Buy,Cairo,Apartment,62499.999999999956,46367.082,-16132.917968749956,
6852FPMR2G38C148S9KYWMR4E8,Buy,Giza,Apartment,50000.000000000015,37960.137,-12039.863281250015,Buy
WSH3PYVJMY53AXSZR5CKK2H108,Buy,Cairo,Apartment,45238.095238095215,38960.85,-6277.243675595215,
KHA4Q31RQBMTSWX1YDS95PWH9M,Buy,Cairo,Apartment,76089.7435897436,53536.46,-22553.282652243593,Buy
QB8BY3105YKRD8HR0RQW5JPJRM,Buy,Giza,Apartment,55030.12048192773,72904.51,17874.387330572266,
DCGHTQ02B56Z2KY3JGV6H79THM,Buy,Giza,Villa,270000.00000000006,209079.36,-60920.64062500006,Buy
YEHP2B47E0X4NNFWRPNB16N4YM,Buy,Giza,Apartment,35000.00000000001,39700.33,4700.328124999993,
YBBDVCSP8H7R9VMK29KBJ2ZJK0,Buy,Suez,Chalet,83333.33333333333,85800.91,2467.5729166666715,Buy
ZK12QXJQ0EXZPQ0A0PCD7P6MJC,Buy,North Coast,Chalet,112500.00000000004,81794.96,-30705.039062500044,
TYG1NWQQP15C4PMMYVSTN757A4,Buy,Cairo,Apartment,32307.692307692287,32241.74,-65.9520733172867,
N55ZT2HHBX0GSM69HH9RM3ZFTM,Buy,North Coast,Chalet,157733.3333333335,100000.97,-57732.36458333349,
3EMKDRMK1942NVPGY11TVQCP0R,Buy,Cairo,Apartment,68484.21052631577,54566.418,-13917.792557565772,
TEB9B288HX3V9KS306XJ6V9944,Buy,Giza,Apartment,32187.49999999998,33368.598,1181.0976562500182,
8YVC8MM4N6V4YYX2T7B9741BCC,Buy,Cairo,Apartment,76470.58823529408,57857.1,-18613.486672794083,
KG5KCC7A8PPE4D20T091CHJNF8,Buy,Cairo,Apartment,28994.082840236675,31289.16,2295.077316013325,
2MW0H4EQBPNC5SAD5JHD0TM24C,Buy,Cairo,Apartment,35999.99999999998,38378.43,2378.429687500022,
YBD2BRHD6SVZ74NEEYF3Y010F4,Buy,Cairo,Twin House,56338.028169014106,44435.715,-11902.313325264106,
079RVPAKJ1Y16TR1JXQ431BFN8,Buy,Giza,Apartment,14444.444444444447,22267.303,7822.858289930553,
8BQMC45SAK21938Q2VXN9HQMMW,Buy,Cairo,Apartment,24012.7388535032,28707.4,4694.6615371217995,
CP1Z50JV5AS58EYQB1NPJDEA78,Buy,North Coast,Chalet,116666.66666666669,86897.96,-29768.705729166686,
FRZ110G5ERS3GAV65GVY8CK1JG,Buy,Suez,Chalet,38461.53846153845,68540.375,30078.836538461554,Buy
403T37DNS6EP33ANM3ZMAECSY0,Buy,Cairo,Apartment,46875.00000000003,38750.59,-8124.410156250029,
338BV1X8MS7JW4K8JVPAP361W4,Buy,Giza,Apartment,43315.50802139034,43700.543,385.03494735965796,
3J5CC38RZ4PDZM3P9Z252726WM,Buy,Red Sea,Chalet,81176.47058823524,87045.766,5869.295036764757,Buy
XKY6VFMJR9EW1V4JAD11KPDGGM,Buy,Red Sea,Apartment,32300.000000000004,41160.492,8860.492187499996,
YDVNT8TMDSECS5AQ7SN7KN95W0,Buy,Cairo,Apartment,32999.99999999999,42449.08,9449.078125000007,
NJ1C59AYB93P7BD6WJ52GQSFM0,Buy,Giza,Apartment,14999.99999999999,20041.668,5041.667968750009,Buy
2P986YZ3JSYAPD9TV0MJZ7Z67G,Buy,Cairo,Townhouse,75000.00000000004,70684.555,-4315.445312500044,Buy
01K834P1EVBPAZG68NGQK9KQ53,Buy,Cairo,Apartment,55227.64227642272,51411.383,-3816.2594639227173,Buy
B77BPN8EX2TDVD4MPXX0DGCFV0,Buy,Cairo,Apartment,95918.36734693882,83105.086,-12813.281409438816,
AF15YD887Q7HF77H8BRCSQN2EM,Buy,Red Sea,Apartment,48150.00000000004,58116.465,9966.464843749964,
Z3YQQCHJ5NV69RG02F70J78D64,Buy,Giza,Apartment,26546.39175257732,25837.336,-709.0558150773213,
1WKZBK1Q220F425RXT3WX8CVKC,Buy,North Coast,Chalet,105639.09774436086,113665.78,8026.683505639143,Buy
7H6ZV7ZX99Y92GKXDZBXT17Y3R,Buy,North Coast,Duplex,139999.9999999999,139842.88,-157.1249999999127,
BZVP4KNTBW3E54GXR4H6MK81VR,Buy,Cairo,Townhouse,53003.533568904575,63174.62,10171.087524845425,
DM91B9GYXWAWKEBZWCT8XYFV6C,Buy,Cairo,Apartment,31481.481481481478,29786.998,-1694.483434606478,
Q7GQQ695156Z0270T49JAERTVC,Buy,Cairo,Apartment,30400.000000000025,38233.758,7833.7578124999745,
FQ7ZR2BEHRSYSJ701DXP0WSQA0,Buy,Cairo,Townhouse,39825.242718446585,51767.15,11941.905719053415,
VGWBJ08HX10K5FY1G8E8AKVXMW,Buy,Cairo,Apartment,21517.718120805377,30339.453,8821.735004194623,
F2EAVHW3ZRWFJP7P4XJW3GX3E8,Buy,Cairo,Apartment,104166.6666666667,62366.95,-41799.7174479167,
VH1XVW1M9QP7RT8FY4SDETBF78,Buy,Cairo,Apartment,55276.38190954775,58907.285,3630.903246702248,
21HXQ590BVGGBNB7SVWCGZND8G,Buy,Cairo,Apartment,62499.999999999956,35433.73,-27066.269531249956,
8CZXDB16W3V8JVP4EGTTKN29NR,Buy,Alexandria,Townhouse,72398.19004524883,73079.58,681.3880797511665,
0MNBYJTWZ3SX77NZ6FDXG5NNZC,Buy,Giza,Apartment,32857.14285714284,36028.664,3171.5212053571595,
59CZW6DEGBF6SDK2ZD4QE0J9RG,Buy,North Coast,Chalet,78666.66666666664,102533.375,23866.708333333358,
K33JFTMC5CXCSREX6RX6NH9Z6R,Buy,Suez,Chalet,28333.33333333333,36081.582,7748.2486979166715,
JN0SDMAGA7Y951BWMWNGTPD4H4,Buy,Suez,Twin House,54545.45454545459,60516.44,5970.986860795412,
T0A63GD1E3ETTD3440YQ6RQ7T0,Buy,Cairo,Apartment,17308.755760368673,18501.81,1193.0547865063272,
1BE3C14S13GZK88FB2MT4PWAQ8,Buy,Cairo,Duplex,55000.00000000004,54459.84,-540.1601562500364,
Q3CVHN2FCSTGAWBMGN1FRS89EW,Buy,Cairo,Villa,120000.00000000004,77896.95,-42103.046875000044,Buy
HNKVTVNJPJGHRB0ZBV9FENHMCC,Buy,Cairo,Townhouse,43820.224719101156,49889.742,6069.517468398844,
46WVGAY6QPZBYF9G57SZGZT040,Buy,Cairo,Apartment,39880.952380952396,43002.953,3122.000744047604,
EBTG20ZMSRWYTMTJE4N5P1XH5C,Buy,Cairo,Duplex,36764.70588235296,44087.215,7322.508961397041,
624VX1MSGEED0WFSJF57HV1T3M,Buy,Cairo,Apartment,24324.324324324327,21833.055,-2491.269636824327,Buy
43NC04MJDMXT2NKW9TMSN4ZTA4,Buy,Giza,Apartment,31034.482758620703,39567.805,8533.321928879297,
2S98XZZ8KTA8WZ83AP5N7M935M,Buy,Cairo,Apartment,49186.15384615382,35822.133,-13364.021033653822,
T6M1BW55QANH8Y78EVC1AND744,Buy,North Coast,Chalet,76842.1052631579,85698.52,8856.418174342107,
9GZE6SYSJZ2RA6WYPBYXN6GHQR,Buy,Giza,Townhouse,66315.78947368424,67374.15,1058.3589638157573,
KV0FMDG00CM866YDMPNDMKZ8RR,Buy,Cairo,Apartment,108333.33333333336,94364.72,-13968.614583333358,
VT50Q8020HEHKS7KEZKSMWWV8M,Buy,Giza,Apartment,23021.58273381295,25008.889,1987.3059380620507,
YCC7SDAA6A9WKCGY7AKY02RERR,Buy,Giza,Apartment,29500.000000000007,27378.277,-2121.7226562500073,
12KXEG8QJT0R57MKV1C76D5HYG,Buy,Red Sea,Apartment,66000.0,74906.586,8906.5859375,
7118GA43RC011FDET7FNM8CQ90,Buy,Giza,Apartment,28643.216080401988,26339.363,-2303.8527991519877,
7VSARVMR92YYKHNPEDZ21H4WA4,Buy,Suez,Villa,50000.000000000015,49271.22,-728.7812500000146,
NSNZSAFRT64ESBYTPB5K6VRCFR,Buy,Suez,Chalet,35714.28571428572,53928.63,18214.343191964283,Buy
VY0BH25HRZ08S8Z38ZPZ68WGTW,Buy,North Coast,Apartment,83333.33333333333,48573.477,-34759.85677083333,
YCMXDFSP32Z8MDJMY34E4F291R,Buy,Cairo,Apartment,30120.48192771082,30600.783,480.30127541417824,
QPTHKKGW6BCGECX84S1Y9TDC9R,Buy,Giza,Apartment,36111.1111111111,39506.156,3395.045138888898,
01KA239B2PHQSC8J5J37AD3FBY,Buy,Red Sea,Apartment,74226.88764044938,90236.56,16009.674859550621,
28NBYRZ97NF4QJQ8W0DHYA58N8,Buy,Cairo,Apartment,71999.99999999996,52905.21,-19094.789062499956,Buy
SCG1A4B4GTNVSJYCZH7PRC8VGM,Buy,North Coast,Apartment,42500.00000000003,48749.176,6249.175781249971,
MGFW8S8CHH1RVBEPJ0WRJR0XYC,Buy,Giza,Villa,19778.481012658238,33224.273,13445.792424841762,
NYMG2NDB926W022DAZE7BVYE5C,Buy,Giza,Apartment,29062.499999999985,27870.133,-1192.3671874999854,Buy
P243W5BMTSTHK4A8SZ10K8H1GC,Buy,Cairo,Apartment,37500.00000000001,50800.1,13300.101562499993,Rent
6RRKQEXX3YMR71SAP6JPEV4X2G,Buy,Cairo,Apartment,27187.50000000002,25865.664,-1321.8359375000182,
TSMNFR9SVKVQ3PS86NHZP1Y1CR,Buy,Cairo,Townhouse,28000.00000000002,26538.588,-1461.4121093750182,
WB5MFTJ28A7MTD9J3HQY1X42X0,Buy,Cairo,Apartment,51461.988304093575,43883.973,-7578.015647843575,
MXB2QX0MRJVM7V6MWDRV0JKQXC,Buy,Cairo,Apartment,60037.38317757012,60600.645,563.2613536798817,
Z3Z3TFJS87N0P2HBQGYMS0ASJ4,Buy,Cairo,Townhouse,52244.897959183705,53000.406,755.5082908162949,
V6FEJ761QN7F0EA04K3CW2YVF8,Buy,Cairo,Penthouse,78048.78048780489,68061.875,-9986.905487804892,
EX9P1K9V31C23DCBGR8HKPVSBM,Buy,Cairo,Apartment,96111.11111111105,74702.195,-21408.91579861105,
11Q7T6TGN4HDM0Y4H179N13QNM,Buy,Giza,Apartment,93750.00000000006,71968.32,-21781.67968750006,
P246ZXBGTKC611XK0WTQB9X090,Buy,Cairo,Townhouse,70921.98581560278,69403.83,-1518.1576906027767,Rent
JXD08CFNSAKZXQKTYPCDP8944C,Buy,Giza,Apartment,34285.714285714304,29156.404,-5129.309988839304,
WHNJV06FA0WDAZ6JT34CXQP9YM,Buy,Giza,Villa,34217.23163841808,23703.938,-10513.294138418081,
A3V4TRQ6HBS5FJ376GS0FBZK68,Buy,Cairo,Apartment,45052.325581395315,55795.598,10743.272074854685,
CSEZG5Q2KA7RCCW1PXC9D0RRKC,Buy,Cairo,Apartment,24499.99999999998,23648.842,-851.1582031249818,Buy
8WB4YC0H778GZ1JY2NZZV1C86R,Buy,North Coast,Chalet,52320.00000000002,108071.66,55751.65624999998,Buy
A387ZSWYQWXT91ZD0JSV7A79GM,Buy,Cairo,Penthouse,39125.00000000003,44856.73,5731.730468749971,
E2F6DNFXRA959X1WJ38X1NGSM4,Buy,Cairo,Apartment,91620.1117318436,89761.58,-1858.5336068436009,
BDAX08WDRA1FXMJ9MMKVAFDFR0,Buy,Cairo,Apartment,54216.86746987951,60842.01,6625.144248870492,Buy
FYKG55A3GFMBSW6WNHPZN6P374,Buy,Giza,Villa,53191.48936170211,44178.97,-9012.520611702108,
RTYMH4T6DDQ4JZQ7VXBW3VTFKR,Buy,Cairo,Apartment,24750.00000000002,24948.094,198.0937499999818,
4ECZF6BXDAEK2ACDNPGRXW54BG,Buy,Cairo,Apartment,39687.49999999999,57469.074,17781.574218750007,
33VR22EM6M24HV2MJZRD7W9DD0,Buy,Cairo,Apartment,17727.27272727272,18493.148,765.8757102272793,
7FXZ7A15B597S0EP37KJ5HRZKR,Buy,North Coast,Chalet,71249.99999999994,74421.11,3171.109375000058,
7QKP2P8743Z2PJXV6G809XFY20,Buy,Giza,Apartment,85365.85365853658,62899.76,-22466.09193978658,
9QAMR6193PCKJWRN4FP5YP1ZG4,Buy,Cairo,Apartment,24043.952380952374,27378.33,3334.3776971726256,
01K09RFXW7D6M1MKF802B51FAB,Buy,Alexandria,Apartment,26420.454545454544,42834.195,16413.740767045456,
R59MAD811TY038GA7A6QXRS3HG,Buy,Cairo,Apartment,52447.55244755242,64367.527,11919.974896197578,
SHYV3BHM9RPGHK3Z9MV52MSMWC,Buy,Cairo,Apartment,57446.808510638344,54296.324,-3150.484291888344,Buy
DH0RFD2ZK7MFHAFTAGT0WQFADM,Buy,Giza,Apartment,54878.04878048777,76308.43,21430.38090701223,
43398ADA18SDPADMNERTGDT2M0,Buy,Cairo,Apartment,30681.81818181818,32125.352,1443.5333806818198,
05DSX7YX5TCM9VF2CYYRJP1QF4,Buy,Cairo,Villa,60000.000000000015,129346.016,69346.01562499999,
FJR8PQA9Q4DWK3NJ85597RR4N8,Buy,Giza,Townhouse,80000.0,100130.664,20130.6640625,Buy
48YWG8HSPSB7V2KJTHHKJT4E3C,Buy,Cairo,Townhouse,70153.8461538461,65751.55,-4402.299278846098,Buy
89PGA5BPZR6WB599VVEATABG28,Buy,Giza,Villa,22641.509433962277,46430.63,23789.119472287723,Buy
CEFEJ3V5ND248TDZNCDM5X3S5G,Buy,Cairo,Apartment,123076.923076923,60878.23,-62198.692608173005,Buy
1GANFTM7MAMN18T9VYQTQDZWP0,Buy,Cairo,Villa,61764.7058823529,62588.484,823.7784926470995,
YFMK1P6H4R2F8CEBPA36H5G26R,Buy,Giza,Townhouse,35185.18518518516,55318.16,20132.97497106484,
5WN0NV3BD2MC9XBR52AZHP6MX4,Buy,North Coast,Chalet,87999.99999999996,96417.81,8417.812500000044,
JNEAYJJDVDX4MMQDM0V2ZAVDWC,Buy,Cairo,Apartment,37000.00000000001,28019.781,-8980.218750000007,Buy
YGD93GAH73ZMSM8CTQ17MKY5FM,Buy,Giza,Villa,79051.38339920942,72159.93,-6891.453711709415,
RVR9ECJ78KB1GTYFYWREYAN9N0,Buy,Giza,Townhouse,44664.03162055336,54698.652,10034.62072319664,
DW76DNZCMCY54JMCNZSP93F0SC,Buy,North Coast,Chalet,65142.857142857196,67234.6,2091.744419642804,Buy
SJAYB1VQ3XCQ627R3ATFR3Q3PM,Buy,Cairo,Apartment,73684.21052631577,78125.43,4441.219161184228,Buy
BJNXCXEE60Q2J51A9WMVVCPQXM,Buy,Cairo,Penthouse,65060.240963855445,57593.402,-7466.838620105445,
N4X48XNP6H47R1S5ZYA7JXE9ZC,Buy,Suez,Chalet,70000.00000000001,67753.67,-2246.3281250000146,
AA29E7DW6SJVBSWRS3B4Q7BN2G,Buy,Cairo,Apartment,77894.73684210527,65560.01,-12334.729029605267,
FYK7PBKWYN85B4WZTTY20AC3WR,Buy,Giza,Villa,100000.00000000004,120204.21,20204.210937499956,
F8HMKWWD84Q2NBS6KZRZ009GEM,Buy,Giza,Apartment,117647.05882352933,94643.94,-23003.121323529325,Rent
TQG26YRP0FARNVDT5DP6NAGZH8,Buy,Cairo,Apartment,34117.647058823546,38178.45,4060.802159926454,
9NC38NRAY4EE8J2PY8EY5D2S6R,Buy,Giza,Apartment,299999.99999999977,190991.84,-109008.15624999977,
1N9RRRVDXS4Y0S4TZX1Y623YZG,Buy,Cairo,Apartment,44808.74316939887,49473.547,4664.803705601131,
YHZZBSQDKRHVE760A9MWW74EWM,Buy,Cairo,Apartment,30769.230769230755,35090.477,4321.245793269245,Buy
XVGASF6QWAMTCC9JDEB0M35AE4,Buy,Cairo,Apartment,114285.71428571429,95778.945,-18506.76897321429,
TSHFWJJ54GF4JAB8TGKEKEPH5C,Buy,Cairo,Apartment,38892.47311827957,36883.996,-2008.477024529573,Buy
JEEXYXWXVBX22RYSC88PV0JC0C,Buy,Red Sea,Apartment,60900.000000000044,52600.484,-8299.515625000044,
AEZ72MQ1M74FQEFSRT97Q7F9JW,Buy,Cairo,Apartment,54545.45454545459,42196.047,-12349.407670454588,Buy
V2H2T4Y0ZFFBPTTCQR7SB6CSNW,Buy,Cairo,Apartment,42307.69230769235,50019.945,7712.253004807651,
FBXMQAYRD47BTMNR9N96AKZ124,Buy,Red Sea,Hotel Apartment,180000.00000000003,119500.125,-60499.87500000003,Buy
A0BPFXSD245GP3TAKQPVNW0FVR,Buy,Cairo,iVilla,81249.99999999994,75174.6,-6075.398437499942,
JMNDS0MKBQXTJJXMJEBWJFMMEG,Buy,Giza,Apartment,88509.31677018634,65383.363,-23125.953488936342,
XFA75MT5DY665VRGQ938MBV1NG,Buy,Cairo,Apartment,46428.571428571406,49902.637,3474.0652901785943,
2KJFBARQ70K45MPBR3K8MHMVAG,Buy,Cairo,Apartment,41666.66666666665,49117.754,7451.08723958335,
HPEQMC4PM1438JEDAYVTDGDRGR,Buy,Alexandria,Apartment,78346.73366834165,64888.773,-13457.96023084165,
TEV66TR0T1EBCAZD979PJ51DWC,Buy,Giza,Apartment,22012.578616352195,31009.498,8996.919430522805,Buy
8GT8DH6Z5PFNAMAM15AJ1B30KW,Buy,Cairo,Apartment,102272.72727272737,77496.45,-24776.274147727367,
2GX541HZ4RNQTFS2AVVQJABDE0,Buy,Red Sea,Apartment,66000.0,74320.96,8320.9609375,
X36N6Q63RDXWF9MEAV86A0M3F0,Buy,Cairo,Apartment,55900.000000000015,49335.59,-6564.410156250015,
77DZESYSZ65DP03CF1C94BT6GG,Buy,Red Sea,Apartment,34158.125000000015,56943.15,22785.023437499985,
7D7PPW8TVQ1R3TXFZN4EN92754,Buy,Giza,Apartment,20000.000000000015,29717.338,9717.337890624985,Buy
KHWSK5EV281KS1ZFBRQX6020EG,Buy,Cairo,Apartment,67164.17910447757,63599.23,-3564.9486357275746,
TZTMZ3E7FRN2Z5TN25RDNW7GDM,Buy,Giza,Apartment,65942.12244897959,43687.75,-22254.372448979586,
ZDJGMW925PMW5GBH1DEGV44HH8,Buy,Giza,Apartment,109999.99999999991,160852.89,50852.89062500009,
FM6NR2YE5RHVCHD1D716DFMS94,Buy,Giza,Apartment,63684.21052631582,33960.586,-29723.624588815823,Buy
81P74T798WZ1CDPSYZF8AQ3GMM,Buy,Suez,Chalet,71590.90909090912,68610.09,-2980.8153409091174,
7SSGJ5TW6S0QYQQ8PH3X990TQC,Buy,North Coast,Chalet,87780.48780487805,81396.23,-6384.261242378052,Buy
7HBSZ7Z960JQE9PC49TJ309AVG,Buy,Red Sea,Apartment,70119.99999999996,58138.918,-11981.082031249956,
YRCE5C2ZNK47ENX3CGXNP5QEA4,Buy,Cairo,Penthouse,50387.59689922479,34426.613,-15960.983617974787,
HKAN3Y10CZCQD9Y84KS4T2C704,Buy,Giza,Apartment,86206.89655172417,105454.445,19247.548760775826,
DZNXFRP0H5Q6T2AF4A50S8FSJW,Buy,Cairo,Apartment,101587.30158730151,83317.766,-18269.53596230151,Buy
76HQFA97JT5GQFMZE872DE2PMM,Buy,Cairo,Apartment,70354.2857142857,57471.76,-12882.523995535696,
NR2F3W21ZD6P8SD9RBHDN23M6R,Buy,Red Sea,Apartment,64999.999999999956,60547.844,-4452.156249999956,
DSDJ2QW6D727MK4SDW5M8X73EW,Buy,Giza,Villa,95000.00000000001,92805.016,-2194.9843750000146,
HJRZGVVGMQ59TFED97NXAZ2DAW,Buy,Giza,Villa,71794.8717948718,65700.21,-6094.660857371797,
2E0V09WV7DWYAHVH3K1617KEZG,Buy,Suez,Villa,54400.00000000003,67633.72,13233.71874999997,Buy
N6PNS3APWN8Q0W375KMRP72D5G,Buy,Cairo,Apartment,53763.44086021509,59847.793,6084.352108534913,
YE07WVSS9PPE0TWJM01D4ZEYVM,Buy,Giza,Villa,259999.9999999998,140955.55,-119044.4531249998,
1AC1YRZ6HM8CNGJ9BXRKHQDRR4,Buy,Giza,Apartment,26666.666666666664,52140.492,25473.825520833336,
2F8R4W2RCQ4MB733PMYC993SZ0,Buy,North Coast,Chalet,44416.66666666664,58892.51,14475.845052083358,
CVZ5Y8V6SX6E1D4A7YF1BDM1MM,Buy,Cairo,Penthouse,26829.26829268291,31863.914,5034.645769817089,
BJTNTQMPXH68A6QE6MKRKMR4MW,Buy,Cairo,Apartment,80069.93006993011,70456.0,-9613.93006993011,
FWF94QHYSMPWGXBFEQV5RK2BBC,Buy,Cairo,Apartment,86440.67796610175,70135.28,-16305.39671610175,Buy
ZMS38PCWG31RMM7CRF42NRS2W8,Buy,Cairo,Apartment,82952.28947368423,93130.76,10178.468338815772,
8RPES04TVR8EPAT5TSPYMZSV3R,Buy,Giza,Apartment,45333.33333333332,41670.242,-3663.091145833321,
FZTCZCW7MBYPYARJ7N42DY6E4W,Buy,North Coast,Chalet,55081.96721311475,63425.45,8343.482005635247,Buy
221ESXZXFJN3Q1H8YWVFAW3C98,Buy,Cairo,Townhouse,68584.0707964602,62444.496,-6139.574702710204,
74XEQ39FD9WGJQBVVTE739C368,Buy,Cairo,Apartment,22999.999999999996,31329.74,8329.740234375004,
RPHDX9Y1R5KZSAA0GDBX9R9STW,Buy,Cairo,Townhouse,130000.00000000009,131231.17,1231.1718749999127,
HRFDDR5CF7R4HV8X2PX09D5NHR,Buy,Giza,Villa,299999.99999999977,249320.23,-50679.76562499977,
80ZGWD02QCGHNF2109PCHN6TYG,Buy,Cairo,Apartment,44399.99999999998,43897.2,-502.8007812499782,
7AY71TBAJBAZ2431N17YEJJS10,Buy,Giza,Twin House,61881.188118811886,54284.055,-7597.133431311886,
C3BNDCNTDDDYMB9CNRPD33YB90,Buy,Alexandria,Apartment,28421.05263157893,34269.41,5848.357524671072,
0F69Q912MPQBE7Q3QNK1NS8D6G,Buy,Cairo,Apartment,49090.90909090912,49388.363,297.45419034088263,
1A699ZYBHCJH8XZ5V617HW22H4,Buy,Giza,Townhouse,62992.125984251936,56187.06,-6805.067390501936,
SHXTRKKFC3VQW0ZPGZNTCWXSZR,Buy,Giza,Villa,56818.18181818177,43182.305,-13635.877130681773,
YWA0P7AW86W7PBSEF7MAAE59VW,Buy,Red Sea,Chalet,102380.95238095238,107789.11,5408.156994047618,
GQ6YKKY250GCZ2WXH3T1EWMPY4,Buy,Giza,Townhouse,95000.00000000001,57616.53,-37383.468750000015,
YS21J5PYGB855E5J068ZHZ79KW,Buy,North Coast,Chalet,54545.45454545459,48149.113,-6396.341264204588,Buy
EZFHQH6KYCW8CBT8Y8BN374CQW,Buy,North Coast,Chalet,96428.5714285714,92817.586,-3610.9854910714057,
X3DN0YAFHVGQCRT8B26YQRYAT0,Buy,Giza,Apartment,74545.45454545453,79643.016,5097.56107954547,Buy
RA87HXTVQ1GNBK5Z9EYEEM58V0,Buy,Cairo,Apartment,70000.00000000001,60904.01,-9095.988281250015,Buy
CHR5KVDJWS4ADV3XKNF02H5FA0,Buy,Giza,Apartment,23809.523809523816,49451.848,25642.323846726184,
41BS34RDC8J9KPE7T771H5SDYW,Buy,Giza,Apartment,24489.795918367363,25998.225,1508.428691007637,
4M8ZQY2Q3DW38VMABMD7D9MPW0,Buy,Cairo,Apartment,48000.00000000004,47866.668,-133.33203125003638,
01JPDJBTMB0HQMY1XQFFMV0SKQ,Buy,Cairo,Apartment,17500.000000000015,25126.848,7626.847656249985,
D3YQWE5H80B288WENE27C25P4W,Buy,Giza,Apartment,52909.09090909094,54018.402,1109.3114346590592,
AACEQNPKZ1JRYS8C20J68M1ZCC,Buy,Giza,Apartment,26699.02912621359,26490.518,-208.51154808859064,
1PPJHDXMRY6HST2G8EFYHNBR10,Buy,Red Sea,Chalet,166625.00000000015,109217.08,-57407.921875000146,
NXQK791821KD5QE3235XKVXBW0,Buy,Cairo,Apartment,83018.86792452836,49777.58,-33241.28979952836,
9RMNEK3M5BBKC2WVZ6VRNFPPX4,Buy,Cairo,Apartment,71249.99999999994,61197.168,-10052.832031249942,
6F97MWWMMV2SG9AQCCKD7VMC3G,Buy,Cairo,iVilla,43554.00696864112,48988.543,5434.5360001088775,
QSBRKFAB06GFG0KENYW4DFHVHG,Buy,Cairo,Apartment,71093.74999999997,50990.906,-20102.84374999997,
1Z8HNBJQVV3K41NBBGZ9GTDARC,Buy,Red Sea,Apartment,54000.00000000001,54363.79,363.7890624999927,
J4E29ZB33PC3YXAXAY765EKNGC,Buy,Cairo,Apartment,48377.41935483875,28503.174,-19874.24552671375,
SDMZ67XT0RZTZAP34MWMV7XF8R,Buy,Red Sea,Apartment,48420.09589041099,55403.637,6983.540828339013,
KS8NTJAXA4C1AN4W4D6809HVK0,Buy,Cairo,Apartment,45433.0708661417,56244.96,10811.890071358299,
DBPS5GKM0QXBHYP6Q8YHVR5H60,Buy,Giza,Apartment,124999.9999999999,143534.3,18534.296875000102,
DY95SW7ZSG6DQ295X57KQJY41C,Buy,Cairo,Apartment,53800.00000000003,44422.324,-9377.67578125003,
FAQ4CPQ1XYHKX8MFVY802T5JNR,Buy,Suez,Hotel Apartment,175000.00000000012,130711.81,-44288.18750000012,
8VZKFJJ7PZ6SP630JSVJKDB8ZR,Buy,North Coast,Villa,240000.00000000003,227403.58,-12596.42187500003,
JWVGBQ5W1T83Y3BAA0221M1DPR,Buy,Giza,Duplex,49714.285714285674,48572.273,-1142.0122767856737,
NKH53MWSPE840JWH598CMZ0YCM,Buy,Giza,Apartment,63888.88888888893,81792.46,17903.572048611073,
0AFT5K16Y27QM264ASPQB6WY7G,Buy,Giza,Penthouse,94078.94736842105,88034.734,-6044.212993421053,Rent
YXE8BKH6THAG1DEE94PGXCV78G,Buy,Cairo,Apartment,47445.25547445257,50651.2,3205.9437442974304,Buy
2XJ64Q48GHXSS9MD7D3Q655ZBM,Buy,Giza,Apartment,37222.22222222222,41273.11,4050.887152777781,
38NCMFBEVGKMG2J089YA4B7ZX0,Buy,Giza,Villa,161290.3225806453,187531.31,26240.989919354703,
CX2ARF58MXQS42MWFW1T3BYR44,Buy,Cairo,Apartment,30769.230769230755,32632.264,1863.032902644245,
01K8JGYA2ENN6KAATQX87DCNE0,Buy,North Coast,Chalet,35999.99999999998,71486.68,35486.67968750002,
7HF6D4F62Z8996GM7NW0K3G8PW,Buy,Red Sea,Apartment,74056.40449438203,71503.18,-2553.2248068820336,
BY69RGJVK9MV1CG77N3D929DFW,Buy,Red Sea,Apartment,33999.99999999999,41625.918,7625.917968750007,
KQDN3DSCR7T7RXARWJ15AS5280,Buy,Cairo,Apartment,35000.00000000001,48696.16,13696.160156249993,
55G0JJV6G3CH75N0ENK6DK1PF4,Buy,Cairo,Apartment,48484.848484848524,33189.117,-15295.731297348524,
MMHS0648E8P7VDKRAS0NDRH504,Buy,Red Sea,Apartment,60900.000000000044,60010.625,-889.3750000000437,
PM02ASHFHS1BVEGXPC62P9XHNM,Buy,Red Sea,Apartment,55000.00000000004,53694.867,-1305.1328125000364,
PPH2886QZS6CBFS5J5ZV495WRM,Buy,Cairo,Apartment,31693.989071038253,37862.156,6168.167178961747,
2S93DYJ635R9NW1KJEZ37HH9YM,Buy,Cairo,iVilla,36086.95652173916,38126.125,2039.1684782608427,Buy
DH2AGKXZNAPK9V2QJ6E5Z5GGXC,Buy,Red Sea,Apartment,93567.25146198831,77716.195,-15851.056149488315,
KQRDTHFDZ74K2B0T6AZQFK4X90,Buy,Giza,Villa,67340.06734006734,51251.69,-16088.37593381734,
VT8YSM6ZBQZXM1PKFZDP18BGDW,Buy,Giza,Apartment,299999.99999999977,130884.7,-169115.29687499977,
8RF33JQN9D6BBSW8F8GVZYG2Z8,Buy,Cairo,Duplex,47462.46246246244,33557.848,-13904.614806212441,
AN261XSARCG1ZSXXGHSM6N5CH0,Buy,Cairo,Apartment,38095.23809523807,39649.55,1554.31268601193,
RZCFMQF352M0X6BCVX1J32Y5EM,Buy,Giza,Apartment,106976.74418604648,77806.89,-29169.853561046475,
TSTRP19Q22956FQREX8MARQWEG,Buy,Cairo,Apartment,61068.70229007632,55076.223,-5992.479633826319,
01K9M5J9X8A5AYJTWBXEJHAK02,Buy,Cairo,Apartment,28272.25130890054,28241.031,-31.220058900540607,
WH9D2KXVZ0HFNG11EVTSP36XA4,Buy,Giza,Apartment,25517.24137931035,29626.47,4109.2293238146485,
F8X3GKJMTC1TF8NTQ9Z26V7G20,Buy,Giza,Apartment,21282.485875706192,22045.473,762.986780543808,
FEA626JNXF421H5HEM1SZ82J3C,Buy,Giza,Townhouse,80952.380952381,57750.543,-23201.837983631005,
77GRMHVBPTK5XJDN6CK3E7Z098,Buy,Cairo,Apartment,71428.57142857146,58947.86,-12480.712053571464,
0AS13QDCKVD6TJ4J4ZK4XGS518,Buy,Cairo,Apartment,43243.24324324321,43861.42,618.1786317567894,
9532FT79WBDYK8PCZKWKHNG6ZG,Buy,Cairo,Duplex,61764.013274336314,47925.547,-13838.466399336314,Buy
AX94NR52ENRR2JX59XK2PC4JD8,Buy,Giza,Apartment,55731.72413793107,43672.13,-12059.595231681073,
56FMWBA86RFHZH7WT64F6RREA4,Buy,Cairo,Apartment,25000.000000000004,36882.062,11882.062499999996,Rent
01K05ZAHSG2WT0FCTTF76CPPD7,Buy,Cairo,Villa,24699.999999999993,53614.89,28914.890625000007,
GX7M88C4GM6G5W6N62D9W8P54R,Buy,Cairo,Apartment,52795.03105590065,56665.836,3870.8048815993534,
VBRFR4YA7JEXX12MT5DKT5NY5R,Buy,Red Sea,Apartment,98148.1481481482,99643.12,1494.9690393517958,
N0F8NK84PHYRPQPAKX011M5MJ0,Buy,Cairo,Apartment,60540.540540540496,62574.22,2033.6782094595037,
QM80BG8RYN833VZ77XGQZ8YMWC,Buy,Alexandria,Apartment,56874.99999999996,65917.74,9042.742187500036,
3PSSSEE7VYV5CDR0MGHSFVD44W,Buy,Cairo,Villa,120000.00000000004,137775.02,17775.015624999956,
9J0MQDW3S4MT1MAC17ZKDT3SY0,Buy,Cairo,Apartment,48148.148148148175,47843.207,-304.9411168981751,
1390ND98GNCV1MQYAXW35NQ66W,Buy,Giza,Apartment,47368.42105263155,30779.12,-16589.30191200655,
BR67YTSK0ZBKT768NRY8TK2SJW,Buy,Red Sea,Chalet,104347.8260869565,104508.93,161.10360054350167,
MZ245DC6DQ8E0AHFF8B0TZNYQC,Buy,Cairo,Apartment,56842.105263157944,61719.93,4877.824424342056,
AMJE0BKT3XNAXT4G2HAPEQ5DB4,Buy,Cairo,Apartment,98750.00000000004,70137.95,-28612.046875000044,
QDRTB664FJ6VM0RJ4DD3HNH6C8,Buy,Cairo,Apartment,50400.00000000003,49438.08,-961.9218750000291,Buy
TJT3K7XY4R4FZSBRY0CCAJ05PG,Buy,Cairo,Apartment,24569.999999999996,33612.043,9042.042968750004,
3M9DWKMT9BF3XZ3NGRYQ7FJVRC,Buy,Cairo,Duplex,68236.17021276595,61674.973,-6561.197556515952,
8PAGK488ADP3R6JH7JWG7QBMH8,Buy,Cairo,Apartment,25703.333333333325,32793.184,7089.850260416675,
WNQWWE7NMJ5KTVYDP8Z4YWE9RM,Buy,Red Sea,Apartment,49500.0,56502.594,7002.59375,Buy
Z9VQWP9D1AQPKVVBB1VJYW7168,Buy,Giza,Apartment,57837.83783783789,49075.895,-8761.943306587891,
CH9YG698M51Y8E2HBMF7ED0JAM,Buy,Red Sea,Apartment,36361.876923076925,57518.81,21156.931670673075,
YS8FX9ZDSFMX66X7FW6BH6WGZ8,Buy,Cairo,Apartment,32399.99999999999,31737.988,-662.0117187499891,Buy
PDZ35HQ324X1PKAJWTWBV2K970,Buy,Cairo,Apartment,76089.7435897436,65165.484,-10924.259214743593,
XBRZ7KNAYAKHRFTXEWDKR1JRK8,Buy,Giza,Apartment,73743.01675977651,54287.63,-19455.38785352651,
KWFB1CWQMG5AEN1KZWX34ZTM4W,Buy,Giza,Villa,55000.00000000004,39210.67,-15789.328125000036,
43VVWWTN5FABDMDWJSMGXBAVQC,Buy,North Coast,Apartment,35000.00000000001,35483.71,483.7109374999927,
A8HMP78QFTXSQ9ZP9XCM2NAE6W,Buy,Cairo,Apartment,46000.000000000044,60592.496,14592.496093749956,Buy
FAXRFNP64CT0AX1SNNZF1RR0KC,Buy,Cairo,Apartment,80769.23076923081,64384.41,-16384.82061298081,Buy
76BT6BGHRKZJ4460YV6ZPJRYT0,Buy,Red Sea,Chalet,74400.00000000006,74599.68,199.6796874999418,
Z2PDJJ5NHC6XBYQNVYHQWK4NFC,Buy,Suez,Villa,84999.99999999996,99688.266,14688.265625000044,
F8SK7M2MH1KGGQSVYSHW2BXMM0,Buy,Giza,Apartment,299999.99999999977,235444.8,-64555.20312499977,
ANPKK20QBE12H5GKEFTYF5E60R,Buy,Alexandria,Apartment,25000.000000000004,28112.18,3112.1796874999964,
T2GPNKT3BWWTYGZTHBHGNBN92R,Buy,Giza,Apartment,55483.870967741976,52435.902,-3047.9686239919756,Buy
87FKNMF9D2EF63Y1A13RRZK6BG,Buy,Giza,Apartment,15624.999999999995,26160.242,10535.242187500005,
A80FC297M2SZ6HAG39NJ9WRKRW,Buy,Cairo,Apartment,26250.00000000001,27647.068,1397.068359374989,
1RX4AE5YFPYDJV1Q3CP2PBJ91R,Buy,Giza,Apartment,104999.99999999997,55411.617,-49588.38281249997,
ZF2WHS79041J0K2P8NSWPFMM6W,Buy,Cairo,Apartment,26228.571428571413,29830.72,3602.149274553587,
VG53HKW3MGGDJHRWC5NRGW03CW,Buy,North Coast,Chalet,49107.14285714285,89097.11,39989.96651785715,Buy
Z50DVV5MVHBDEAT32Q58VQXEZG,Buy,Giza,Villa,180000.00000000003,110467.1,-69532.89843750003,
4MDNE722P2R388E9HN6GHP5R50,Buy,Giza,Townhouse,60416.666666666664,64435.332,4018.6653645833358,
Q6DZDCZAND60WZYW0B2D5X4F94,Buy,Cairo,Apartment,36008.4380952381,32187.238,-3821.1998139881034,
54KZY54CD4VZQPM236YF1VFRTG,Buy,Giza,Apartment,159999.99999999997,162084.64,2084.640625000029,
87CP9YZ74RXHKVKQB6M0BCF168,Buy,Cairo,Apartment,59974.74747474751,71931.68,11956.932212752487,
NXD0VA2ZJ4QR4HN2B6RWBCWG24,Buy,Red Sea,Chalet,99173.55371900834,90141.95,-9031.600594008341,
6TWYRKCNQBCBX15DZ5FCA4MA7G,Buy,Giza,Penthouse,47008.547008547015,48882.605,1874.0584602029849,Buy
C8MYYBH20998CX60B7X7GYJBN4,Buy,Giza,Townhouse,29761.904761904778,34269.18,4507.274925595222,
GW96PADSCR2AJR61RM9F9GY5YM,Buy,Cairo,Apartment,117857.14285714293,98483.55,-19373.595982142928,
0Z74YX5JQKQ4R2RCMG8WK6B4ZW,Buy,Cairo,Apartment,29333.33333333331,28138.707,-1194.6263020833103,
HDB907E6VTFF19MW94N5HJDB7R,Buy,Giza,Apartment,33333.33333333334,51679.44,18346.108072916657,
B9B7FBTVT1D615DEK394NY81JC,Buy,Suez,Chalet,93333.33333333336,56356.375,-36976.95833333336,
ZSE60GREBAJAJJHFXFX23KAH54,Buy,Cairo,Villa,69721.11553784859,58047.336,-11673.779600348586,
KQE0CEE28CF3TW6MTJ4C2HY4N8,Buy,Cairo,Townhouse,31000.000000000015,23331.486,-7668.513671875015,
J0619CV609W3C7RPF1QVWE81PR,Buy,Cairo,Apartment,60462.427745664776,74051.54,13589.111316835224,
YZEB0C3B8YTS6XKE9MYZ1ZBSAW,Buy,Cairo,Villa,37656.90376569036,62474.7,24817.79545305964,
V3PFYC65WVQMHBAWP9CMX90NWR,Buy,Cairo,Apartment,69444.4444444444,72107.305,2662.8602430556057,
8W705TQ0NNVT9JSP0VENTZ38B0,Buy,Giza,Apartment,47058.823529411784,33355.71,-13703.112591911784,
2HWWPBWWFSWN0ZTK3V4W79XBQ8,Buy,Giza,Villa,244999.99999999997,164818.4,-80181.59374999997,Buy
VE2NVCF3VJS1Z2FCB80JQPKMS0,Buy,Red Sea,Apartment,77944.51239669428,75470.336,-2474.1764591942774,
WN4HSRG96KC4KWGZ6554FGYH60,Buy,Giza,Apartment,67204.30107526878,61719.457,-5484.844044018784,
5CSQ447CCX6FWZ3KRTAJ0NS564,Buy,Giza,Villa,62629.75778546712,56824.074,-5805.683566717118,
ZDSZESA9NSRG6X0CT52G3FFJ4G,Buy,Giza,Townhouse,73243.90243902434,87660.66,14416.753810975657,
710156Q7SY5C7VNZEEX689YXDM,Buy,Cairo,Apartment,86666.6666666667,86760.664,93.99739583329938,
NNA4AV0SYVS523HFT5QB494Y44,Buy,Giza,Apartment,29928.571428571435,31980.21,2051.639508928565,
NQX8XVQ3BWX5N88RJCDJ7F6Y3R,Buy,Cairo,Apartment,50000.000000000015,47585.605,-2414.3945312500146,
YN43FTRZCRBQHF5JRCED4KE3SM,Buy,Giza,Duplex,83333.33333333333,70150.6,-13182.731770833328,
74G21J7JY9NAZ8559X0858483C,Buy,Giza,Duplex,73469.387755102,53337.91,-20131.477598851998,
ZQBV9226Y0HS6X65HWVBGM1678,Buy,Giza,Villa,73190.47619047617,61833.93,-11356.546502976169,
THSNR1Y72X1VNVQKQ9M5YYQS58,Buy,Cairo,iVilla,43076.92307692306,39734.723,-3342.2004206730635,
GH7GCJTAXAWA08Q4MHNRTP6DJC,Buy,Cairo,Apartment,25000.000000000004,28350.135,3350.1347656249964,
Z2CJPZ5F5BVNXKQG7G1MRCTKSR,Buy,Giza,Penthouse,60000.000000000015,104797.87,44797.867187499985,
ZXH3WQF91QQRPH0HTRP7QBP83W,Buy,Giza,Apartment,65419.99999999997,44194.984,-21225.01562499997,
DB3D7YRJVGNBZ96YBZDB5Q5V20,Buy,Cairo,Apartment,31481.481481481478,27764.123,-3717.358434606478,
M7A8V5JJAZGQYJE0AV6VQ1QVJ0,Buy,Cairo,Apartment,25000.000000000004,24853.742,-146.25781250000364,
6MV43GJFEF344428Q15E49R98M,Buy,North Coast,Townhouse,70841.37931034487,88519.484,17678.10506465513,
XDY8B28400H8BC1F5FGCQM6384,Buy,Giza,Apartment,70744.6808510639,70476.43,-268.2511635638948,
SB0GA6NS0D3HY70CMSFN7N6YMC,Buy,Cairo,Apartment,39259.259259259285,50716.598,11457.338396990715,Rent
2KNBEAZYFCW39FE6NVY3DBH1F4,Buy,Cairo,Apartment,117857.14285714293,87128.99,-30728.150669642928,Buy
Y8EKC0R62W08VBD5KA9KGTC13C,Buy,Giza,Apartment,90714.28571428571,72006.29,-18707.99665178571,
G1HRMF6J0XBGKDXR7SHK0K3AF0,Buy,North Coast,Villa,72289.15662650608,78941.05,6651.890248493917,
WY4FMFG2E02WJTMGKHW1DAFRC8,Buy,North Coast,Chalet,307142.8571428571,118777.836,-188365.0212053571,
YC74H9073ASXGTAVEPDFQA5ZK8,Buy,Alexandria,Apartment,51151.00671140936,45293.055,-5857.952023909362,
VSCXPF5TYB19N3A45SRYSFZCC8,Buy,Cairo,Apartment,47500.000000000015,34478.89,-13021.109375000015,
W2E97D452F4FAN3XDA166MNP2R,Buy,Alexandria,Apartment,89600.00000000001,62687.227,-26912.773437500015,Buy
EPW4V2AQ99JW7VVRR5PXDPFP2G,Buy,Giza,Apartment,63664.59627329194,72303.35,8638.755289208057,
6NBWPW3GJ5D8TKVJAW731DT7D0,Buy,Cairo,Apartment,21750.00000000001,23921.73,2171.730468749989,
WR3KTKYZGNVJTB9YPT54FBY2M4,Buy,Suez,Chalet,75307.69230769227,80979.586,5671.8936298077315,
KTA9XEAFP2XJ4NHPC305BDBFAW,Buy,Cairo,Apartment,35999.99999999998,47159.03,11159.031250000022,Buy
WK62EXQYP4A0HNFJAAT4NT4SXM,Buy,Cairo,Apartment,47826.08695652176,54420.12,6594.034137228242,Buy
33PS08940KJA439B0VTNE14H4R,Buy,Giza,Apartment,63664.59627329194,70449.484,6784.888101708057,
9ZG7GSGTAPAV74EE8G8Q5K7D38,Buy,Cairo,Apartment,68571.42857142861,55374.27,-13197.159040178609,Buy
H0BW63KP3G2GFD4VVRVM5K2CMM,Buy,Red Sea,Apartment,76999.99999999997,61065.234,-15934.76562499997,
AWDPSZT2245T2T6BFTA4T773TM,Buy,Cairo,Apartment,89043.47826086957,59353.625,-29689.853260869568,Buy
6NCAKDSKQ2074K154GRVQ7KW08,Buy,North Coast,Apartment,130000.00000000009,99420.24,-30579.757812500087,
P91P4173MWP74ZGDYDJA4HPSYM,Buy,Cairo,Apartment,82758.62068965523,62055.82,-20702.800377155232,
TMN612BM0MEWPTZDA7VNWDJC6M,Buy,Giza,Apartment,31199.999999999985,33661.86,2461.8593750000146,Buy
H2VRQGN59QF73FNVDV41WMWKZG,Buy,Giza,Apartment,60091.74311926602,55160.223,-4931.520463016022,
7YNV1SCTEX93TNM7P9Z5XTVMKG,Buy,Red Sea,Duplex,82142.85714285707,109136.59,26993.736607142928,
NS3K41V04QR1PC91WY2EA9B5R8,Buy,Red Sea,Apartment,60000.000000000015,58699.113,-1300.8867187500146,
C4APYYB6S41M8B504RF7FC05H8,Buy,Cairo,Villa,46025.10460251046,55378.81,9353.703991239541,
XPEBZNR4BM34RNE1KK5Q61XTB4,Buy,Cairo,Penthouse,77272.7272727272,71745.875,-5526.852272727207,
745Z3FCY2NH0QJGSVKCDMZ7DKM,Buy,Cairo,Apartment,73777.77777777777,69078.94,-4698.8402777777665,
33KMR4EWA5XMZPZ6DXPG3ZMT64,Buy,Cairo,Apartment,42857.14285714283,43926.81,1069.6657366071668,
MKDZZH47HX8MF9T8J3BNQ839P8,Buy,Giza,Villa,35000.00000000001,61867.73,26867.730468749993,
Z6WT0MGKT2267GB7CBEX5METF4,Buy,Cairo,Apartment,54500.93288590608,41756.77,-12744.163354656077,
VQQPCK1J1ZW87J54C4818B1X1M,Buy,Cairo,Apartment,52884.61538461534,46002.03,-6882.584134615339,Rent
01K7C63JDKBVVKTP6YHGMEJN2C,Buy,Cairo,Villa,14574.468085106382,58356.453,43781.98503989362,
VAMR2AVFRPEX0BXDAS73EP7N3W,Buy,Giza,Apartment,64427.48091603049,40242.09,-24185.391072280487,
85ESDHWX7W7NECVV419TQ7T9GC,Buy,Cairo,Apartment,89138.46153846147,56872.977,-32265.484975961474,
ENX70VT93TXFDQKY3V0GFCFW60,Buy,Red Sea,Chalet,84507.04225352114,87260.54,2753.49680897886,
51V6ZEW1ZFNQA7PHB6DS9RFEYG,Buy,North Coast,Chalet,133333.33333333328,129094.375,-4238.958333333285,
DF42FYSWP5MNS73WKRSCH2Q7V0,Buy,North Coast,Chalet,150617.2839506174,155885.34,5268.059799382609,
FJK16GKSMAHRJW2XBCAZ2KPRCM,Buy,Giza,Apartment,71428.57142857146,57816.066,-13612.505022321464,
VCSPC88AJSP7ACP82258S9NNFM,Buy,Cairo,Apartment,20000.000000000015,25528.69,5528.689453124985,
J7Y1CZFDQMVRR9RHK8VD8V47D0,Buy,Cairo,Apartment,72105.2631578947,60958.344,-11146.919407894704,
68BVQ4TD7FNT95CM4K8W1XXP5W,Buy,Giza,Townhouse,50608.558823529405,62804.395,12195.835707720595,Buy
X8QZ0EC0P9J3ADM7WZKHBKK5AM,Buy,Cairo,Duplex,44999.999999999985,50904.81,5904.808593750015,Buy
R5KRDBCDB5TQ67DKXBF364DZ8R,Buy,North Coast,Chalet,54333.333333333336,51882.06,-2451.2747395833358,
PNHX0ZSBQSGGAWVR0CEM3NFYFC,Buy,Cairo,Apartment,94117.64705882358,96879.69,2762.0404411764175,
EAJTY0KPWQV59BV8QYS9B8FY6G,Buy,Red Sea,Apartment,96718.59649122813,91648.86,-5069.737116228134,
8CDEZVFB65XP16GT6FXS6QP7N8,Buy,Cairo,Twin House,64903.84615384622,84169.44,19265.59134615378,
C36VFVJPQPA2DWZNAQE7HNV42M,Buy,Giza,Apartment,124999.9999999999,121263.74,-3736.257812499898,
S56PZNS379RZDY2BMD2PEKD874,Buy,Giza,Villa,63870.03980099499,67560.164,3690.124261505007,
6FEJ5BKBBTW87SDJTXY0NS36YM,Buy,Cairo,Apartment,86805.55555555559,104741.516,17935.96006944441,
3NY8MH48PECHNGSG9DVA3M2Z90,Buy,Giza,Townhouse,82608.69565217398,78044.93,-4563.765964673978,
5Y9VA4BNR279VGS5F2HZBQMCM8,Buy,Giza,Apartment,21844.66019417478,25876.496,4031.8358995752205,
01K59MP761H2MM00DZ7SW8X279,Buy,Giza,Apartment,29285.714285714297,48810.445,19524.731026785703,
9N2VPD6XDH76B1HGN8FSJPDDDC,Buy,Giza,Villa,93262.73584905661,70165.66,-23097.07959905661,Buy
SN1NZ44YZA1KT179DG6T2YRMJG,Buy,Giza,Townhouse,87431.69398907099,62857.066,-24574.62758282099,Buy
GRG806FJBC7QR09Y1Y0WJQCSQ4,Buy,Cairo,Apartment,48008.33333333333,38787.344,-9220.989583333328,
01JVFE44MP70F7A6NFN5BF8C82,Buy,Red Sea,Apartment,60714.285714285754,67826.73,7112.440848214246,Buy
91ZGXBAT8DYRZZQ5NY2AG45WVC,Buy,Red Sea,Apartment,66000.0,65559.07,-440.9296875,
RGHN3GTWJN0VB0SBPW524D3F4R,Buy,Cairo,Apartment,77981.65137614685,68385.305,-9596.346688646852,
PQJ4ZSPD7V85S7W1BC48WA6VQ0,Buy,Qalyubia,Apartment,20833.333333333343,31283.252,10449.918619791657,
GYWAGGRCEWER3YY4C9G5N7KZDM,Buy,Giza,Apartment,124999.9499999999,116410.7,-8589.246874999895,Buy
S8FB996GHXSDDZXJCZWAEPZZH0,Buy,Giza,Villa,69532.52032520322,62961.04,-6571.4812627032225,
TPG261XKMRBWPW294DATPPMPCW,Buy,Cairo,Apartment,71402.93137254906,74524.375,3121.4436274509353,
YPXW7NVZ5M38P4K5JP4KRRGW58,Buy,Cairo,iVilla,53658.536585365815,48739.742,-4918.794397865815,
0KS0VHSZT5WB76NEVMR7N5MTVM,Buy,Cairo,Apartment,51624.99999999996,66358.51,14733.507812500036,
C6F8HAXF22D3TBGMX5FW06Q998,Buy,Cairo,Apartment,95833.33333333331,46258.473,-49574.860677083314,
5F7ARARHFSRGY45W1973SQE4W4,Buy,Cairo,Apartment,38728.32369942193,32186.44,-6541.884246296933,
SPM67G05S2S6FQBEZY5M1K2THM,Buy,Red Sea,Apartment,75000.00000000004,80516.62,5516.617187499956,
NXHCE69TTX3CR5792D2FWDYJBG,Buy,Cairo,Apartment,21750.00000000001,24338.328,2588.328124999989,
NX7WTY97Z3MKB85KJQQ0A9T1ZW,Buy,Giza,Hotel Apartment,145714.2857142857,81480.96,-64233.32477678571,
GS57GZKM6CFRBQJDFDPK5V85G4,Buy,Suez,Chalet,36842.10526315787,59405.043,22562.93770559213,
FC5R22VGGR9WDWJMYEH51FQ8MW,Buy,Cairo,Apartment,80808.08080808078,75290.4,-5517.6823705807765,
8S1A75P53WYEGSZJEC4Q0V0ESM,Buy,Red Sea,Apartment,43000.00000000002,57152.23,14152.230468749978,
3RP4AVCEKQ8XXPAP8M180EZPFC,Buy,Cairo,Penthouse,58148.148148148124,46554.555,-11593.593460648124,
5TF9MQTM8DE2316C4G36CP3A6C,Buy,Cairo,Apartment,72131.14754098357,78925.69,6794.539959016431,
MHH8042FW22R1QTGXMTEE0WZ7M,Buy,Giza,Penthouse,15760.869565217401,21849.95,6089.079653532599,
5R4PYVZ8Y4X6N67CF1KQQKR47G,Buy,Cairo,Apartment,101351.35135135143,71085.51,-30265.843538851434,Rent
QKY77DD5RDW1ZNKHPCJ23CGBM8,Buy,Cairo,Apartment,68852.4590163935,48801.555,-20050.904328893506,
SCSP00RJTW6RZ8PAHK00PFQXZM,Buy,Cairo,Apartment,23999.99999999999,29617.121,5617.121093750011,
6VKVBNQCNC4HBYZBKCVJQ71YK4,Buy,Giza,Apartment,34507.04225352112,29367.018,-5140.024675396118,Buy
XKG0D33AY7JEWZ3HQ9ASA6DCSG,Buy,Giza,Apartment,24615.384615384628,37549.45,12934.064603365372,
1VSVRCD0SA73DK15M3FM4RR8QR,Buy,North Coast,Chalet,91891.89189189194,100840.58,8948.686233108063,
J3STYV6DBX6PB1TQ4XKZ3J36R4,Buy,Red Sea,Apartment,44884.0,63213.977,18329.9765625,
4NQRPB6X7VRJZ7FW3HQ9KBE61M,Buy,Cairo,Apartment,130434.78260869563,76729.57,-53705.212296195634,Buy
HC0N26M3TGYKPYMR2B1RMW5BWC,Buy,Cairo,Apartment,110119.04761904759,90675.92,-19443.12574404759,
G7SQKQS5BFKYGG38T42PQDHEMR,Buy,Cairo,Twin House,65357.14285714283,61320.67,-4036.4709821428332,
79TFTD98NXJV6SQCYY5P5BP8YG,Buy,Cairo,Duplex,43478.26086956522,54760.816,11282.555536684777,Buy
YWZGW6B1FKM4N6Z4XFFEG9ECYC,Buy,Cairo,Apartment,25599.999999999985,47344.74,21744.738281250015,Buy
S24YXEPRK4TZYX9FY5M9CQYKPC,Buy,Cairo,Apartment,58378.37837837843,67715.75,9337.371621621569,
4GFMMTS8X2FVTC581A6QH8HXZW,Buy,Cairo,Villa,56338.028169014106,54395.633,-1942.3953565141055,
Q3VV0C5YEPT03610AERDKGFSR4,Buy,Cairo,Apartment,66000.0,55345.125,-10654.875,
V4R8APPRGAE64T2W8ZH69ZNS90,Buy,Cairo,Apartment,40000.0,47851.51,7851.51171875,
FX2TVAVC7RRERFG89M3GS09W9C,Buy,Cairo,Apartment,33333.33333333334,40737.746,7404.412760416657,
0B5MDAWNGXHXW279E8GFY62J70,Buy,Cairo,Apartment,80545.9880239521,56720.875,-23825.1130239521,
HGR59EGAKWP3S2PF1HGA83JJZM,Buy,Red Sea,Apartment,58999.99999999997,53780.812,-5219.187499999971,Buy
3YWMW8G7Z0QSGAV3YC47G4VPZR,Buy,Red Sea,Apartment,99315.06849315068,85733.43,-13581.638805650684,
GXH7JW1KB4Y058FVYZAB9TCM4R,Buy,Giza,Apartment,38461.53846153845,34849.78,-3611.7572115384464,Buy
N3MZ0BXFNFAGNQ9QFKK6C1HS68,Buy,Giza,Townhouse,61151.079136690605,61315.64,164.56148830939492,
EQ2J51W04N5CHV41TKEC7ZG9CC,Buy,Cairo,Apartment,61878.04878048786,53599.55,-8278.497999237858,
WP0MS3SQHQY6QY044YP452BSEW,Buy,Cairo,Apartment,81241.37931034475,67794.91,-13446.473060344753,
27QQ2SY3TA3WREDJ5GT8SJPRCR,Buy,Cairo,Apartment,113599.99999999991,82240.26,-31359.742187499913,Rent
VZ5T5TYXNZDEB7ZWR621YMF0YR,Buy,Giza,Villa,75728.51711026617,67761.94,-7966.57961026617,Buy
AJ7F4VQNENB2CEVHD2B8FMWQ5W,Buy,Red Sea,Apartment,41999.99999999999,48957.254,6957.253906250007,
JVY12JY9JB73VSSKBRSCWC8Q00,Buy,North Coast,Chalet,54407.713498622565,40420.984,-13986.729123622565,
JEX93B43G32G55T47TQAR8BTAR,Buy,Giza,Duplex,79326.92307692309,63047.863,-16279.059795673093,
MJG8T0EJ21G8963KPPBT27FMP4,Buy,Red Sea,Chalet,144642.85714285725,122040.24,-22602.614955357247,
8F27RRTS24SX5Y7DJB3FQEFGXM,Buy,Alexandria,Apartment,17878.78787878788,27731.73,9852.94258996212,
96QH1Y13VA06ZBBB57CFDY51PG,Buy,Cairo,Duplex,27734.375000000007,32816.805,5082.429687499993,Buy
JZRSC6RJ6BQ17PP0PFG4BZHH80,Buy,Cairo,Townhouse,54545.45454545459,57542.676,2997.221235795412,Buy
RST39V4A7ERVPYF1PFCJ8NA284,Buy,Cairo,Apartment,27560.0,30296.861,2736.861328125,
6509M4BP5QF0H8WJW27QXHQN4G,Buy,Giza,Apartment,20714.285714285732,27303.52,6589.233816964268,
DRQQZBC6NVEXFK8H1XZQRG5THW,Buy,Red Sea,Apartment,104166.6666666667,112562.875,8396.2083333333,
0XBX9522NAGRFCQ6A2A5NX884R,Buy,Cairo,Apartment,61224.489795918416,66030.555,4806.064891581584,Rent
A3SMH2247GWNTJBTD0B4NYKHZ4,Buy,Giza,Apartment,38759.68992248065,95054.336,56294.64601501935,
MPXWKQ8VW391TEAV5NQT6M94P0,Buy,Giza,Apartment,38095.23809523807,29029.467,-9065.77129836307,
NC53Y5G303AGBGA0SXHXAXK3W8,Buy,Giza,Apartment,31407.035175879406,30584.182,-822.8535352544059,Buy
PNSHHHV4GBRKF3JMFQXD1ZWMDG,Buy,Cairo,Twin House,66666.66666666672,57097.86,-9568.807291666715,
YDHMJMP9XXQ42KXEF43F0ZH6GW,Buy,Giza,Apartment,97500.0,87035.23,-10464.7734375,
SVXVGGDH57DGG92656NA9TQG24,Buy,Suez,Chalet,70909.09090909093,68333.414,-2575.6768465909263,
ETC38G8JFMYDCHGFD9GV837VJ8,Buy,Cairo,Apartment,73888.88888888886,69877.97,-4010.9201388888614,
0AQNJM260XEWSEA0J1RDNANGH8,Buy,Giza,Apartment,249999.9999999998,141052.22,-108947.7812499998,
J0M8AG0C628F1TW830W9VXKMJC,Buy,Cairo,iVilla,44250.871080139405,44704.566,453.6953261105955,
01JYGB548VXGQWMVQHGWPNXNAH,Buy,Suez,Duplex,23999.99999999999,48456.695,24456.69531250001,
EHJ7FT44HSHQ686CHM6K8QX0ZW,Buy,Cairo,Apartment,48148.148148148175,53031.094,4882.945601851825,
231SQJ7GHDJS3VSKZF6D0NVWY0,Buy,North Coast,Apartment,72222.22222222228,80799.84,8577.621527777723,Buy
YW2MWHDJ2VDQ56DJ0MF6WAKA7R,Buy,Cairo,Townhouse,88709.67741935485,73206.33,-15503.349294354848,
VFMQMZFJWYMM13EFZVXBTF2FMM,Buy,Cairo,Apartment,28426.395939086284,33541.402,5115.006404663716,Buy
GEPVGR7HTYB132JWR405PP9XYW,Buy,Cairo,Apartment,36746.98795180721,50204.277,13457.289391942788,
QH150TV8FASB94GYPWR6JKHWZ4,Buy,North Coast,Chalet,121230.76923076932,130462.734,9231.965144230679,
A9HT09Y219DWF1WXBJ6CW2HFN8,Buy,Cairo,Apartment,58362.96296296294,38932.1,-19430.86140046294,Buy
VNMHZW347ABPEHP5KXQN6S67BR,Buy,North Coast,Chalet,61428.57142857144,68111.55,6682.975446428558,Buy
AMF1XGZBJ83KBW5A16396GKBXR,Buy,Cairo,Apartment,31914.893617021306,43251.05,11336.157164228694,
BBD9B1CQ1C4JC8RYW6V421NSZ4,Buy,South Sainai,Chalet,35359.99999999997,42303.547,6943.546875000029,
GRZG2BYNFVZS8VPBRFRN8BPCFC,Buy,Giza,Apartment,192499.99999999997,189772.83,-2727.171874999971,
RVA26PYMVHJPMN2N7VGCAD2DXC,Buy,Giza,Townhouse,85945.94594594599,76908.4,-9037.54750844599,
4PC2MD38P5EEXGARB1NGH9CQQ0,Buy,Suez,Chalet,71590.90909090912,68770.52,-2820.3856534091174,
1KDESYZ996RM3JAQEF4WDGDHRG,Buy,Cairo,Apartment,77142.8571428572,67439.46,-9703.396205357203,
BTN3H2ER5DQK47Z2RDVPAG1SMC,Buy,Cairo,Villa,44832.6180257511,58363.91,13531.2921304989,
QVZBMVH7ET0A64FBGT78XW2DCM,Buy,Cairo,Townhouse,84000.00000000003,81979.1,-2020.898437500029,Buy
61H7JF7AXYSJTF5HZ63SKBZWMG,Buy,Cairo,Townhouse,58000.00000000003,119405.34,61405.34374999997,
7N9TDDPZT2R2DFAX9J7TV8CV58,Buy,Cairo,Townhouse,61023.6220472441,64752.707,3729.084984005902,
N0ZRY9Z1YWJ64X49A1PYT032Y8,Buy,Cairo,Apartment,28648.648648648657,40053.555,11404.906038851343,
JX6M1MP95W7E3YKR14EG121XVC,Buy,Giza,Apartment,24318.181818181834,24653.406,335.2244318181656,Buy
0NW214RBQXY49P7PPSFHPDTQTR,Buy,Giza,Penthouse,31073.446327683603,35742.824,4669.377891066397,Buy
Z5FWG0V7NQZZG0GJQTT4RJD5A8,Buy,North Coast,Chalet,150000.00000000006,142617.36,-7382.640625000058,
0B67HH19KXH8N4BS1E9XTMA5R8,Buy,Red Sea,Apartment,40660.0,50108.848,9448.84765625,
1KYDZ2TCHEV8K9AQ0YDWBZ2CAR,Buy,Giza,Townhouse,66015.62500000001,40175.94,-25839.683593750015,Buy
01KBX5MQ1XSK6YPA6QQCX02PBN,Buy,Cairo,Apartment,20930.23255813954,60935.734,40005.50181686046,
QHVBYDKK0WAK58GKXG8NZZXZWC,Buy,Suez,Chalet,35000.00000000001,32357.379,-2642.6210937500073,
8XAEWRYM8KA2SQ83D27Q3VW8SW,Buy,Giza,Villa,44025.157232704376,50356.383,6331.225579795624,
787N2QNTR3MRBT1DMNVNHRQ8BR,Buy,Giza,Townhouse,49425.828877005304,53997.438,4571.608622994696,
K8CZF6T8JPYQJTJQZ1EC41K33R,Buy,North Coast,Chalet,189393.9393939394,150782.05,-38611.89251893939,Buy
M00WWV2M29HNRK6K5DPEGVMFER,Buy,Giza,Apartment,20735.294117647078,25038.672,4303.377757352922,
A77N5EDEHQS9QDTPHBTC4F6NPW,Buy,Cairo,Duplex,31999.999999999993,35776.55,3776.5507812500073,Buy
AQPB2JQYS9VJXRME58SSGPP28G,Buy,Red Sea,Apartment,74078.48695652168,78397.03,4318.5442934783205,
1EQZ0S72DFTPZXB76XSAMS4HE0,Buy,Giza,Apartment,31707.31707317075,33672.33,1965.0110518292495,
QS86B1Z89G5BZGV7YD5DM8QP88,Buy,Cairo,Duplex,17760.363636363632,28997.37,11237.005504261368,
X29NNG6NNGFHTVGM2YSGNAA9NG,Buy,Suez,Chalet,28333.33333333333,29846.855,1513.5221354166715,
GGGVVZPKHN7PDEA9Z2DK6SBZ44,Buy,Cairo,Apartment,43693.548387096744,36929.79,-6763.759324596744,
AS3G1ZAS0JQPMSDWXK90S0NFY4,Buy,Cairo,Apartment,33999.99999999999,36391.055,2391.0546875000073,Rent
5DN6CJ60PJZ029EKFJZSGD47W8,Buy,Giza,Apartment,219500.00000000012,233892.1,14392.093749999884,
R1KH4BXSWV3HXJK5HVWRMHSP20,Buy,Giza,Apartment,101265.8227848102,53836.7,-47429.123566060196,
GKKNB63D0JAWB18MK65JGM7AF0,Buy,Cairo,Townhouse,66666.67878787879,67247.49,580.8133996212127,
N95PKMKJD781782JNYPMHQQJHM,Buy,Giza,Villa,150000.00000000006,195352.06,45352.06249999994,
6N6V34RN8ZK4DFPQG18Z8NQ8DG,Buy,Giza,Apartment,99502.48756218905,61247.38,-38255.10865593905,
RCQY21TNPT40ZS6319CD2Q9ZBW,Buy,Giza,Apartment,145000.00000000012,153048.05,8048.046874999884,
98ZXDZRD7C6FNA37M4N1H84N4G,Buy,Giza,Villa,299999.99999999977,143710.58,-156289.42187499977,Buy
R4XFQQAYNSY583C00BA32C8GVC,Buy,Red Sea,Apartment,98306.2592592593,100964.04,2657.779803240701,
0DDJF93YQENN0Q6XY5VJM5H324,Buy,Cairo,Apartment,98870.05649717507,84856.46,-14013.595559675072,
0T734WM21VPE95FB7HXHXZ7J90,Buy,Giza,Penthouse,22045.45454545455,21581.85,-463.6049360795514,
01K9VZQR3S46516E2EQGGB9AAR,Buy,Giza,Villa,150000.00000000006,145268.08,-4731.921875000058,
4CWMTX3HHXYHD89Z0R5REQ94P8,Buy,Cairo,Apartment,33804.222222222226,38435.164,4630.941840277774,Buy
462F9PNMSVYDNSF1PJGGSBZ0D4,Buy,Giza,Apartment,30322.580645161317,49281.37,18958.790448588683,Buy
KES7FPCP4E6T39KYXPQ42892B0,Buy,Suez,Chalet,60110.00000000004,72766.83,12656.828124999964,
PDATJQGYQ8GB9TPWYETCRCM65M,Buy,Cairo,Apartment,26111.1111111111,29533.602,3422.4904513889014,
C4ZFX6KR6GS2ZNK5T99XQ2EWRC,Buy,Cairo,Apartment,63027.52293577977,55045.71,-7981.8119982797725,
MMMFWZGNFS18M5222BF1GZ3NXC,Buy,Giza,Villa,19183.673469387748,37630.863,18447.189811862252,
CVV2PCPQBM1SCHVKRG7PHHWSMW,Buy,Cairo,Apartment,29006.84931506847,26688.033,-2318.81611194347,Buy
K87AW5J7D4Q6SWCEW705SM8Y5W,Buy,Suez,Duplex,47794.11764705887,49279.207,1485.089384191131,Buy
PP6RK70Z7Z8GJP80RS46P4SGKR,Buy,Cairo,Twin House,55357.142857142826,62981.035,7623.892299107174,Buy
0DQB9PSB8ESCAXGMDAS0QCQ00C,Buy,Giza,Villa,79051.38339920942,53125.047,-25926.336524209415,Buy
TDKJGR7J9QZ901XXVBWDY1J1G4,Buy,Cairo,Apartment,44309.09090909091,54707.887,10398.795809659088,
FSQ482PGYF5Z27NA0HJZFR5F54,Buy,Cairo,Apartment,26923.076923076915,35343.043,8419.966045673085,
KGVQYHG6J45SGNHDDAR3DBDEGM,Buy,Cairo,Villa,133333.33333333328,156186.39,22853.057291666715,
3PSGSJNZQYSP9576WX7YZKZKZC,Buy,Cairo,Apartment,35200.00000000001,40098.043,4898.042968749993,
8H9D0AETTQKZM1VZ8RTKPYT3EM,Buy,Cairo,Apartment,60975.60975609759,58539.395,-2436.2152248475904,Buy
03JD7SYNDKBP42KDCZ1ZVYSHYR,Buy,Cairo,Apartment,37414.96598639458,37754.668,339.70198235542193,
GMBCTAB5WCNA52MXG5VW2GXN74,Buy,Alexandria,Apartment,31428.571428571446,31873.305,444.7332589285543,
HCKEX6GPR35PN9HGWHXCH4XH2G,Buy,Cairo,Apartment,45599.99999999998,64491.586,18891.585937500022,
9W63Y5M9GY8C4XVWS30CWZ02SW,Buy,Giza,Apartment,81499.99999999996,75608.586,-5891.414062499956,Buy
Y0NB47994ZWMJ864NRJ7AV9VHG,Buy,Giza,Apartment,32413.793103448257,40000.113,7586.320177801743,
DPZ5WA8Q9GVFXW4VX2B6JPFTGM,Buy,Giza,Apartment,70507.44186046509,62189.418,-8318.023891715085,
ZQATSDV2XFXF14SPPPWXYMM908,Buy,Giza,Apartment,23529.411764705885,25409.812,1880.4007352941153,
X6N88MJRAFW6VXFBDBEFWN4BHR,Buy,Giza,Duplex,24722.22222222222,31192.924,6470.701605902781,
7ESK3944NZ09R8WGWXM66C650W,Buy,Cairo,Apartment,55555.55555555561,65205.086,9649.530381944387,
ZGVPMZ4J0D9CF27NPTSPX5C0YR,Buy,Cairo,Penthouse,57788.9447236181,57149.723,-639.2220673681004,
1KE1Z8KYHVKBFSRYGZXVQTNDAR,Buy,Suez,Apartment,114999.99999999991,117252.82,2252.8203125000873,
WTH2AD85HP6TKKZ88SF0VTDE98,Buy,Giza,Apartment,58088.888888888905,55388.21,-2700.677951388905,Buy
1B4M5M15WHD13PEQ2ZJ89891A8,Buy,Cairo,Apartment,38764.04494382024,27975.855,-10788.189475070241,
1CT63WKP84RXD5B3MPDY96S928,Buy,Cairo,Apartment,65656.56565656564,61114.055,-4542.510969065639,Buy
S4YCYQ278PM76HJCE07RM7E18R,Buy,Cairo,Townhouse,104195.42168674701,67645.266,-36550.15606174701,
QJVX5S8Z8EDASZ2WQY4JAF31YW,Buy,Cairo,Apartment,44805.194805194806,54891.43,10086.234882305194,Buy
PG93HGXMB1W9Q634B1GE0Q81D0,Buy,Red Sea,Apartment,74400.00000000006,74977.2,577.2031249999418,
2Y72G4VB8CZQZ8KD1PCES5Q1R0,Buy,Cairo,Apartment,47150.7612903226,68356.81,21206.051209677396,Rent
Y99F7WESFD2D9HC82MT4BK9PD4,Buy,Cairo,Townhouse,64313.72549019603,68573.46,4259.735447303967,
E1T4JJ9X0N4E776VQ44QWYX8M0,Buy,Red Sea,Chalet,125517.24137931046,103527.15,-21990.092941810464,
AAB1MWVGRDF54A48J9BZCJ11QW,Buy,Cairo,Townhouse,80000.0,78260.93,-1739.0703125,
9GMMJ0MCQ4JA6H6A3SVEC5AP78,Buy,Giza,Apartment,49632.352941176476,56648.812,7016.459558823524,Buy
RAK10G7M8A9G2BF7ND9JHS9XZM,Buy,Giza,Apartment,69343.06569343062,62033.51,-7309.553974680617,
1T82BHQF5XBBJ4VX6BVTD4RC64,Buy,Giza,Apartment,57826.08695652172,53401.227,-4424.860394021722,
MYHGX6JQYZ3E66Z79JWMZJSHEG,Buy,Cairo,iVilla,44054.166666666686,46565.168,2511.001302083314,
N5YFEKR75Z588TF2HBJVWDMWV0,Buy,Giza,Apartment,29999.99999999999,31805.408,1805.408203125011,
HZM213JWEJ8KJC496MSPB6W0PG,Buy,Cairo,Apartment,31818.181818181805,30416.951,-1401.2306463068053,
VMMP2JJ5GB5GRJS9P0G4D1RRDM,Buy,Cairo,Apartment,23371.428571428554,26650.059,3278.6300223214457,Buy
GJS2H2FEXGVY7JWENCDD0X69EG,Buy,Cairo,Apartment,51562.500000000044,44961.793,-6600.707031250044,
XSKTM9WFBQ4NFRN5DMSMSF6H9R,Buy,Red Sea,Apartment,77999.99999999994,76634.43,-1365.5703124999418,
HH6ZK8BQRNGYC30DNW23GW83PG,Buy,Cairo,Apartment,103867.40331491716,52471.52,-51395.88378366716,
01JVVWANR1Z66MVB234BQRPEFM,Buy,Red Sea,Apartment,74445.24705882354,83458.37,9013.120128676455,
0D1XY9PBRP3SEP2N9SFKWVHNSM,Buy,North Coast,Chalet,44444.44444444448,44030.91,-413.53428819448163,
NHEARVAWWWZJV1QX4RP79E9GCC,Buy,Cairo,Apartment,20833.333333333343,24097.383,3264.049479166657,
2M9V218CZT4FRF1P5CT408QEYC,Buy,Red Sea,Apartment,28181.818181818162,29538.701,1356.882990056838,
FTANQWW98T3AWNEBNR8FDCG9Z0,Buy,Alexandria,Apartment,56572.40000000001,48637.215,-7935.185156250009,
B2V7F25XNZDSSRFA77S895CNJ8,Buy,Giza,Apartment,219999.99999999983,97596.71,-122403.28906249983,
TEFKBJV8H5ZPP5DX60VEHHZRYG,Buy,Giza,Villa,249999.9999999998,231114.47,-18885.531249999796,Buy
NDP107YPTR3JWCE1NSR4MK43X0,Buy,Cairo,Apartment,69700.63725490197,62416.453,-7284.1841299019725,
2E9F5W9BJ02YBYSEPVGT3JJ1Y0,Buy,Cairo,Apartment,29999.99999999999,29773.479,-226.5214843749891,
B9FYCT54FN0ADAEYBCZYXCKH28,Buy,Alexandria,Apartment,49714.285714285674,38155.953,-11558.332589285674,
8JCR5DHM9G82EEG9FXQ9FF82P4,Buy,Giza,Apartment,27624.30939226519,45605.223,17980.91326398481,
12272HES64SDEHDVH38KSJYCF0,Buy,Cairo,Apartment,40284.36018957344,45034.15,4749.788247926561,
Z3VPQGS1ZBT8EQ2E8CBHEPWJ68,Buy,Cairo,Apartment,37142.857142857174,33099.0,-4043.857142857174,
VE41RQM8KBSHER5CHA04690QW0,Buy,Cairo,Townhouse,39298.0514285714,30210.504,-9087.547522321402,
WMX9ET920H72KEJ7A5RH604MCW,Buy,Cairo,Townhouse,81818.1818181818,98789.92,16971.740056818206,Buy
6GBM54J4KWPZTVRQ08Q26GKDZ4,Buy,Cairo,Apartment,27619.047619047593,34363.992,6744.944568452407,
0YJN4RBC984GW0SMPRX8RJ71PC,Buy,Cairo,Apartment,67401.39393939395,54995.08,-12406.31581439395,
01K9F75N0EVQAV9GJX3Y5CX14T,Buy,Giza,Apartment,75775.00000000003,77820.92,2045.921874999971,
AK1B1FB4KP7MV4RZA8Y42MCY2C,Buy,Giza,Apartment,75000.00000000004,140836.75,65836.74999999996,
JH1HHWAAZR01PQEQQ9HR1WW0W4,Buy,Giza,Apartment,65217.3913043478,48449.95,-16767.442085597802,
J8MXP3C4Q8TE9M7VR629KT9ZQC,Buy,Cairo,Apartment,150000.00000000006,145370.36,-4629.640625000058,
NHZ3KH6HWG7BE52GVMQK304YY4,Buy,Cairo,Apartment,90277.77777777777,100100.11,9822.331597222234,
8HD6V3ECQBZ4283JDN6795K7KW,Buy,North Coast,Chalet,95519.99999999997,82247.63,-13272.36718749997,
4W7GSHCS8E2C384G1FRKQKTP3M,Buy,Cairo,Duplex,28461.53846153847,27080.752,-1380.7865084134683,
AA6ZXJRGQT4HQQDA565BR4A53G,Buy,Cairo,Apartment,42500.00000000003,62293.0,19792.99999999997,Buy
BPD87WDNN11JR6F2BVG9GEP7S8,Buy,Cairo,Apartment,20999.99999999998,33167.727,12167.726562500018,Buy
N0351JFPMBB2Z7CGCY8HFRX1RR,Buy,South Sainai,Chalet,66342.46575342468,67057.414,714.9483090753201,
YJ1XKH8W56R3WGQ8TBEZB3FPB8,Buy,Cairo,Apartment,29999.99999999999,37627.777,7627.777343750011,
DGERQRZK5SR6ZZT7GYBVG1J6J4,Buy,Cairo,Apartment,27419.35483870966,28279.492,860.1373487903402,
VAP4Q83WB4XVMFKGQ28TEAJN00,Buy,Cairo,Apartment,23999.99999999999,25019.408,1019.4082031250109,
KXKHQH2RVNMC6GWWV5HZY6M538,Buy,Giza,Apartment,30798.02955665026,38750.074,7952.044662099739,
BB7QDYNSNQNTT4WM5HWQ2F0NS4,Buy,Cairo,Apartment,29268.29268292684,32722.61,3454.31669207316,
01JVFQWGFC6JAMRA30EVCN1KV1,Buy,Red Sea,iVilla,48876.404494382055,89434.91,40558.501755617945,
HWJN9334CWRP3RAV8T389VZ1A4,Buy,Cairo,Apartment,40999.99999999999,41559.24,559.2382812500073,
TV3YEAGA3STBNF9GFNZGEX0QW4,Buy,Giza,Apartment,52118.54545454549,53955.895,1837.3490767045078,Buy
R9WBSKJD41RRA916XW606V90X8,Buy,Suez,Chalet,128571.4285714286,84778.24,-43793.186383928594,Buy
ZVZF9CFPG1DR0TKRYETNY5ZRRR,Buy,Giza,Apartment,82781.99999999996,78378.27,-4403.726562499956,
MK08K5J9CQ8S8NCVE1P731K458,Buy,Giza,Villa,60000.000000000015,56460.74,-3539.2617187500146,
G3VHBHA0R6TES06Y432PCBNT6C,Buy,Giza,Apartment,61157.02479338846,59398.246,-1758.7786996384602,Buy
67V58S7SWSM782GQ0GJJTMNMNW,Buy,Giza,Apartment,72576.00000000004,62316.055,-10259.945312500044,
0RFG0JR1YPE43Q7VC8EVVV0QD0,Buy,Cairo,iVilla,38297.87234042552,38802.477,504.60422207447846,
AYES7V6QZFBQHYP7AV2FYPH23M,Buy,Cairo,Apartment,31576.000000000022,47109.18,15533.179687499978,
APV4XN5TM6CFQXS200CR90RP68,Buy,Giza,Apartment,61290.32258064521,62983.137,1692.81413810479,
TACYH60DMZK1FTWDPNZKFZYHJM,Buy,Cairo,Apartment,50245.576923076966,52842.684,2597.1066706730344,
D5RTQXX1G5AHG8XCTX40GVKNKR,Buy,Giza,Villa,280000.0,238969.0,-41031.0,Buy
CKRWYPAH24XHVVR3QCSMFM5RPR,Buy,Cairo,Apartment,55000.00000000004,51266.797,-3733.2031250000364,Buy
ZS9C6STVXDEP1VDB09RM1MWTZR,Buy,Cairo,Apartment,33529.411764705874,29676.836,-3852.575827205874,Buy
6SS2Q7NKPR2QH7ME2FQASSDS3M,Buy,North Coast,Apartment,54166.66666666662,55721.63,1554.9622395833794,
2RYN5D97ZQCFJNBMTG783Y0VMM,Buy,Cairo,Apartment,94680.85106382983,63785.1,-30895.749501329832,
8VJNMRVDSSGWVD6ZT8X4VBM0GG,Buy,Cairo,Townhouse,78285.71428571435,74468.89,-3816.823660714348,Buy
EMWYBK7V86BABE0XRETZVGF7K0,Buy,Giza,Villa,249999.9999999998,228439.53,-21560.468749999796,
3HGSTKYDQTAS4X4ENF1GTPEXTM,Buy,North Coast,Penthouse,57926.82926829273,66190.95,8264.123856707272,
54AM15D76GNDD14KX228AWMEKW,Buy,Cairo,Apartment,50000.000000000015,53246.73,3246.7304687499854,
PVDP9KWSVGNFGYTWFFZTM785CC,Buy,Suez,Twin House,60000.000000000015,76832.23,16832.226562499985,
39C3Z64HGE05D9VP4SMAPDTMWM,Buy,North Coast,Apartment,45750.00000000003,64099.4,18349.39843749997,
1MKM86HR12XBB6S2B677JFJWS0,Buy,Giza,Apartment,57339.44954128439,52961.145,-4378.30501003439,
WAWWBM23BVF3AQS2TQNT38AZRC,Buy,Cairo,Apartment,53658.536585365815,55618.258,1959.721227134185,
2YFCKEZM71Z49S1DQBXPBRWSR0,Buy,Giza,Apartment,48888.88888888886,47964.867,-924.0217013888614,
32NSDQ8PK8KRFW8GTTPA3K29T8,Buy,Cairo,Apartment,124999.9999999999,57155.45,-67844.5507812499,Buy
4WW4J5D447CQJ2CZRNGJ10G4SR,Buy,Cairo,iVilla,42857.14285714283,47836.773,4979.630580357167,
83RJB8Y9AD1C9S61XRMS18A5TR,Buy,Giza,Penthouse,56886.227544910165,48694.49,-8191.739263660165,
BJTJS18DTBRR9Z4SNA9SP28GRM,Buy,Giza,Apartment,63341.66666666667,47736.285,-15605.381510416672,
4G9VFPYV03CNZ0G47TVHTG96W8,Buy,Cairo,iVilla,53310.104529616765,55240.715,1930.610314133235,Buy
AJDNQPCFRWNPAYXWYNXWF3TWWR,Buy,Giza,Apartment,34027.77777777779,43080.414,9052.636284722212,
S7CDA9NBP65ANX7CJT33QGAQF8,Buy,Cairo,Apartment,20951.612903225792,18515.596,-2436.0172001007923,
64A1MXRZTZN451CFHE8CWQZE4R,Buy,Cairo,Apartment,44152.04678362575,46870.902,2718.855560124248,
BW0PG79032FYGTEH3EK8VAR15W,Buy,Cairo,Penthouse,27450.980392156853,31709.307,4258.326248468147,
N8FXEJS13K1BN767NC9FTGTXRG,Buy,Cairo,Apartment,31999.999999999993,33046.703,1046.7031250000073,
M1MJ7JP9MYA8E2XN8N156QW6C4,Buy,Cairo,Apartment,78124.99999999996,82017.58,3892.5781250000437,
RP09KSRYHDGA02VAQX3Z31P72C,Buy,Cairo,Apartment,22999.999999999996,24088.674,1088.6738281250036,
6Y21FQEAHVN9C4BAH52CYQBK0R,Buy,North Coast,Chalet,175531.91489361695,94085.7,-81446.21176861695,
2JK65HY32HQRVDPT009YX9PVQC,Buy,Cairo,Apartment,29729.729729729737,28885.83,-843.8996516047373,
3D16ZAVH1VARJXH3PR1TQRGYBC,Buy,Red Sea,Apartment,80437.50000000004,67987.08,-12450.421875000044,Buy
WHZ0GBM7JY3Q1HFMHNT4APFPGG,Buy,Cairo,Apartment,100000.00000000004,98266.07,-1733.9296875000437,
9Y2D0W1V9ZG2694S00P2KFH5N0,Buy,Red Sea,Apartment,55000.00000000004,57679.54,2679.5390624999636,
AFVDR4X5YS4F82D60ZA6TC11FW,Buy,Cairo,Townhouse,43221.47651006716,48301.16,5079.6836461828425,
8B42016MFCRAJ2B784931KZZDW,Buy,Cairo,Villa,72037.91469194312,79531.9,7493.983745556878,
ATRK2EFM23NPW8A998C22Y0A3W,Buy,Giza,Apartment,85393.25842696635,76156.99,-9236.26623946635,Buy
SZWD57QKE41THDSZYM860HRH4W,Buy,Giza,Apartment,52173.913043478286,35167.562,-17006.350543478286,
D57MRX43YTE5E0GEE745E0Q628,Buy,Matrouh,Apartment,42326.086956521736,60510.668,18184.581012228264,Buy
GJFBK1HTJEHK7KCH3FQYCXA89R,Buy,Cairo,Twin House,44534.412955465574,55787.137,11252.723763284426,
BDGVAV818FG8TZ6VY1YGAVC0M0,Buy,Giza,Apartment,249999.9999999998,264253.97,14253.968750000204,
HAESVSBP2PPWJ9M6QFT8TRAR50,Buy,Giza,Apartment,56910.56910569101,68399.07,11488.501206808993,
XRP9BMGFW8Q5R024TJ142RX7DW,Buy,Cairo,Apartment,57878.78787878783,52681.664,-5197.123816287829,
VE169G8996D48Z0KWG1HVG5R7W,Buy,Cairo,Villa,150000.00000000006,118338.914,-31661.08593750006,
7WBCCKM501BM1WPH2ZBNCM2788,Buy,Giza,Townhouse,100000.00000000004,109130.35,9130.351562499956,
BA32PXGKZBJF53X1456PTY7ZHM,Buy,Cairo,Villa,133333.33333333328,127613.85,-5719.481770833285,
C6ZT7WBBJD2TSKW7FCZRPN4GW8,Buy,Giza,Apartment,50000.000000000015,67864.32,17864.320312499985,
ZX0X4XKM93AXKNN3AEP3SDVBHR,Buy,Cairo,Apartment,61937.50000000004,66631.58,4694.078124999964,
940JJZY6MFK4GJFQ4E3CM23WX4,Buy,Qalyubia,Apartment,16899.999999999985,26678.186,9778.185546875015,
WGAQEEZYCXXJKQW98Y135GXQJC,Buy,North Coast,Chalet,31460.67415730336,68335.43,36874.755530196635,
JQSKJSMHM7G3WB5CG09XG7HR6G,Buy,Cairo,Apartment,52499.99999999997,51993.01,-506.9882812499709,
CC63R4EMEPVES6RJX30EZMC7NM,Buy,Cairo,Apartment,52222.22222222221,36786.582,-15435.640190972212,Rent
4KR2B4GXSD7N5NTY9NT2H9103C,Buy,Cairo,Apartment,70652.17391304349,58809.277,-11842.896569293487,
6FDYJ1JCAFWEEHNRXF5R9NA4RW,Buy,Cairo,Apartment,55128.205128205096,79466.77,24338.568309294904,
KY8J0BHGWJ67R3M412ZGC2THMG,Buy,Cairo,Apartment,65517.241379310304,68879.02,3361.782058189696,
F8DNG2NPACH45VEAMSPHP1QGDM,Buy,Giza,Villa,90909.09090909096,70791.76,-20117.333096590955,
TZT5P2DN8EFRB9M0J9WG6SKW7G,Buy,North Coast,Chalet,92307.69230769225,86485.57,-5822.121995192254,
B77WE4VZZJTKPWQ43M307EPCXC,Buy,Cairo,Apartment,63999.99999999997,56904.77,-7095.230468749971,Buy
C6JDHG9PV9HB6B5KRS55C0QEH0,Buy,Cairo,Penthouse,52921.848101265794,35790.715,-17131.133257515794,
19WBNZ99K1YRQPCXJAZ71S582M,Buy,Giza,Townhouse,46428.571428571406,58736.016,12307.444196428594,
Z0K3XSZTCPS386Z65GQYVQYZ8G,Buy,Cairo,iVilla,51569.50672645739,59079.613,7510.106554792612,
NQDMREDJVHW0K8FJQSJ3HZNY40,Buy,Cairo,Apartment,92500.00000000007,76993.75,-15506.250000000073,
RJR60GP1KGJP5D2NGFG4F0E3HW,Buy,Cairo,Townhouse,37777.77777777781,45714.39,7936.61284722219,Buy
PKC5HN2JFYPXTBAT0VD5PXG3SG,Buy,Giza,Apartment,109999.99999999991,113242.51,3242.5078125000873,
SEXYV319NZZ7C05FKERH9WQ7S4,Buy,Giza,Apartment,58000.00000000003,40579.387,-17420.61328125003,
S125GGRJZCW5JF0NZZ9G17KXRC,Buy,Giza,Apartment,56250.00000000003,90794.47,34544.46874999997,Buy
C0QPK1K1SFCB6B6HKJ4JZ36YNR,Buy,North Coast,Townhouse,82666.66666666674,68317.97,-14348.697916666744,
JNF1H2N6PMKHXXC9SXR9C9R91W,Buy,Cairo,Apartment,54644.80874316935,52827.668,-1817.1407744193493,
YS79K4S6VE98NMMC2B85YJBC20,Buy,North Coast,Chalet,81666.66666666673,47196.555,-34470.11197916673,Buy
GEHGCN2381ZSZ816NVNJNYMP24,Buy,Giza,Apartment,67999.99999999999,67258.98,-741.0234374999854,
92J48T323NT5NF2VMW86YM7JCW,Buy,Giza,Apartment,31578.947368421042,40350.23,8771.283100328958,
05TRWPV3RKRRHNZE553WM7R1FW,Buy,Cairo,Apartment,90000.00000000001,79018.17,-10981.828125000015,
SBDMN8VGXHRX5ASSV7RZ9E0P7G,Buy,Cairo,Apartment,65624.99999999997,69202.445,3577.445312500029,
RR55H4ZC7P5TZ1XG5ZF1Q6TT5C,Buy,Cairo,Apartment,80693.64161849713,62985.42,-17708.21974349713,
KXM2JYYZ5K0RPVAQ1T6CPZRWXR,Buy,Cairo,Apartment,96999.99999999999,94158.234,-2841.7656249999854,
HTY5FD56JT2G71XR7KMT6H36HW,Buy,Cairo,Apartment,111111.1111111111,110817.63,-293.47829861109494,Rent
NZTVANYYEMPB9NYWFKS3TCYAZM,Buy,Giza,Apartment,35294.117647058796,46148.797,10854.679227941204,Rent
2SWM4WG8E0S8JNXHSTXGNMCHV4,Buy,Giza,Penthouse,67241.37931034484,54250.055,-12991.32462284484,
B5M379DE4KRV6R7GY44BJM81G0,Buy,Cairo,Apartment,135294.11764705894,105690.65,-29603.46920955894,
CCQ6V2C21RY4N7MAWQPAYE7H3M,Buy,Alexandria,Apartment,44444.44444444448,37505.07,-6939.374131944482,
Q41NREHXFFYDJFB3CA980SXW9M,Buy,Giza,Villa,150000.00000000006,193257.4,43257.40624999994,Buy
PAXWNTD1HVED6S5WART8JH7MNC,Buy,Cairo,Apartment,84210.52631578941,66436.9,-17773.627878289408,
T1KWVAS8PECBKWQQC4BWZ5K228,Buy,Giza,Villa,252000.0000000001,85095.445,-166904.5546875001,Buy
CTK1A53R7KK62YV45S2HH7GPMW,Buy,Cairo,Duplex,37500.00000000001,38918.293,1418.2929687499927,Buy
4X34ZQ8P2VCQ8K6HYSB465FJYR,Buy,Giza,Villa,100000.00000000004,66552.445,-33447.554687500044,
FX8Q6AZYRTP9F7T4CGR5KZN3T8,Buy,Cairo,Apartment,58888.888888888934,56155.508,-2733.381076388934,
7BCJD24B0X63578HBJRREG5YPW,Buy,Cairo,Apartment,25714.285714285696,29170.756,3456.4701450893044,
N7JZADJ7GSZYEV93D99W01Q840,Buy,Cairo,Apartment,52173.913043478286,55520.85,3346.9385190217145,
R59GVR78HPCTY538TCP5TY7K8R,Buy,North Coast,Penthouse,62393.16239316235,66318.21,3925.048544337653,
WK81501Q38FPTCYRGVMVGWWWEW,Buy,Giza,Villa,80952.380952381,71592.57,-9359.810639881005,
01KBB7ZE14NC0N94JYWP35BA7S,Buy,Cairo,Townhouse,68181.8181818182,60800.305,-7381.513494318206,
44Z9CF85NM2PQSNSB7D42S4Z3W,Buy,Giza,Apartment,42105.263157894704,40953.32,-1151.942845394704,
YDZJ52CJ6RZDQVRANAEXY52XAR,Buy,Cairo,Apartment,34068.62745098036,38398.785,4330.1577052696375,
83HQY0MN1D02372YKKENMB7ZMM,Buy,Suez,Chalet,31904.76190476191,43423.855,11519.093563988092,Buy
JEQWQKKR9CPWAYC98M7R8ZQX9G,Buy,Cairo,Townhouse,56158.56485355646,55157.01,-1001.5531348064615,Buy
C1Y3A8MB5GFFZWX020S8WKG6G8,Buy,Cairo,Duplex,21999.999999999993,31190.96,9190.960937500007,
YHD9M0E9Y5W00472VE66JQWF7G,Buy,Suez,Chalet,44499.99999999997,52715.234,8215.23437500003,
RGHP98M88ZQV75G40WNA9YE81C,Buy,Giza,Apartment,36666.66666666665,65801.414,29134.74739583335,
8SR3NGW00QEF0QRD0W5M0JXJR4,Buy,Cairo,Apartment,50000.000000000015,38494.008,-11505.992187500015,
G03TD70F8S6T8BHDNYZ913H25C,Buy,Cairo,Apartment,79212.50000000003,77287.8,-1924.703125000029,
KYDQ8D96QCXCZEKN0DWK2VJ2CM,Buy,North Coast,Apartment,87999.99999999996,96136.58,8136.578125000044,
RA2D0G5DTX1C8Z3JDWCZ44EYR8,Buy,Giza,Apartment,22250.000000000004,80238.36,57988.359375,Buy
QCSA4TNDEBBV7BNY8ANST3TB50,Buy,Cairo,Villa,76470.58823529408,48685.94,-27784.646829044083,
DBS4M6WYT72PD94J69XWY8YKJ4,Buy,Cairo,Apartment,39606.491666666654,44610.23,5003.738802083346,
MQBJ2MCMZEJSS0FB9FX7B020H4,Buy,Giza,iVilla,32777.777777777796,28787.373,-3990.4047309027956,
S0KJVB5K47VG5FS6SG6Z3Z3RD4,Buy,Cairo,Apartment,36842.10526315787,38384.652,1542.5470805921286,
NVHZGMT1H6WDDJWZX46EDMWKQM,Buy,Giza,Villa,74993.60999999999,67561.77,-7431.836562499986,
QNDJ0MPP207A71SFY2MZB1EQZR,Buy,Cairo,Apartment,33805.3097345133,40349.31,6543.998859236701,
6Z1DFVSF8RYTPSJMM1AQWDD9CR,Buy,Giza,Apartment,41176.47058823528,51033.426,9856.95519301472,
FXB3FYFDFZ27QP8C4W8X5DSYRR,Buy,Cairo,Townhouse,96206.89655172412,77726.35,-18480.544989224116,
ZYC3Z1V5BR28C0TWP070CJ4W4G,Buy,Red Sea,Apartment,46999.99999999999,48046.086,1046.0859375000073,Buy
JM9SGKX705P4KBP46FRYA616TR,Buy,Cairo,Apartment,42941.17647058823,39511.355,-3429.8210018382306,
AH9NHXB4K1BRGYJVCSKDMQ56WM,Buy,Cairo,Apartment,42857.14285714283,48605.914,5748.771205357167,Buy
01K9A15148W489MF9SZZXWVE2G,Buy,Giza,Apartment,66666.66666666672,84767.65,18100.981770833285,
CX2HMHSR9JZ0ZC9HFC53GVEB54,Buy,Cairo,Apartment,81730.7692307692,77557.6,-4173.167668269205,
J80KGBYC3RKVJQHTX7THDCHK2C,Buy,Cairo,Apartment,38059.701492537344,37776.816,-282.88508628734417,
SD98Q86ZBDWMJ55NFK7ZP0XMD8,Buy,Giza,Apartment,23021.58273381295,29399.217,6377.634063062051,
2MDQCBAFSD6QV84N6CHHKDS4VW,Buy,Cairo,Apartment,41935.48387096778,40536.527,-1398.9565272177788,
AD7F551QNZVTDE291FXH35W8QC,Buy,North Coast,Chalet,65972.22222222216,81777.484,15805.26215277784,
DFQH9S2932PW7DFQJFQH648BFR,Buy,Cairo,iVilla,40425.53191489358,39424.22,-1001.3131648935814,
06VAVZKMTQNBK0YZN1SXCBASVR,Buy,Cairo,Townhouse,62030.07518796997,59219.227,-2810.8486254699674,
4WHEB5H9A0HQZ288VPV85DBQ6G,Buy,Giza,Penthouse,60000.000000000015,56661.94,-3338.0585937500146,
MPQ9YW3QKDYSR7ND45780Z5JYM,Buy,Giza,Apartment,68684.2480620155,83278.92,14594.673812984503,
8AK38E05P61182SD9FHNFP02CW,Buy,Cairo,Apartment,32499.99999999997,33404.133,904.1328125000291,
ZZAY3W9Q98W2NT3TF5T489NHDG,Buy,Cairo,Townhouse,17415.999999999993,50982.69,33566.69140625001,
RPZMXEYXVN8ZC0R6EGB2TB35R8,Buy,North Coast,Chalet,170000.00000000012,165884.4,-4115.593750000116,Buy
VMV19WQY8EJH9KSHCXCVFPTYFC,Buy,Giza,Apartment,69383.16766467066,67282.01,-2101.159852170662,Rent
TY3QVQ5D574WG7P26CPS799Z90,Buy,Giza,Apartment,47513.15789473684,70780.95,23267.79523026316,Buy
HVVK6HT9DY8CQEDV1KVMDERJHM,Buy,Giza,Apartment,74066.6666666667,62385.688,-11680.9791666667,
WGYFTWP2AFJ235HSM332MTYQMR,Buy,Cairo,Apartment,39150.943396226416,52356.65,13205.705041273584,
D4J1WCCNNMG8KKXG6WK4T7RJAG,Buy,Red Sea,Chalet,120000.00000000004,124979.89,4979.890624999956,
3HX7A9DSXGNWKCCSNTEHXB7GT8,Buy,Giza,Apartment,28235.294117647034,27839.662,-395.632008272034,Buy
HSHF2XQGQA49FR073D67WC7104,Buy,Suez,Chalet,70000.00000000001,59660.42,-10339.578125000015,
J4F6G43D4FT197Z3STZKFGCQ1G,Buy,Cairo,Apartment,30909.090909090897,46627.07,15717.979403409103,
4KZQWBMCMQX030PJ73K3TQR4VW,Buy,Red Sea,Apartment,53549.99999999997,54554.71,1004.7109375000291,
8M4WXMJW6M2YG3R1H2KZ5G1YQ4,Buy,North Coast,Villa,90909.09090909096,79321.77,-11587.317471590955,
556T33XHGGC273SG43V6AWSKB8,Buy,Cairo,Apartment,32851.85185185183,42277.25,9425.398148148168,
GRJDKFMKMZQKF8M88M7ZJQS6YG,Buy,Red Sea,Apartment,84159.99999999997,56957.055,-27202.94531249997,Buy
SYYNWAMSBRBJ9JA4TTQCDB5VB8,Buy,Giza,iVilla,54585.152838427915,37131.125,-17454.027838427915,
QZ91CMNT94NCJ7PW1MKSC7MZVG,Buy,Cairo,Apartment,43750.00000000002,43499.0,-251.00000000002183,
9YF8S717X29XKJ1HJQBFAAXVXM,Buy,Cairo,Duplex,62745.098039215736,62140.625,-604.4730392157362,
322NZFSFB4TG6D0S67NS3ZQMW8,Buy,Giza,Apartment,35000.00000000001,39923.242,4923.242187499993,
6RY3YC0P0JZQG2TR2NYS4JJVPM,Buy,Giza,Apartment,40404.04040404043,45819.54,5415.498658459568,
FJQCPQXF6RAC0V0PJHT8D638P8,Buy,Cairo,Apartment,143548.38709677427,111087.984,-32460.40272177427,Buy
AZB5XE8X03FRPG3EXZCA53X0R8,Buy,Cairo,Apartment,69444.4444444444,77830.64,8386.196180555606,
WM74Y7ZWXVDDGSX19GDV8PTCQ4,Buy,Giza,Townhouse,81818.1818181818,72010.0,-9808.181818181794,
K7FYF616B55NDW0MH5DH0V9ZZM,Buy,Cairo,Villa,82608.69565217398,57188.055,-25420.640964673978,Buy
DR0K7E3KPGN99WA0EY5BXF02M0,Buy,North Coast,Chalet,150000.00000000006,146421.95,-3578.046875000058,
SCFABA05WQQPK17Y153ZW2DX4G,Buy,North Coast,Chalet,67584.37500000006,85781.11,18196.73437499994,
0P83T1BJJR05PJZCSZG1862A34,Buy,Giza,Villa,115833.33333333333,147172.34,31339.01041666667,
PKS0AJ0K6RNPJZCWAEJF7XGYAW,Buy,Cairo,Penthouse,75609.75609756095,66864.11,-8745.646722560952,
FFRTGNV7GXX6R4QAPRH3XTBW58,Buy,Red Sea,Chalet,88235.2941176471,98143.195,9907.901194852893,
KMJJVRZY0K00JCJQ65PPJ2G96M,Buy,Red Sea,Apartment,98148.1481481482,101154.77,3006.625289351796,
RR6JTQDESD6RX9MTBFPAXE692R,Buy,Cairo,Apartment,65340.909090909074,61944.777,-3396.1317471590737,
R37P1QAW36SNVWZNKVH3J22TFC,Buy,Cairo,Apartment,27499.99999999998,25707.482,-1792.5175781249818,
GWZ9ACNNDNECS80EDNB4SBTRZC,Buy,Giza,Apartment,58035.71428571429,49769.793,-8265.92131696429,
WA8GYHDKTSE0XVGVPHGA9GRBJM,Buy,Cairo,Apartment,56000.000000000044,51691.96,-4308.039062500044,
NW97JW499N3WF2G6YBAHHB9CHG,Buy,Cairo,Apartment,61111.11111111115,62658.18,1547.0685763888469,Rent
EEF7M6SKTGWSZ6ZC9Y9RYDR924,Buy,Giza,Apartment,35714.28571428572,34329.336,-1384.9497767857174,
MP5JKY5CDG2E35EQ372WV8STTM,Buy,Cairo,Apartment,63164.04907975466,59786.297,-3377.752204754659,Buy
2C6WEK1NRS63075VR18S7VV1XG,Buy,North Coast,Chalet,79090.90909090903,81520.37,2429.45809659097,
9H26MRHGJEJCKSA4XYKZYD19AC,Buy,Cairo,Apartment,58333.33333333329,62666.785,4333.451822916708,
2E2SB11CDAZ75NM5SZHG1FDH7W,Buy,Giza,Apartment,23021.58273381295,24833.531,1811.9485161870507,
YSTKJRXEMXQ6HZGP2DM40A1Q90,Buy,Cairo,Apartment,73529.41176470592,74748.305,1218.8929227940826,
3997S9P1FVPJY3TNR03QP19VP0,Buy,Cairo,Townhouse,50246.305418719196,74893.086,24646.780518780804,
J0X6JF7AKF89WF8MBKBWAXJGFG,Buy,Cairo,Apartment,48802.455696202574,59871.715,11069.259147547426,
V1RT0YR717MXNB7TBHQJ9RNCV4,Buy,Giza,Apartment,124999.9499999999,110852.3,-14147.653124999895,
3NMMWBPF5BRG76PYXW4MGNQD28,Buy,Red Sea,Apartment,88561.2023809524,68072.39,-20488.811755952396,
S10ENH6SA44M554RPF361W9VQ0,Buy,Giza,Apartment,23021.58273381295,31386.682,8365.09890681205,
0P7WV85HSB3JE0RR27XB43J1KM,Buy,Cairo,Villa,90909.09090909096,107125.04,16215.948153409045,
MQXFD06ZDHYX12B48V5P6Q8FTW,Buy,Cairo,Apartment,77586.20689655175,78908.91,1322.6993534482463,
2K00WCXPEBZK9K9XMGW8QQ9AAC,Buy,Red Sea,Chalet,81052.63157894732,115230.49,34177.860608552684,
WK8A056H8ZDZT4XT458YHAWX98,Buy,North Coast,Chalet,76923.07692307697,76747.94,-175.1394230769656,
KTEJH0NMJMCTW8YPCVXFZ4N9MC,Buy,Giza,Villa,336316.4666666668,220289.19,-116027.27916666679,
1WM83VN8ZVNDW2SPABYBCKQRM0,Buy,Cairo,Penthouse,71400.00000000003,55355.473,-16044.52734375003,
TA2YHCPVSMY6R0PD1KQ2RGM1HR,Buy,Giza,Apartment,275000.0000000002,283449.12,8449.124999999825,
W6KW20RJYYTCAAYJAZ723S8VYW,Buy,North Coast,Chalet,121167.88321167893,135777.47,14609.585538321073,Buy
HT1QYFJR0SHCQ6PTSE0WYY22G8,Buy,Cairo,Apartment,63694.26751592355,53799.793,-9894.474547173551,
KAB2CS9C2EWFDYCCX2ANHHFCRM,Buy,Giza,Penthouse,85344.82758620685,76550.57,-8794.257273706855,
D7WACHREG4HV0550ERGQBP0YF0,Buy,Cairo,Apartment,68571.42857142861,60733.72,-7837.709821428609,
WERSV17KV1A3WZCJ3G4SN0DM5G,Buy,Giza,Villa,67796.61016949153,59942.902,-7853.707825741527,
7QB6SKBP07XRCN8E3X7J79V6T8,Buy,Cairo,Penthouse,76923.07692307697,70114.484,-6808.592548076966,
N21ZP14199KN6HAM8JN1PBA9D4,Buy,Giza,Apartment,36637.93103448275,43082.96,6445.029903017246,
F4BQH0Y981CHHVTESFJ4VN27D0,Buy,Cairo,Townhouse,54964.53900709215,61794.727,6830.187555407851,
QGMMRWNHRDY20EKH3108QN3D8G,Buy,Red Sea,Apartment,38000.000000000015,52458.758,14458.757812499985,Buy
0PNZKAWK273HHQK3PDS44BWYDM,Buy,Cairo,Apartment,62804.878048780476,59782.31,-3022.569455030476,
R5YDFJ02EWSMEANHXW97HJ8BK4,Buy,Giza,Penthouse,22045.45454545455,22062.488,17.033735795448592,
538BAHY8KETA87NX39NTC68368,Buy,Cairo,Apartment,29393.93939393941,28039.107,-1354.8319720644104,
2EGHPRHGTEBADKS2WMKMGT9WN4,Buy,Cairo,Apartment,69444.4444444444,76693.21,7248.766493055606,
86V35Z3XR47M9JTSATW5GN7JB0,Buy,Cairo,Apartment,62499.999999999956,69360.95,6860.953125000044,
14FA5VH69KKAQYDBG7EF8WN91M,Buy,Cairo,Apartment,96428.5714285714,57221.99,-39206.583147321406,
YBPRQ7G9Q5CWTWWJ063NFN6G8M,Buy,Red Sea,Apartment,37271.31914893617,51112.87,13841.55194481383,
01K5ST0Z99DA171Q58EVHGBER8,Buy,Cairo,Apartment,24606.060606060586,33310.984,8704.923768939414,
PHDDAVDDQQXD64RHFMW46WF4TR,Buy,Cairo,Apartment,51131.221719457026,56551.434,5420.211874292974,
S5E0BPESHF00ZFNT029TJPTTN0,Buy,Suez,Chalet,36842.10526315787,39171.953,2329.8478618421286,
2BD8DPHWWCYPHTS1XQA0SGHR44,Buy,Cairo,Apartment,48275.862068965514,53375.105,5099.2433997844855,
7C748TVCH1GMZVBF5RCT8R9334,Buy,Cairo,Apartment,49618.32061068706,51571.816,1953.4957955629434,
M0A7HQA2NAYRR1JZVQFWVX97BC,Buy,Cairo,Apartment,55000.00000000004,63018.586,8018.585937499964,
CJMBGT0Z0D5CQF7HS2PJC99GTM,Buy,Cairo,Apartment,69049.99999999999,87315.57,18265.570312500015,
4VWR2QWBB5MAGX7DJZEGMTS4DG,Buy,Giza,Villa,32142.857142857127,43804.36,11661.502232142873,
